page_name,Link,Record Count
ABOUT YOU,https://www.facebook.com/ads/library/?id=2450213835454661,1898
ABOUT YOU,https://www.facebook.com/ads/library/?id=1004543545776594,1898
ABOUT YOU,https://www.facebook.com/ads/library/?id=992962043528167,1846
ABOUT YOU,https://www.facebook.com/ads/library/?id=1774128800090502,1846
ABOUT YOU,https://www.facebook.com/ads/library/?id=2118052545778392,1846
ABOUT YOU,https://www.facebook.com/ads/library/?id=1324395329821442,1794
ABOUT YOU,https://www.facebook.com/ads/library/?id=1298505765641485,1742
ABOUT YOU,https://www.facebook.com/ads/library/?id=1961597727976447,1742
ABOUT YOU,https://www.facebook.com/ads/library/?id=986922407581245,1742
ABOUT YOU,https://www.facebook.com/ads/library/?id=1713534272998653,1742
ABOUT YOU,https://www.facebook.com/ads/library/?id=1022157343542634,1742
ABOUT YOU,https://www.facebook.com/ads/library/?id=976701975138950,1716
ABOUT YOU,https://www.facebook.com/ads/library/?id=1676897040262994,1638
ABOUT YOU,https://www.facebook.com/ads/library/?id=1002410242789670,1136
ABOUT YOU,https://www.facebook.com/ads/library/?id=1318508093662909,1104
ABOUT YOU,https://www.facebook.com/ads/library/?id=2085126998793030,975
ABOUT YOU,https://www.facebook.com/ads/library/?id=1146631831874563,930
ABOUT YOU,https://www.facebook.com/ads/library/?id=3431793706990686,828
ABOUT YOU,https://www.facebook.com/ads/library/?id=1312269868628097,744
ABOUT YOU,https://www.facebook.com/ads/library/?id=2210736060324595,744
ABOUT YOU,https://www.facebook.com/ads/library/?id=1387827726748508,600
BSTN Store,https://www.facebook.com/ads/library/?id=2047784059465264,598
BSTN Store,https://www.facebook.com/ads/library/?id=2240365296713278,572
Zalando,https://www.facebook.com/ads/library/?id=2143029949836161,572
Lounge by Zalando,https://www.facebook.com/ads/library/?id=2061111357984712,546
Zalando,https://www.facebook.com/ads/library/?id=2458385274582016,546
Lounge by Zalando,https://www.facebook.com/ads/library/?id=3695916840550452,546
Lounge by Zalando,https://www.facebook.com/ads/library/?id=1672568177505312,546
ABOUT YOU,https://www.facebook.com/ads/library/?id=1183471230531536,546
ABOUT YOU,https://www.facebook.com/ads/library/?id=794325349864019,546
ABOUT YOU,https://www.facebook.com/ads/library/?id=892531253416306,546
Zalando,https://www.facebook.com/ads/library/?id=2220370535458743,546
JD Sports,https://www.facebook.com/ads/library/?id=842990085279612,546
Zalando,https://www.facebook.com/ads/library/?id=2023026304921128,546
ABOUT YOU,https://www.facebook.com/ads/library/?id=1295227315788990,546
Lounge by Zalando,https://www.facebook.com/ads/library/?id=1262875255902024,546
Zalando,https://www.facebook.com/ads/library/?id=4428381837445879,546
Lounge by Zalando,https://www.facebook.com/ads/library/?id=1945348393073610,546
Zalando,https://www.facebook.com/ads/library/?id=1578734513251914,546
Modivo,https://www.facebook.com/ads/library/?id=2010147712950463,546
Zalando,https://www.facebook.com/ads/library/?id=924499140528608,546
Zalando,https://www.facebook.com/ads/library/?id=1416915886691669,546
Lounge by Zalando,https://www.facebook.com/ads/library/?id=1805165240894324,546
ABOUT YOU,https://www.facebook.com/ads/library/?id=892486916941791,546
Zalando,https://www.facebook.com/ads/library/?id=944892521875661,546
Lounge by Zalando,https://www.facebook.com/ads/library/?id=1877378236303231,546
Zalando,https://www.facebook.com/ads/library/?id=1926361678275134,546
Lounge by Zalando,https://www.facebook.com/ads/library/?id=1607827020278358,546
ABOUT YOU,https://www.facebook.com/ads/library/?id=873839058843573,546
Zalando,https://www.facebook.com/ads/library/?id=863536796752679,546
ABOUT YOU,https://www.facebook.com/ads/library/?id=2127080751412953,546
Zalando,https://www.facebook.com/ads/library/?id=1583996089409996,546
Lounge by Zalando,https://www.facebook.com/ads/library/?id=26198855649757176,546
Lounge by Zalando,https://www.facebook.com/ads/library/?id=903673749231176,546
Zalando,https://www.facebook.com/ads/library/?id=1605740010418850,546
Lounge by Zalando,https://www.facebook.com/ads/library/?id=1278333960810287,546
Zalando,https://www.facebook.com/ads/library/?id=646190095187036,546
Zalando,https://www.facebook.com/ads/library/?id=2859797764407417,546
Zalando,https://www.facebook.com/ads/library/?id=1318297176901807,546
Zalando,https://www.facebook.com/ads/library/?id=1341205861024580,546
Lounge by Zalando,https://www.facebook.com/ads/library/?id=26507109845644790,546
Zalando,https://www.facebook.com/ads/library/?id=716455664558119,546
Zalando,https://www.facebook.com/ads/library/?id=26779678975030730,546
Lounge by Zalando,https://www.facebook.com/ads/library/?id=1316483216973394,546
Zalando,https://www.facebook.com/ads/library/?id=1426567281987860,546
Lounge by Zalando,https://www.facebook.com/ads/library/?id=1700800854092180,546
Lounge by Zalando,https://www.facebook.com/ads/library/?id=1242106351328608,546
JD Sports Lithuania,https://www.facebook.com/ads/library/?id=1299812815396617,546
Zalando,https://www.facebook.com/ads/library/?id=25603138756003428,546
Lounge by Zalando,https://www.facebook.com/ads/library/?id=825975030160782,546
Zalando,https://www.facebook.com/ads/library/?id=744156775045340,546
Zalando,https://www.facebook.com/ads/library/?id=1389536695611298,546
Zalando,https://www.facebook.com/ads/library/?id=2063519431154806,546
ABOUT YOU,https://www.facebook.com/ads/library/?id=1637514364247928,546
Zalando,https://www.facebook.com/ads/library/?id=846849554825356,546
Zalando,https://www.facebook.com/ads/library/?id=2247890029304923,546
Modivo,https://www.facebook.com/ads/library/?id=1585272282559749,546
Zalando,https://www.facebook.com/ads/library/?id=1811205762755172,546
ABOUT YOU,https://www.facebook.com/ads/library/?id=26603128732659404,546
Zalando,https://www.facebook.com/ads/library/?id=805202972673585,546
Lounge by Zalando,https://www.facebook.com/ads/library/?id=3109184925940447,546
Modivo,https://www.facebook.com/ads/library/?id=1978546076202907,546
Zalando,https://www.facebook.com/ads/library/?id=26815342668135468,546
Zalando,https://www.facebook.com/ads/library/?id=26250790824571148,546
Zalando,https://www.facebook.com/ads/library/?id=842358858643225,546
ABOUT YOU,https://www.facebook.com/ads/library/?id=2983002488565165,546
Lounge by Zalando,https://www.facebook.com/ads/library/?id=749695821563748,546
Zalando,https://www.facebook.com/ads/library/?id=1602742294271242,546
Zalando,https://www.facebook.com/ads/library/?id=25573934942296196,546
Lounge by Zalando,https://www.facebook.com/ads/library/?id=1436962714892513,546
ABOUT YOU,https://www.facebook.com/ads/library/?id=785787281198961,546
Zalando,https://www.facebook.com/ads/library/?id=899006149853539,546
Zalando,https://www.facebook.com/ads/library/?id=1395248975360782,546
Zalando,https://www.facebook.com/ads/library/?id=1009092628123373,546
Lounge by Zalando,https://www.facebook.com/ads/library/?id=1767223961102026,546
ABOUT YOU,https://www.facebook.com/ads/library/?id=1228861705996915,546
Lounge by Zalando,https://www.facebook.com/ads/library/?id=1597551254719118,546
Zalando,https://www.facebook.com/ads/library/?id=1391227895722250,546
JD Sports Lithuania,https://www.facebook.com/ads/library/?id=757147627231793,546
Zalando,https://www.facebook.com/ads/library/?id=727512330357357,546
SNYKS,https://www.facebook.com/ads/library/?id=784878634350571,520
SNYKS,https://www.facebook.com/ads/library/?id=1951239308810203,520
Lounge by Zalando,https://www.facebook.com/ads/library/?id=1344399757564114,520
Lounge by Zalando,https://www.facebook.com/ads/library/?id=1470929924203452,520
ABOUT YOU,https://www.facebook.com/ads/library/?id=1167899798627046,520
ABOUT YOU,https://www.facebook.com/ads/library/?id=942059995426137,520
ABOUT YOU,https://www.facebook.com/ads/library/?id=1469417354583043,520
Zalando,https://www.facebook.com/ads/library/?id=1325569022719113,520
Boozt.com,https://www.facebook.com/ads/library/?id=1273783264180674,520
Zalando,https://www.facebook.com/ads/library/?id=909367821467126,520
Zalando,https://www.facebook.com/ads/library/?id=1457382195796457,520
Modivo,https://www.facebook.com/ads/library/?id=1420889123173480,520
Zalando,https://www.facebook.com/ads/library/?id=1446650993616987,520
Zalando,https://www.facebook.com/ads/library/?id=1260930742541593,520
Weekend.lv,https://www.facebook.com/ads/library/?id=1680107942622136,520
Ballzy Lietuva,https://www.facebook.com/ads/library/?id=781474781351592,520
Zalando,https://www.facebook.com/ads/library/?id=878406401790503,520
Ballzy Latvija,https://www.facebook.com/ads/library/?id=26197119743277984,520
Modivo,https://www.facebook.com/ads/library/?id=975379301544045,520
Zalando,https://www.facebook.com/ads/library/?id=1528945265049493,520
Zalando,https://www.facebook.com/ads/library/?id=26261358566847052,520
Modivo,https://www.facebook.com/ads/library/?id=1362297349065926,520
Ballzy Lietuva,https://www.facebook.com/ads/library/?id=953025477226081,520
Zalando,https://www.facebook.com/ads/library/?id=1874727759903050,520
Zalando,https://www.facebook.com/ads/library/?id=2735456540132951,520
Zalando,https://www.facebook.com/ads/library/?id=1665912954370498,520
Zalando,https://www.facebook.com/ads/library/?id=2325484794541971,520
Modivo,https://www.facebook.com/ads/library/?id=3081258135598295,520
Zalando,https://www.facebook.com/ads/library/?id=2087254508794525,520
Modivo,https://www.facebook.com/ads/library/?id=1369216565017028,520
JD Sports,https://www.facebook.com/ads/library/?id=851274227855069,520
ABOUT YOU,https://www.facebook.com/ads/library/?id=1538846400922700,520
Lounge by Zalando,https://www.facebook.com/ads/library/?id=3829082437388070,520
ABOUT YOU,https://www.facebook.com/ads/library/?id=1983029592304246,520
Zalando,https://www.facebook.com/ads/library/?id=1643330946850441,520
JD Sports Lithuania,https://www.facebook.com/ads/library/?id=1718169469521593,520
Modivo,https://www.facebook.com/ads/library/?id=1708138540545670,520
JD Sports Lithuania,https://www.facebook.com/ads/library/?id=1414403969839938,520
Lounge by Zalando,https://www.facebook.com/ads/library/?id=2207457723393533,520
Zalando,https://www.facebook.com/ads/library/?id=1210049694402569,520
Modivo,https://www.facebook.com/ads/library/?id=950911827860516,520
Zalando,https://www.facebook.com/ads/library/?id=1520161525721427,520
Zalando,https://www.facebook.com/ads/library/?id=26271843879172600,520
Boozt.com,https://www.facebook.com/ads/library/?id=1342276324330059,520
ABOUT YOU,https://www.facebook.com/ads/library/?id=1468036821502767,520
Lounge by Zalando,https://www.facebook.com/ads/library/?id=663945610102249,520
Zalando,https://www.facebook.com/ads/library/?id=864867343241677,520
Lounge by Zalando,https://www.facebook.com/ads/library/?id=1250843326962814,520
Zalando,https://www.facebook.com/ads/library/?id=786289910666673,520
Zalando,https://www.facebook.com/ads/library/?id=2100115364103168,520
JD Sports Lithuania,https://www.facebook.com/ads/library/?id=1216438687237554,520
ABOUT YOU,https://www.facebook.com/ads/library/?id=1625808088702256,520
Zalando,https://www.facebook.com/ads/library/?id=1968110554062182,520
Zalando,https://www.facebook.com/ads/library/?id=25557025943928144,520
ABOUT YOU,https://www.facebook.com/ads/library/?id=1265428315719516,520
Zalando,https://www.facebook.com/ads/library/?id=875794795503172,520
ABOUT YOU,https://www.facebook.com/ads/library/?id=946419411632447,520
ABOUT YOU,https://www.facebook.com/ads/library/?id=1425654162689178,520
Modivo,https://www.facebook.com/ads/library/?id=1536876004760414,520
ABOUT YOU,https://www.facebook.com/ads/library/?id=1254842626111712,520
Zalando,https://www.facebook.com/ads/library/?id=1554759622269500,520
ABOUT YOU,https://www.facebook.com/ads/library/?id=1284647263817267,520
Zalando,https://www.facebook.com/ads/library/?id=1252097690066226,520
Modivo,https://www.facebook.com/ads/library/?id=1844418129535629,520
Zalando,https://www.facebook.com/ads/library/?id=1439066857231242,520
Modivo,https://www.facebook.com/ads/library/?id=954714860883925,520
ABOUT YOU,https://www.facebook.com/ads/library/?id=936136765976301,520
Ballzy Lietuva,https://www.facebook.com/ads/library/?id=1624230318725491,520
Modivo,https://www.facebook.com/ads/library/?id=2135209417213339,520
ABOUT YOU,https://www.facebook.com/ads/library/?id=1256001780004073,520
Modivo,https://www.facebook.com/ads/library/?id=968036615592967,520
Modivo,https://www.facebook.com/ads/library/?id=1563417722336494,520
Zalando,https://www.facebook.com/ads/library/?id=1225041469611585,520
Boozt.com,https://www.facebook.com/ads/library/?id=2398060847326412,520
ABOUT YOU,https://www.facebook.com/ads/library/?id=1658185165629970,520
Modivo,https://www.facebook.com/ads/library/?id=1303279481723576,520
ABOUT YOU,https://www.facebook.com/ads/library/?id=1448884186769436,520
ABOUT YOU,https://www.facebook.com/ads/library/?id=1404113184217538,520
Modivo,https://www.facebook.com/ads/library/?id=1097204022605333,520
ABOUT YOU,https://www.facebook.com/ads/library/?id=2115338922560774,520
Lounge by Zalando,https://www.facebook.com/ads/library/?id=1895475771099003,520
Zalando,https://www.facebook.com/ads/library/?id=2003031470273901,520
ABOUT YOU,https://www.facebook.com/ads/library/?id=928220956588975,494
Boozt.com,https://www.facebook.com/ads/library/?id=965433636062922,494
Zalando,https://www.facebook.com/ads/library/?id=1361378198555621,494
ABOUT YOU,https://www.facebook.com/ads/library/?id=1361900768959156,494
SNYKS,https://www.facebook.com/ads/library/?id=2076199449808704,494
Modivo,https://www.facebook.com/ads/library/?id=827292403754980,494
ABOUT YOU,https://www.facebook.com/ads/library/?id=1613434543128508,494
Zalando,https://www.facebook.com/ads/library/?id=897232319653171,494
Modivo,https://www.facebook.com/ads/library/?id=35410353111885020,494
ABOUT YOU,https://www.facebook.com/ads/library/?id=1198036722156039,494
Ballzy Lietuva,https://www.facebook.com/ads/library/?id=1603357784290005,494
Lounge by Zalando,https://www.facebook.com/ads/library/?id=1481833486643637,494
Lounge by Zalando,https://www.facebook.com/ads/library/?id=905735998613019,494
Modivo,https://www.facebook.com/ads/library/?id=2443724229396077,494
Lounge by Zalando,https://www.facebook.com/ads/library/?id=889671240809055,494
Lounge by Zalando,https://www.facebook.com/ads/library/?id=807421988858558,494
Boozt.com,https://www.facebook.com/ads/library/?id=4574748146082028,494
Modivo,https://www.facebook.com/ads/library/?id=994678342991292,494
Modivo,https://www.facebook.com/ads/library/?id=1715267786555395,494
Zalando,https://www.facebook.com/ads/library/?id=1956959232367163,494
Zalando,https://www.facebook.com/ads/library/?id=25480038435001930,494
Modivo,https://www.facebook.com/ads/library/?id=1308155954652235,494
ABOUT YOU,https://www.facebook.com/ads/library/?id=1616809629443136,494
Zalando,https://www.facebook.com/ads/library/?id=1275505391093598,494
ABOUT YOU,https://www.facebook.com/ads/library/?id=1866519534007946,494
Boozt.com,https://www.facebook.com/ads/library/?id=946361275012583,494
Zalando,https://www.facebook.com/ads/library/?id=932590922732970,494
ABOUT YOU,https://www.facebook.com/ads/library/?id=1537789163965201,494
Zalando,https://www.facebook.com/ads/library/?id=1487233069638351,494
Zalando,https://www.facebook.com/ads/library/?id=26373106528958456,494
Lounge by Zalando,https://www.facebook.com/ads/library/?id=1291982649154484,494
Lounge by Zalando,https://www.facebook.com/ads/library/?id=1333436238447810,494
Zalando,https://www.facebook.com/ads/library/?id=1227577909269314,494
Modivo,https://www.facebook.com/ads/library/?id=941165774936250,494
Zalando,https://www.facebook.com/ads/library/?id=1400846728028547,494
Lounge by Zalando,https://www.facebook.com/ads/library/?id=1293565846289244,494
Modivo,https://www.facebook.com/ads/library/?id=1526296429122550,494
Zalando,https://www.facebook.com/ads/library/?id=741785175274927,494
Ballzy Lietuva,https://www.facebook.com/ads/library/?id=958079110052634,494
ABOUT YOU,https://www.facebook.com/ads/library/?id=1519376286282136,494
Ballzy Lietuva,https://www.facebook.com/ads/library/?id=754272050950791,494
Zalando,https://www.facebook.com/ads/library/?id=2340263986478404,494
Boozt.com,https://www.facebook.com/ads/library/?id=1008429241937096,494
Zalando,https://www.facebook.com/ads/library/?id=1384379849820639,494
Zalando,https://www.facebook.com/ads/library/?id=1698207498286046,494
JD Sports Lithuania,https://www.facebook.com/ads/library/?id=2094914787762581,494
Modivo,https://www.facebook.com/ads/library/?id=891627817269838,494
Modivo,https://www.facebook.com/ads/library/?id=2607796792949421,494
Zalando,https://www.facebook.com/ads/library/?id=1404289474441656,494
Zalando,https://www.facebook.com/ads/library/?id=910214098508620,494
Modivo,https://www.facebook.com/ads/library/?id=1695816021408070,494
Zalando,https://www.facebook.com/ads/library/?id=2787368148271275,494
Lounge by Zalando,https://www.facebook.com/ads/library/?id=1225459392374516,494
Modivo,https://www.facebook.com/ads/library/?id=918084950981119,494
Modivo,https://www.facebook.com/ads/library/?id=983752417675614,494
Modivo,https://www.facebook.com/ads/library/?id=913390701326611,494
Ballzy Suomi,https://www.facebook.com/ads/library/?id=1479569156989909,494
Lounge by Zalando,https://www.facebook.com/ads/library/?id=2075805146609583,494
Boozt.com,https://www.facebook.com/ads/library/?id=747501188232314,494
Zalando,https://www.facebook.com/ads/library/?id=1360601305314009,494
Zalando,https://www.facebook.com/ads/library/?id=1663489831749716,494
Zalando,https://www.facebook.com/ads/library/?id=918676964122307,494
Lounge by Zalando,https://www.facebook.com/ads/library/?id=1276127067568891,494
Lounge by Zalando,https://www.facebook.com/ads/library/?id=972575188893376,494
Zalando,https://www.facebook.com/ads/library/?id=711568972034458,494
Lounge by Zalando,https://www.facebook.com/ads/library/?id=1994236917866312,494
Ballzy Lietuva,https://www.facebook.com/ads/library/?id=932385102846028,494
Modivo,https://www.facebook.com/ads/library/?id=1729394028041840,494
JD Sports Lithuania,https://www.facebook.com/ads/library/?id=989982680551237,494
ABOUT YOU,https://www.facebook.com/ads/library/?id=26522806853972516,494
Zalando,https://www.facebook.com/ads/library/?id=1428372268922820,494
Zalando,https://www.facebook.com/ads/library/?id=1400849934828550,494
Modivo,https://www.facebook.com/ads/library/?id=970514352259494,494
Modivo,https://www.facebook.com/ads/library/?id=919126957415805,494
Lounge by Zalando,https://www.facebook.com/ads/library/?id=1647245940056126,494
Sportland Eesti,https://www.facebook.com/ads/library/?id=2211765582905075,494
Zalando,https://www.facebook.com/ads/library/?id=891841590395367,494
Modivo,https://www.facebook.com/ads/library/?id=25869646342655480,494
Modivo,https://www.facebook.com/ads/library/?id=1340537464666134,494
Lounge by Zalando,https://www.facebook.com/ads/library/?id=2375199829595381,494
Zalando,https://www.facebook.com/ads/library/?id=2225969581224381,494
Zalando,https://www.facebook.com/ads/library/?id=914656724579541,494
Zalando,https://www.facebook.com/ads/library/?id=1193523396252450,494
Lounge by Zalando,https://www.facebook.com/ads/library/?id=1297550122227683,494
Zalando,https://www.facebook.com/ads/library/?id=840990175231326,494
Zalando,https://www.facebook.com/ads/library/?id=1902307134497440,494
Zalando,https://www.facebook.com/ads/library/?id=1959931274957310,494
Boozt.com,https://www.facebook.com/ads/library/?id=1518835403161655,494
Zalando,https://www.facebook.com/ads/library/?id=3377025372444422,494
Zalando,https://www.facebook.com/ads/library/?id=1915597415712038,494
Boozt.com,https://www.facebook.com/ads/library/?id=964135796579421,494
ABOUT YOU,https://www.facebook.com/ads/library/?id=2404855963302743,494
Zalando,https://www.facebook.com/ads/library/?id=1859128584787472,494
Zalando,https://www.facebook.com/ads/library/?id=1474817254051499,494
Zalando,https://www.facebook.com/ads/library/?id=1962959944588693,494
Modivo,https://www.facebook.com/ads/library/?id=1046152505082145,494
Modivo,https://www.facebook.com/ads/library/?id=3378701235638884,494
Ballzy Latvija,https://www.facebook.com/ads/library/?id=898543482677824,483
Modivo,https://www.facebook.com/ads/library/?id=26458467990457736,468
Zalando,https://www.facebook.com/ads/library/?id=1926074748349353,468
Zalando,https://www.facebook.com/ads/library/?id=2871890643154593,468
Ballzy Lietuva,https://www.facebook.com/ads/library/?id=1277783457818973,468
ABOUT YOU,https://www.facebook.com/ads/library/?id=895676503231619,468
Zalando,https://www.facebook.com/ads/library/?id=1257280809591072,468
Zalando,https://www.facebook.com/ads/library/?id=1275386184539316,468
Zalando,https://www.facebook.com/ads/library/?id=1706024480375218,468
Zalando,https://www.facebook.com/ads/library/?id=1188669136770574,468
Zalando,https://www.facebook.com/ads/library/?id=1422455522587012,468
Lounge by Zalando,https://www.facebook.com/ads/library/?id=2096077270975748,468
Modivo,https://www.facebook.com/ads/library/?id=1729577691744399,468
Zalando,https://www.facebook.com/ads/library/?id=1735120964133305,468
Zalando,https://www.facebook.com/ads/library/?id=933578412420775,468
Zalando,https://www.facebook.com/ads/library/?id=1065335719182428,468
Modivo,https://www.facebook.com/ads/library/?id=3987006898257644,468
Zalando,https://www.facebook.com/ads/library/?id=1488522519366497,468
Modivo,https://www.facebook.com/ads/library/?id=3192766327590855,468
Zalando,https://www.facebook.com/ads/library/?id=1275638311110444,468
Modivo,https://www.facebook.com/ads/library/?id=1496599105355839,468
Zalando,https://www.facebook.com/ads/library/?id=1045473298059528,468
Zalando,https://www.facebook.com/ads/library/?id=2106953710146896,468
Zalando,https://www.facebook.com/ads/library/?id=926525846462913,468
Zalando,https://www.facebook.com/ads/library/?id=2100799944093170,468
Modivo,https://www.facebook.com/ads/library/?id=2089429002005155,468
ABOUT YOU,https://www.facebook.com/ads/library/?id=26787891347467530,468
Zalando,https://www.facebook.com/ads/library/?id=2974709669529583,468
Zalando,https://www.facebook.com/ads/library/?id=2195581151016455,468
Zalando,https://www.facebook.com/ads/library/?id=2097787351155511,468
Modivo,https://www.facebook.com/ads/library/?id=1630535638096270,468
Zalando,https://www.facebook.com/ads/library/?id=919120747865348,468
Zalando,https://www.facebook.com/ads/library/?id=1445394523826118,468
Zalando,https://www.facebook.com/ads/library/?id=1773647676942450,468
Zalando,https://www.facebook.com/ads/library/?id=26418575614412544,468
Zalando,https://www.facebook.com/ads/library/?id=1189345563388475,468
Zalando,https://www.facebook.com/ads/library/?id=1438039347436079,468
Zalando,https://www.facebook.com/ads/library/?id=1436184341557052,468
Zalando,https://www.facebook.com/ads/library/?id=4121731418137562,468
Boozt.com,https://www.facebook.com/ads/library/?id=927005019718741,468
Zalando,https://www.facebook.com/ads/library/?id=1254734329453407,468
Zalando,https://www.facebook.com/ads/library/?id=1594528074914821,468
Zalando,https://www.facebook.com/ads/library/?id=758359426834255,468
Modivo,https://www.facebook.com/ads/library/?id=1346487007319371,468
ABOUT YOU,https://www.facebook.com/ads/library/?id=1579552236590590,468
Lounge by Zalando,https://www.facebook.com/ads/library/?id=1316440000445926,468
Zalando,https://www.facebook.com/ads/library/?id=1391211172051476,468
Zalando,https://www.facebook.com/ads/library/?id=1537365467528938,468
Zalando,https://www.facebook.com/ads/library/?id=1583810693302993,468
Boozt.com,https://www.facebook.com/ads/library/?id=965473743130983,468
Zalando,https://www.facebook.com/ads/library/?id=1696695901657853,468
Lounge by Zalando,https://www.facebook.com/ads/library/?id=1300508782228212,468
Boozt.com,https://www.facebook.com/ads/library/?id=958102573322223,468
Zalando,https://www.facebook.com/ads/library/?id=1662609448263271,468
Boozt.com,https://www.facebook.com/ads/library/?id=1990107211587132,468
Zalando,https://www.facebook.com/ads/library/?id=884845341362603,468
Zalando,https://www.facebook.com/ads/library/?id=2412126582617806,468
Boozt.com,https://www.facebook.com/ads/library/?id=1907479866584163,468
Zalando,https://www.facebook.com/ads/library/?id=25694108940199144,468
JD Sports Lithuania,https://www.facebook.com/ads/library/?id=1018929224419555,468
Zalando,https://www.facebook.com/ads/library/?id=902452312674891,468
Modivo,https://www.facebook.com/ads/library/?id=2385258441973903,468
Zalando,https://www.facebook.com/ads/library/?id=759806936598318,468
Zalando,https://www.facebook.com/ads/library/?id=4393579287628551,468
Lounge by Zalando,https://www.facebook.com/ads/library/?id=2079611872962289,468
Zalando,https://www.facebook.com/ads/library/?id=2318900465273117,468
Modivo,https://www.facebook.com/ads/library/?id=839476075324483,468
Zalando,https://www.facebook.com/ads/library/?id=890550350107003,468
Zalando,https://www.facebook.com/ads/library/?id=1396050114842667,468
Lounge by Zalando,https://www.facebook.com/ads/library/?id=1344336570842316,468
Zalando,https://www.facebook.com/ads/library/?id=3326480167529227,468
Zalando,https://www.facebook.com/ads/library/?id=1738498077111824,468
Zalando,https://www.facebook.com/ads/library/?id=1583275912943569,468
Boozt.com,https://www.facebook.com/ads/library/?id=2002499306963280,468
Zalando,https://www.facebook.com/ads/library/?id=923094270898275,468
Zalando,https://www.facebook.com/ads/library/?id=2123167838266822,468
Zalando,https://www.facebook.com/ads/library/?id=2246956072494376,468
Zalando,https://www.facebook.com/ads/library/?id=1734906241972288,468
Zalando,https://www.facebook.com/ads/library/?id=953085763717559,468
Zalando,https://www.facebook.com/ads/library/?id=2080729539411437,468
Ballzy Lietuva,https://www.facebook.com/ads/library/?id=987519000312372,468
JD Sports,https://www.facebook.com/ads/library/?id=2539390909865097,468
Zalando,https://www.facebook.com/ads/library/?id=1575437487000891,468
Zalando,https://www.facebook.com/ads/library/?id=2548980035612398,468
Modivo,https://www.facebook.com/ads/library/?id=26722694944029916,468
Lounge by Zalando,https://www.facebook.com/ads/library/?id=967215149262453,468
Zalando,https://www.facebook.com/ads/library/?id=1623934595705981,468
Zalando,https://www.facebook.com/ads/library/?id=1223860815831951,468
ABOUT YOU,https://www.facebook.com/ads/library/?id=904464885735225,468
Modivo,https://www.facebook.com/ads/library/?id=3836354386672791,468
Zalando,https://www.facebook.com/ads/library/?id=26123520550621940,468
Zalando,https://www.facebook.com/ads/library/?id=1280263454244974,468
Zalando,https://www.facebook.com/ads/library/?id=946983051342173,468
ABOUT YOU,https://www.facebook.com/ads/library/?id=927175646370168,468
Zalando,https://www.facebook.com/ads/library/?id=834302389618510,468
Zalando,https://www.facebook.com/ads/library/?id=745728081519137,468
Zalando,https://www.facebook.com/ads/library/?id=1561892095069762,468
Zalando,https://www.facebook.com/ads/library/?id=969985395157593,468
Zalando,https://www.facebook.com/ads/library/?id=982025227204310,468
Boozt.com,https://www.facebook.com/ads/library/?id=26158357313816016,468
Zalando,https://www.facebook.com/ads/library/?id=1947278099157094,468
Zalando,https://www.facebook.com/ads/library/?id=1932080610815160,468
Zalando,https://www.facebook.com/ads/library/?id=1213995550687062,468
ABOUT YOU,https://www.facebook.com/ads/library/?id=916896244065116,468
Zalando,https://www.facebook.com/ads/library/?id=1750185059309590,468
Zalando,https://www.facebook.com/ads/library/?id=1682620953117116,468
Zalando,https://www.facebook.com/ads/library/?id=905156155408062,468
Zalando,https://www.facebook.com/ads/library/?id=28003609725911710,468
Zalando,https://www.facebook.com/ads/library/?id=1202123665341726,468
Zalando,https://www.facebook.com/ads/library/?id=1706779300508147,468
Zalando,https://www.facebook.com/ads/library/?id=1751517869305354,468
Zalando,https://www.facebook.com/ads/library/?id=1175234288012182,468
Zalando,https://www.facebook.com/ads/library/?id=1214384816886980,468
Zalando,https://www.facebook.com/ads/library/?id=1018031321114350,468
Zalando,https://www.facebook.com/ads/library/?id=1076936204403135,468
Zalando,https://www.facebook.com/ads/library/?id=1700305814682475,468
ABOUT YOU,https://www.facebook.com/ads/library/?id=4301199780131456,468
Zalando,https://www.facebook.com/ads/library/?id=1790352754986263,468
JD Sports Lithuania,https://www.facebook.com/ads/library/?id=2249336395838384,468
Zalando,https://www.facebook.com/ads/library/?id=1491594959276435,468
Ballzy Basketball,https://www.facebook.com/ads/library/?id=2224129378328335,468
Zalando,https://www.facebook.com/ads/library/?id=1446392230512751,468
Zalando,https://www.facebook.com/ads/library/?id=2743700285963792,468
Zalando,https://www.facebook.com/ads/library/?id=2173591226895336,468
Zalando,https://www.facebook.com/ads/library/?id=1395596941962125,468
Modivo,https://www.facebook.com/ads/library/?id=820054651149526,468
Zalando,https://www.facebook.com/ads/library/?id=1604525600583513,468
Zalando,https://www.facebook.com/ads/library/?id=926543313313053,468
Zalando,https://www.facebook.com/ads/library/?id=901391199480948,468
Lounge by Zalando,https://www.facebook.com/ads/library/?id=838247418674380,468
Modivo,https://www.facebook.com/ads/library/?id=2163534704477464,468
Lounge by Zalando,https://www.facebook.com/ads/library/?id=2114379359109117,468
Zalando,https://www.facebook.com/ads/library/?id=1325334066068864,468
Zalando,https://www.facebook.com/ads/library/?id=1303552581564467,468
Modivo,https://www.facebook.com/ads/library/?id=1492774032568288,468
SNYKS,https://www.facebook.com/ads/library/?id=1383057470167886,468
Zalando,https://www.facebook.com/ads/library/?id=1713686366450646,468
Zalando,https://www.facebook.com/ads/library/?id=1301806895212305,468
Zalando,https://www.facebook.com/ads/library/?id=25513559321673100,468
Modivo,https://www.facebook.com/ads/library/?id=2486843735062668,468
Zalando,https://www.facebook.com/ads/library/?id=1226851669296959,468
Zalando,https://www.facebook.com/ads/library/?id=1972624510232950,468
Ballzy Lietuva,https://www.facebook.com/ads/library/?id=1466861278223230,468
Zalando,https://www.facebook.com/ads/library/?id=1436786458150724,468
Zalando,https://www.facebook.com/ads/library/?id=1213988244216854,468
Zalando,https://www.facebook.com/ads/library/?id=851441151102110,468
Zalando,https://www.facebook.com/ads/library/?id=4271927826451676,468
Boozt.com,https://www.facebook.com/ads/library/?id=868667969223563,468
Zalando,https://www.facebook.com/ads/library/?id=1866084397310789,468
Modivo,https://www.facebook.com/ads/library/?id=1665818544443355,468
Zalando,https://www.facebook.com/ads/library/?id=1483621140132758,468
Zalando,https://www.facebook.com/ads/library/?id=2324465674711773,468
Zalando,https://www.facebook.com/ads/library/?id=1715347433157320,468
Weekend.lv,https://www.facebook.com/ads/library/?id=1759315601455987,468
ABOUT YOU,https://www.facebook.com/ads/library/?id=1940870993195909,468
Modivo,https://www.facebook.com/ads/library/?id=1610411553414720,468
Boozt.com,https://www.facebook.com/ads/library/?id=1756253659151453,468
Zalando,https://www.facebook.com/ads/library/?id=746310331422111,468
Zalando,https://www.facebook.com/ads/library/?id=1593173084933706,468
Modivo,https://www.facebook.com/ads/library/?id=1583214366865330,468
Zalando,https://www.facebook.com/ads/library/?id=2324799238260082,468
Zalando,https://www.facebook.com/ads/library/?id=3006677539537425,468
Zalando,https://www.facebook.com/ads/library/?id=1356200166725597,468
Zalando,https://www.facebook.com/ads/library/?id=26609986735357656,468
Zalando,https://www.facebook.com/ads/library/?id=1922850941746225,468
Modivo,https://www.facebook.com/ads/library/?id=888404550925415,468
Lounge by Zalando,https://www.facebook.com/ads/library/?id=3219796421525196,468
Zalando,https://www.facebook.com/ads/library/?id=27206235292296520,468
Zalando,https://www.facebook.com/ads/library/?id=1403645561026742,468
Modivo,https://www.facebook.com/ads/library/?id=1999523100645089,468
Zalando,https://www.facebook.com/ads/library/?id=1258776431778157,468
Zalando,https://www.facebook.com/ads/library/?id=1222340495924314,468
BSTN Store,https://www.facebook.com/ads/library/?id=824781730637373,468
ABOUT YOU,https://www.facebook.com/ads/library/?id=844367873690507,468
Zalando,https://www.facebook.com/ads/library/?id=910149004879665,468
Lounge by Zalando,https://www.facebook.com/ads/library/?id=1495370642374585,468
Zalando,https://www.facebook.com/ads/library/?id=1644649236569732,468
Modivo,https://www.facebook.com/ads/library/?id=1853687128673022,468
Zalando,https://www.facebook.com/ads/library/?id=2058516298215907,468
Zalando,https://www.facebook.com/ads/library/?id=924328960252677,468
Zalando,https://www.facebook.com/ads/library/?id=904474178778049,468
Modivo,https://www.facebook.com/ads/library/?id=1710220317076016,468
Zalando,https://www.facebook.com/ads/library/?id=691410769956681,468
Boozt.com,https://www.facebook.com/ads/library/?id=1245860057165376,468
Zalando,https://www.facebook.com/ads/library/?id=2952567411799529,468
Zalando,https://www.facebook.com/ads/library/?id=879649141132765,468
Sportland Latvija,https://www.facebook.com/ads/library/?id=2458144264683234,468
Zalando,https://www.facebook.com/ads/library/?id=1242010387468325,468
Zalando,https://www.facebook.com/ads/library/?id=26654935514111176,468
Zalando,https://www.facebook.com/ads/library/?id=1550736416231615,468
Boozt.com,https://www.facebook.com/ads/library/?id=1951230589116596,468
Lounge by Zalando,https://www.facebook.com/ads/library/?id=927157176729341,468
Modivo,https://www.facebook.com/ads/library/?id=4246788608918847,468
Zalando,https://www.facebook.com/ads/library/?id=1534400357830273,468
ABOUT YOU,https://www.facebook.com/ads/library/?id=1459544682512262,468
Modivo,https://www.facebook.com/ads/library/?id=952676470780339,468
ABOUT YOU,https://www.facebook.com/ads/library/?id=4327694854174798,468
Modivo,https://www.facebook.com/ads/library/?id=1446120076992031,468
Modivo,https://www.facebook.com/ads/library/?id=1654768362312704,468
Zalando,https://www.facebook.com/ads/library/?id=1054044024457335,468
Lounge by Zalando,https://www.facebook.com/ads/library/?id=855491670926642,468
Zalando,https://www.facebook.com/ads/library/?id=1464872451760969,468
ABOUT YOU,https://www.facebook.com/ads/library/?id=26376703041981464,468
Lounge by Zalando,https://www.facebook.com/ads/library/?id=1390896149387309,468
Boozt.com,https://www.facebook.com/ads/library/?id=2045155803102405,468
Zalando,https://www.facebook.com/ads/library/?id=911813767905726,468
Zalando,https://www.facebook.com/ads/library/?id=1482474853585438,468
Zalando,https://www.facebook.com/ads/library/?id=918064824236184,468
Zalando,https://www.facebook.com/ads/library/?id=1878824673078996,468
Zalando,https://www.facebook.com/ads/library/?id=915350964392566,468
Modivo,https://www.facebook.com/ads/library/?id=1249240367315937,468
Zalando,https://www.facebook.com/ads/library/?id=915890931185731,468
ABOUT YOU,https://www.facebook.com/ads/library/?id=26822533230693160,468
Zalando,https://www.facebook.com/ads/library/?id=4409807939242494,468
Modivo,https://www.facebook.com/ads/library/?id=801985839134656,468
Lounge by Zalando,https://www.facebook.com/ads/library/?id=1933115214076924,468
Lounge by Zalando,https://www.facebook.com/ads/library/?id=1808557773169203,468
Zalando,https://www.facebook.com/ads/library/?id=1645270533498319,468
Zalando,https://www.facebook.com/ads/library/?id=1566394047933817,468
Zalando,https://www.facebook.com/ads/library/?id=894663673038954,468
Modivo,https://www.facebook.com/ads/library/?id=926062086722663,468
Lounge by Zalando,https://www.facebook.com/ads/library/?id=1591352728576429,468
Zalando,https://www.facebook.com/ads/library/?id=1548972659729942,468
Zalando,https://www.facebook.com/ads/library/?id=896869956036461,468
Zalando,https://www.facebook.com/ads/library/?id=910253645022304,468
Modivo,https://www.facebook.com/ads/library/?id=1500611701741771,468
Lounge by Zalando,https://www.facebook.com/ads/library/?id=550519994729787,468
Sportland Lietuva,https://www.facebook.com/ads/library/?id=1623793262044923,468
Zalando,https://www.facebook.com/ads/library/?id=2754210341597725,468
Zalando,https://www.facebook.com/ads/library/?id=1967221014209264,468
ABOUT YOU,https://www.facebook.com/ads/library/?id=1990096591912979,468
Zalando,https://www.facebook.com/ads/library/?id=2219614448570028,468
Zalando,https://www.facebook.com/ads/library/?id=860554460199774,468
Modivo,https://www.facebook.com/ads/library/?id=1243459564657593,468
Zalando,https://www.facebook.com/ads/library/?id=2491461298025899,468
Modivo,https://www.facebook.com/ads/library/?id=1729850938465038,468
Ballzy Suomi,https://www.facebook.com/ads/library/?id=2536305446791634,462
Ballzy Lietuva,https://www.facebook.com/ads/library/?id=2558251981294116,462
Ballzy Eesti,https://www.facebook.com/ads/library/?id=1596710192180319,462
Ballzy Eesti,https://www.facebook.com/ads/library/?id=1355276105928474,462
Ballzy Lietuva,https://www.facebook.com/ads/library/?id=27446404791653850,462
Boozt.com,https://www.facebook.com/ads/library/?id=4395201780747378,456
Modivo,https://www.facebook.com/ads/library/?id=26233765492949028,442
Zalando,https://www.facebook.com/ads/library/?id=721858717662988,442
Boozt.com,https://www.facebook.com/ads/library/?id=2111326703092789,442
Boozt.com,https://www.facebook.com/ads/library/?id=1004497485784402,442
Boozt.com,https://www.facebook.com/ads/library/?id=1315776673807810,442
Boozt.com,https://www.facebook.com/ads/library/?id=1589220015472582,442
Boozt.com,https://www.facebook.com/ads/library/?id=1564516431805141,442
ABOUT YOU,https://www.facebook.com/ads/library/?id=1237831231754451,442
Boozt.com,https://www.facebook.com/ads/library/?id=1666713804761816,442
Zalando,https://www.facebook.com/ads/library/?id=1183901856838476,442
Zalando,https://www.facebook.com/ads/library/?id=767786215768076,442
Zalando,https://www.facebook.com/ads/library/?id=27103690442553204,442
Boozt.com,https://www.facebook.com/ads/library/?id=1707145176846654,442
Boozt.com,https://www.facebook.com/ads/library/?id=2463615967435607,442
Boozt.com,https://www.facebook.com/ads/library/?id=1672562880475506,442
BSTN Store,https://www.facebook.com/ads/library/?id=1423881185886636,442
Zalando,https://www.facebook.com/ads/library/?id=1583881225889448,442
Zalando,https://www.facebook.com/ads/library/?id=793956739808279,442
BSTN Store,https://www.facebook.com/ads/library/?id=1477869673895132,442
Zalando,https://www.facebook.com/ads/library/?id=905016652373836,442
Zalando,https://www.facebook.com/ads/library/?id=1935360853681533,442
Zalando,https://www.facebook.com/ads/library/?id=921982100481264,442
Boozt.com,https://www.facebook.com/ads/library/?id=1393860169297438,442
Zalando,https://www.facebook.com/ads/library/?id=1664915491158397,442
Boozt.com,https://www.facebook.com/ads/library/?id=1463725692155884,442
Boozt.com,https://www.facebook.com/ads/library/?id=1342399067710106,442
SNYKS,https://www.facebook.com/ads/library/?id=1376785641158848,442
Boozt.com,https://www.facebook.com/ads/library/?id=1489907982456041,442
Zalando,https://www.facebook.com/ads/library/?id=936965558657874,442
Weekend.lt,https://www.facebook.com/ads/library/?id=26911974578400680,442
Boozt.com,https://www.facebook.com/ads/library/?id=1788683348973715,442
Zalando,https://www.facebook.com/ads/library/?id=1405547734650882,442
JD Sports Lithuania,https://www.facebook.com/ads/library/?id=1641285390131119,441
Ballzy Suomi,https://www.facebook.com/ads/library/?id=1004211119181282,440
Ballzy Latvija,https://www.facebook.com/ads/library/?id=1047662484488414,440
Boozt.com,https://www.facebook.com/ads/library/?id=1053962856989838,425
Boozt.com,https://www.facebook.com/ads/library/?id=1569567837916973,425
JD Sports Lithuania,https://www.facebook.com/ads/library/?id=2965073153678672,420
Boozt.com,https://www.facebook.com/ads/library/?id=1914360592561595,418
BSTN Store,https://www.facebook.com/ads/library/?id=1831056890938117,416
Zalando,https://www.facebook.com/ads/library/?id=1799564974169607,416
SNYKS,https://www.facebook.com/ads/library/?id=1244864297101290,416
Boozt.com,https://www.facebook.com/ads/library/?id=2053863298521813,416
Zalando,https://www.facebook.com/ads/library/?id=2221739398354523,416
Boozt.com,https://www.facebook.com/ads/library/?id=979350291136237,416
Boozt.com,https://www.facebook.com/ads/library/?id=946910574750459,416
Boozt.com,https://www.facebook.com/ads/library/?id=2219872588842136,416
Zalando,https://www.facebook.com/ads/library/?id=1647391726250788,416
BSTN Store,https://www.facebook.com/ads/library/?id=2152865248821524,416
Boozt.com,https://www.facebook.com/ads/library/?id=836635512836481,416
Ballzy Lietuva,https://www.facebook.com/ads/library/?id=2177036386367320,416
Boozt.com,https://www.facebook.com/ads/library/?id=1746807656727682,416
Zalando,https://www.facebook.com/ads/library/?id=1564377291490283,416
BSTN Store,https://www.facebook.com/ads/library/?id=2168999800511317,416
Boozt.com,https://www.facebook.com/ads/library/?id=1354096883221136,416
Boozt.com,https://www.facebook.com/ads/library/?id=2063690700887109,414
JD Sports Lithuania,https://www.facebook.com/ads/library/?id=1001809719002635,399
Boozt.com,https://www.facebook.com/ads/library/?id=2427176081091193,396
Boozt.com,https://www.facebook.com/ads/library/?id=1006478605354829,396
Lounge by Zalando,https://www.facebook.com/ads/library/?id=1377254274241386,396
Lounge by Zalando,https://www.facebook.com/ads/library/?id=960465996713809,396
Boozt.com,https://www.facebook.com/ads/library/?id=1761803948602032,391
SNYKS,https://www.facebook.com/ads/library/?id=1814498046379608,390
Boozt.com,https://www.facebook.com/ads/library/?id=1394173522752595,390
Boozt.com,https://www.facebook.com/ads/library/?id=1521402566632071,390
BSTN Store,https://www.facebook.com/ads/library/?id=2194879781252052,390
Weekend.lv,https://www.facebook.com/ads/library/?id=1736591480810336,390
Zalando,https://www.facebook.com/ads/library/?id=26482941587978160,390
SNYKS,https://www.facebook.com/ads/library/?id=1646438923025612,390
SNYKS,https://www.facebook.com/ads/library/?id=1028260783215714,390
Rademar,https://www.facebook.com/ads/library/?id=26603554442667784,390
Zalando,https://www.facebook.com/ads/library/?id=2347586282384192,390
Boozt.com,https://www.facebook.com/ads/library/?id=27110660251885080,390
SNYKS,https://www.facebook.com/ads/library/?id=2233122400425509,390
Weekend.lv,https://www.facebook.com/ads/library/?id=1296377098472888,390
ABOUT YOU,https://www.facebook.com/ads/library/?id=1301922781851433,380
Boozt.com,https://www.facebook.com/ads/library/?id=1279645437432055,380
Boozt.com,https://www.facebook.com/ads/library/?id=1508186170411576,380
ABOUT YOU,https://www.facebook.com/ads/library/?id=1287830456544913,380
ABOUT YOU,https://www.facebook.com/ads/library/?id=1488136523322578,380
Lounge by Zalando,https://www.facebook.com/ads/library/?id=1324927346175613,378
Boozt.com,https://www.facebook.com/ads/library/?id=1791339502180853,378
Sportland Lietuva,https://www.facebook.com/ads/library/?id=1020645754271656,378
Lounge by Zalando,https://www.facebook.com/ads/library/?id=1292507296398582,378
Boozt.com,https://www.facebook.com/ads/library/?id=2604592323334246,374
Boozt.com,https://www.facebook.com/ads/library/?id=1407094961478934,374
Boozt.com,https://www.facebook.com/ads/library/?id=775991798904074,374
Boozt.com,https://www.facebook.com/ads/library/?id=1712245273345641,374
Boozt.com,https://www.facebook.com/ads/library/?id=4580984578826043,374
Boozt.com,https://www.facebook.com/ads/library/?id=3122388117969205,374
Boozt.com,https://www.facebook.com/ads/library/?id=1402221111971634,374
Boozt.com,https://www.facebook.com/ads/library/?id=1728627541500879,368
Boozt.com,https://www.facebook.com/ads/library/?id=851711844610479,364
SNYKS,https://www.facebook.com/ads/library/?id=1592901599206977,364
SNYKS,https://www.facebook.com/ads/library/?id=845293501634209,364
SNYKS,https://www.facebook.com/ads/library/?id=2479774652494233,364
Zalando,https://www.facebook.com/ads/library/?id=1871802883457234,364
SNYKS,https://www.facebook.com/ads/library/?id=1558351802461339,364
SNYKS,https://www.facebook.com/ads/library/?id=1060130493352023,364
Boozt.com,https://www.facebook.com/ads/library/?id=1541220747744954,361
JD Sports Lithuania,https://www.facebook.com/ads/library/?id=1298539685663321,360
ABOUT YOU,https://www.facebook.com/ads/library/?id=1573763020529515,360
Boozt.com,https://www.facebook.com/ads/library/?id=2027629191187113,360
ABOUT YOU,https://www.facebook.com/ads/library/?id=2008345806747738,360
ABOUT YOU,https://www.facebook.com/ads/library/?id=1766037211022115,360
Boozt.com,https://www.facebook.com/ads/library/?id=3921542008147193,357
Boozt.com,https://www.facebook.com/ads/library/?id=1008491212078694,357
Boozt.com,https://www.facebook.com/ads/library/?id=1644244386660517,352
Boozt.com,https://www.facebook.com/ads/library/?id=1565045605212549,352
Boozt.com,https://www.facebook.com/ads/library/?id=1640483323704475,342
Boozt.com,https://www.facebook.com/ads/library/?id=1845581063516267,342
Boozt.com,https://www.facebook.com/ads/library/?id=2809210342811228,342
Boozt.com,https://www.facebook.com/ads/library/?id=1047779644459477,342
Boozt.com,https://www.facebook.com/ads/library/?id=2243072936448660,342
Boozt.com,https://www.facebook.com/ads/library/?id=1753218606129831,342
Boozt.com,https://www.facebook.com/ads/library/?id=1943589256359223,342
Ballzy Suomi,https://www.facebook.com/ads/library/?id=3236801083188796,342
Boozt.com,https://www.facebook.com/ads/library/?id=1062910649569592,342
Ballzy Lietuva,https://www.facebook.com/ads/library/?id=1510947767014720,342
Boozt.com,https://www.facebook.com/ads/library/?id=1762206535196427,342
Boozt.com,https://www.facebook.com/ads/library/?id=28196369179981012,342
Boozt.com,https://www.facebook.com/ads/library/?id=1020893370689086,342
Boozt.com,https://www.facebook.com/ads/library/?id=1829234751634402,342
Boozt.com,https://www.facebook.com/ads/library/?id=1758800061980337,342
Ballzy Eesti,https://www.facebook.com/ads/library/?id=1060338626367081,340
Boozt.com,https://www.facebook.com/ads/library/?id=1678250153685547,340
Boozt.com,https://www.facebook.com/ads/library/?id=1605720594505766,340
JD Sports Lithuania,https://www.facebook.com/ads/library/?id=3570656763085300,340
Ballzy Latvija,https://www.facebook.com/ads/library/?id=1613976540152631,340
Boozt.com,https://www.facebook.com/ads/library/?id=1058150230233567,340
SNYKS,https://www.facebook.com/ads/library/?id=1435078018384621,338
SNYKS,https://www.facebook.com/ads/library/?id=1353078186153847,338
SNYKS,https://www.facebook.com/ads/library/?id=4588337434783286,338
Boozt.com,https://www.facebook.com/ads/library/?id=1635142284255469,338
Boozt.com,https://www.facebook.com/ads/library/?id=1499982958458156,338
Boozt.com,https://www.facebook.com/ads/library/?id=1383164540367305,338
BSTN Store,https://www.facebook.com/ads/library/?id=1792282992138340,338
SNYKS,https://www.facebook.com/ads/library/?id=3048917332116948,338
SNYKS,https://www.facebook.com/ads/library/?id=2841802272853977,338
SNYKS,https://www.facebook.com/ads/library/?id=1607150297511091,338
Boozt.com,https://www.facebook.com/ads/library/?id=1029244596519478,338
Boozt.com,https://www.facebook.com/ads/library/?id=993993916779322,336
Boozt.com,https://www.facebook.com/ads/library/?id=1039642978414190,336
Boozt.com,https://www.facebook.com/ads/library/?id=1191124724088406,336
Boozt.com,https://www.facebook.com/ads/library/?id=2053130335319828,330
Boozt.com,https://www.facebook.com/ads/library/?id=1293220112636726,330
Boozt.com,https://www.facebook.com/ads/library/?id=2212859356175713,330
Boozt.com,https://www.facebook.com/ads/library/?id=2265805074171197,330
Boozt.com,https://www.facebook.com/ads/library/?id=1776882136844627,325
Modivo,https://www.facebook.com/ads/library/?id=1720638762589598,325
Boozt.com,https://www.facebook.com/ads/library/?id=2160795061134862,324
Ballzy Basketball,https://www.facebook.com/ads/library/?id=908200558965347,324
JD Sports Lithuania,https://www.facebook.com/ads/library/?id=1945351449455397,324
Boozt.com,https://www.facebook.com/ads/library/?id=2063334800939921,324
JD Sports Lithuania,https://www.facebook.com/ads/library/?id=1928876791159159,323
Boozt.com,https://www.facebook.com/ads/library/?id=3512147035609112,323
Boozt.com,https://www.facebook.com/ads/library/?id=2241166556461216,323
Boozt.com,https://www.facebook.com/ads/library/?id=1600746531552903,322
Boozt.com,https://www.facebook.com/ads/library/?id=1737350161024409,315
Boozt.com,https://www.facebook.com/ads/library/?id=3935895553211833,315
Boozt.com,https://www.facebook.com/ads/library/?id=2226835491188576,315
Boozt.com,https://www.facebook.com/ads/library/?id=1318864180408728,315
SNYKS,https://www.facebook.com/ads/library/?id=26159987680361216,312
SNYKS,https://www.facebook.com/ads/library/?id=1229025176956765,312
BSTN Store,https://www.facebook.com/ads/library/?id=1145874267665307,312
Boozt.com,https://www.facebook.com/ads/library/?id=26405091742515716,312
SNYKS,https://www.facebook.com/ads/library/?id=1617423002684474,312
BSTN Store,https://www.facebook.com/ads/library/?id=1414665373649995,312
BSTN Store,https://www.facebook.com/ads/library/?id=1550783177050543,312
Boozt.com,https://www.facebook.com/ads/library/?id=26239535415745904,312
SNYKS,https://www.facebook.com/ads/library/?id=1687094732522560,312
SNYKS,https://www.facebook.com/ads/library/?id=1488194422391612,312
BSTN Store,https://www.facebook.com/ads/library/?id=1313084540707011,312
BSTN Store,https://www.facebook.com/ads/library/?id=2306869880053000,310
Boozt.com,https://www.facebook.com/ads/library/?id=2514396389013627,308
Boozt.com,https://www.facebook.com/ads/library/?id=2438013990012117,308
BSTN Store,https://www.facebook.com/ads/library/?id=991156890291568,304
Boozt.com,https://www.facebook.com/ads/library/?id=1043185968202822,304
Boozt.com,https://www.facebook.com/ads/library/?id=1802751921079586,300
Boozt.com,https://www.facebook.com/ads/library/?id=2051703842093771,300
Boozt.com,https://www.facebook.com/ads/library/?id=2776946082704952,300
Boozt.com,https://www.facebook.com/ads/library/?id=1973292494059991,300
Boozt.com,https://www.facebook.com/ads/library/?id=1269992131741736,294
Boozt.com,https://www.facebook.com/ads/library/?id=1018818257731488,294
Boozt.com,https://www.facebook.com/ads/library/?id=1052079157506013,288
BSTN Store,https://www.facebook.com/ads/library/?id=2998178277179830,286
Boozt.com,https://www.facebook.com/ads/library/?id=1988209448530572,286
SNYKS,https://www.facebook.com/ads/library/?id=848605761269835,286
SNYKS,https://www.facebook.com/ads/library/?id=996043099979380,286
Boozt.com,https://www.facebook.com/ads/library/?id=1200953012174630,286
SNYKS,https://www.facebook.com/ads/library/?id=1529622135295260,286
Boozt.com,https://www.facebook.com/ads/library/?id=1051373631174785,286
JD Sports,https://www.facebook.com/ads/library/?id=4041056522693073,285
Boozt.com,https://www.facebook.com/ads/library/?id=1028771156208926,285
Boozt.com,https://www.facebook.com/ads/library/?id=4088119774827413,285
Boozt.com,https://www.facebook.com/ads/library/?id=918267043994771,280
Boozt.com,https://www.facebook.com/ads/library/?id=1340867157625623,280
Boozt.com,https://www.facebook.com/ads/library/?id=1756687679118321,280
Boozt.com,https://www.facebook.com/ads/library/?id=1513632293309051,273
BSTN Store,https://www.facebook.com/ads/library/?id=989842673593158,272
Boozt.com,https://www.facebook.com/ads/library/?id=1646056993149002,272
Sportland Lietuva,https://www.facebook.com/ads/library/?id=1673127667128967,270
Boozt.com,https://www.facebook.com/ads/library/?id=937236816054755,266
Sportland Latvija,https://www.facebook.com/ads/library/?id=2836267723394474,266
Boozt.com,https://www.facebook.com/ads/library/?id=1551294523064236,266
Boozt.com,https://www.facebook.com/ads/library/?id=1771286064008359,266
BSTN Store,https://www.facebook.com/ads/library/?id=4385421015057208,260
BSTN Store,https://www.facebook.com/ads/library/?id=2925838927623685,260
Ballzy Suomi,https://www.facebook.com/ads/library/?id=1377942187776204,260
JD Sports,https://www.facebook.com/ads/library/?id=1004485978805679,260
BSTN Store,https://www.facebook.com/ads/library/?id=945069871505922,260
Boozt.com,https://www.facebook.com/ads/library/?id=1366951972058105,260
Boozt.com,https://www.facebook.com/ads/library/?id=1042925984749609,252
Boozt.com,https://www.facebook.com/ads/library/?id=27828516886839036,252
Ballzy Lietuva,https://www.facebook.com/ads/library/?id=2280088432752783,252
Boozt.com,https://www.facebook.com/ads/library/?id=1009400228534147,252
Rademar,https://www.facebook.com/ads/library/?id=1789315275387145,247
Ballzy Eesti,https://www.facebook.com/ads/library/?id=861851223392437,247
Ballzy Latvija,https://www.facebook.com/ads/library/?id=1353156303606979,247
BSTN Store,https://www.facebook.com/ads/library/?id=1894989034531396,240
Boozt.com,https://www.facebook.com/ads/library/?id=1827485884894323,240
Boozt.com,https://www.facebook.com/ads/library/?id=1021135887167097,240
BSTN Store,https://www.facebook.com/ads/library/?id=1703649430830880,240
Boozt.com,https://www.facebook.com/ads/library/?id=1023122230565911,240
Boozt.com,https://www.facebook.com/ads/library/?id=1612984786855998,238
Boozt.com,https://www.facebook.com/ads/library/?id=2630340157360978,238
Boozt.com,https://www.facebook.com/ads/library/?id=3642015242640030,238
Ballzy Latvija,https://www.facebook.com/ads/library/?id=2923471251324807,238
Boozt.com,https://www.facebook.com/ads/library/?id=1758697745303707,234
Boozt.com,https://www.facebook.com/ads/library/?id=1039159379027726,234
Boozt.com,https://www.facebook.com/ads/library/?id=1551445726713377,234
Boozt.com,https://www.facebook.com/ads/library/?id=1844090570309232,234
Boozt.com,https://www.facebook.com/ads/library/?id=1026673346916157,234
Rademar,https://www.facebook.com/ads/library/?id=1709293776977975,234
Boozt.com,https://www.facebook.com/ads/library/?id=2125057551409491,234
Ballzy Eesti,https://www.facebook.com/ads/library/?id=1765161524481130,234
Ballzy Lietuva,https://www.facebook.com/ads/library/?id=1784831306023295,234
Boozt.com,https://www.facebook.com/ads/library/?id=1383430673653453,228
Boozt.com,https://www.facebook.com/ads/library/?id=1050995314544900,228
Boozt.com,https://www.facebook.com/ads/library/?id=1013108281649612,225
Rademar,https://www.facebook.com/ads/library/?id=1620544585910246,225
Boozt.com,https://www.facebook.com/ads/library/?id=1510774227746650,225
Boozt.com,https://www.facebook.com/ads/library/?id=2264253854390577,225
Boozt.com,https://www.facebook.com/ads/library/?id=1473074817987898,225
BSTN Store,https://www.facebook.com/ads/library/?id=27014470561542070,224
Boozt.com,https://www.facebook.com/ads/library/?id=1677105770246526,224
BSTN Store,https://www.facebook.com/ads/library/?id=1340240694719772,224
Boozt.com,https://www.facebook.com/ads/library/?id=3564998900323233,224
Boozt.com,https://www.facebook.com/ads/library/?id=1363826272597399,224
Boozt.com,https://www.facebook.com/ads/library/?id=1057666830120849,221
Boozt.com,https://www.facebook.com/ads/library/?id=991314590394751,221
Boozt.com,https://www.facebook.com/ads/library/?id=2085135042089005,221
Boozt.com,https://www.facebook.com/ads/library/?id=1471891358304411,221
Boozt.com,https://www.facebook.com/ads/library/?id=2490259671481953,210
Boozt.com,https://www.facebook.com/ads/library/?id=2568624223598527,210
Boozt.com,https://www.facebook.com/ads/library/?id=1323206973354193,210
Sportland Eesti,https://www.facebook.com/ads/library/?id=1812758390089445,209
Sportland Lietuva,https://www.facebook.com/ads/library/?id=1620442029698948,209
Sportland Latvija,https://www.facebook.com/ads/library/?id=1265143813343583,209
Sportland Latvija,https://www.facebook.com/ads/library/?id=4325435894339932,209
BSTN Store,https://www.facebook.com/ads/library/?id=1654615435759281,208
ABOUT YOU,https://www.facebook.com/ads/library/?id=926920640348835,208
Weekend.ee,https://www.facebook.com/ads/library/?id=1308962854018647,208
ABOUT YOU,https://www.facebook.com/ads/library/?id=26603008835962244,208
ABOUT YOU,https://www.facebook.com/ads/library/?id=34106294185651740,208
ABOUT YOU,https://www.facebook.com/ads/library/?id=1588058422488388,208
ABOUT YOU,https://www.facebook.com/ads/library/?id=1486798736143537,208
ABOUT YOU,https://www.facebook.com/ads/library/?id=1278602537557653,208
Weekend.lv,https://www.facebook.com/ads/library/?id=932796285983032,208
ABOUT YOU,https://www.facebook.com/ads/library/?id=2099937717590910,208
Rademar,https://www.facebook.com/ads/library/?id=2870140553361916,208
Weekend.ee,https://www.facebook.com/ads/library/?id=1386377680279311,208
Weekend.lv,https://www.facebook.com/ads/library/?id=884431331132342,208
Weekend.lv,https://www.facebook.com/ads/library/?id=1683087579480873,208
ABOUT YOU,https://www.facebook.com/ads/library/?id=2042020570031916,208
BSTN Store,https://www.facebook.com/ads/library/?id=4468047550134164,208
ABOUT YOU,https://www.facebook.com/ads/library/?id=1481540103428263,208
Boozt.com,https://www.facebook.com/ads/library/?id=3027989257389825,200
Sportland Eesti,https://www.facebook.com/ads/library/?id=4470888906463576,198
Sportland Eesti,https://www.facebook.com/ads/library/?id=4584381831881235,198
Boozt.com,https://www.facebook.com/ads/library/?id=1748319796371690,198
Boozt.com,https://www.facebook.com/ads/library/?id=2076661443285434,195
Boozt.com,https://www.facebook.com/ads/library/?id=1517130663500399,195
Modivo,https://www.facebook.com/ads/library/?id=2002351740422232,195
Sportland Eesti,https://www.facebook.com/ads/library/?id=1566230611616975,190
BSTN Store,https://www.facebook.com/ads/library/?id=3270827163105428,187
Boozt.com,https://www.facebook.com/ads/library/?id=2040029400728554,182
Boozt.com,https://www.facebook.com/ads/library/?id=1441456840635854,182
ABOUT YOU,https://www.facebook.com/ads/library/?id=1831555460876350,182
ABOUT YOU,https://www.facebook.com/ads/library/?id=755058660979474,182
Weekend.lv,https://www.facebook.com/ads/library/?id=2524978957939070,182
ABOUT YOU,https://www.facebook.com/ads/library/?id=3823456851123851,182
ABOUT YOU,https://www.facebook.com/ads/library/?id=1740540280686286,182
Boozt.com,https://www.facebook.com/ads/library/?id=1333727928910116,182
Boozt.com,https://www.facebook.com/ads/library/?id=1721649502188403,182
ABOUT YOU,https://www.facebook.com/ads/library/?id=26153145724380110,182
ABOUT YOU,https://www.facebook.com/ads/library/?id=1523510529190244,182
Boozt.com,https://www.facebook.com/ads/library/?id=4409737935933474,182
ABOUT YOU,https://www.facebook.com/ads/library/?id=877161465341263,182
Boozt.com,https://www.facebook.com/ads/library/?id=4362592100630728,182
ABOUT YOU,https://www.facebook.com/ads/library/?id=27159468840304588,182
Modivo,https://www.facebook.com/ads/library/?id=2436261313536034,182
ABOUT YOU,https://www.facebook.com/ads/library/?id=26031573383187564,182
ABOUT YOU,https://www.facebook.com/ads/library/?id=1489248826027747,182
Boozt.com,https://www.facebook.com/ads/library/?id=1750913166067366,182
Modivo,https://www.facebook.com/ads/library/?id=4473106789632755,182
ABOUT YOU,https://www.facebook.com/ads/library/?id=1651438109312424,182
ABOUT YOU,https://www.facebook.com/ads/library/?id=2326858984465751,182
Boozt.com,https://www.facebook.com/ads/library/?id=1817919929178032,182
Weekend.ee,https://www.facebook.com/ads/library/?id=1393337392721543,182
SNYKS,https://www.facebook.com/ads/library/?id=1629491041423786,182
Boozt.com,https://www.facebook.com/ads/library/?id=1684853689334429,182
Modivo,https://www.facebook.com/ads/library/?id=28863469486574710,182
Boozt.com,https://www.facebook.com/ads/library/?id=1284494250294201,182
ABOUT YOU,https://www.facebook.com/ads/library/?id=1488957266185081,182
Weekend.lv,https://www.facebook.com/ads/library/?id=1470609731397216,182
Boozt.com,https://www.facebook.com/ads/library/?id=1441936407236507,182
ABOUT YOU,https://www.facebook.com/ads/library/?id=925089850114982,182
ABOUT YOU,https://www.facebook.com/ads/library/?id=1984799925764629,182
Modivo,https://www.facebook.com/ads/library/?id=1679644903143975,182
ABOUT YOU,https://www.facebook.com/ads/library/?id=903927859187621,182
ABOUT YOU,https://www.facebook.com/ads/library/?id=26338451659147590,182
ABOUT YOU,https://www.facebook.com/ads/library/?id=1980004775931505,182
BSTN Store,https://www.facebook.com/ads/library/?id=979725498338746,182
Boozt.com,https://www.facebook.com/ads/library/?id=1662184191475520,182
Boozt.com,https://www.facebook.com/ads/library/?id=1597280938583252,182
Sportland Eesti,https://www.facebook.com/ads/library/?id=1530382308527844,180
Sportland Eesti,https://www.facebook.com/ads/library/?id=1958270191558093,180
SNYKS,https://www.facebook.com/ads/library/?id=3496441873864139,180
Sportland Lietuva,https://www.facebook.com/ads/library/?id=2069568883640574,180
BSTN Store,https://www.facebook.com/ads/library/?id=2521535568276141,180
Sportland Latvija,https://www.facebook.com/ads/library/?id=1688030725830513,180
Boozt.com,https://www.facebook.com/ads/library/?id=911483331969197,180
Boozt.com,https://www.facebook.com/ads/library/?id=2262075811285683,180
Sportland Latvija,https://www.facebook.com/ads/library/?id=1719798372676518,176
BSTN Store,https://www.facebook.com/ads/library/?id=1329205109203004,176
Sportland Latvija,https://www.facebook.com/ads/library/?id=1735821510932166,170
Sportland Eesti,https://www.facebook.com/ads/library/?id=1326309326312257,170
JD Sports Lithuania,https://www.facebook.com/ads/library/?id=4499465906954106,170
Boozt.com,https://www.facebook.com/ads/library/?id=1802912441122172,170
Modivo,https://www.facebook.com/ads/library/?id=1044768018254829,169
SNYKS,https://www.facebook.com/ads/library/?id=946565361077071,169
SNYKS,https://www.facebook.com/ads/library/?id=1457155762484383,168
SNYKS,https://www.facebook.com/ads/library/?id=1246385637642489,168
Boozt.com,https://www.facebook.com/ads/library/?id=1343159367387465,168
SNYKS,https://www.facebook.com/ads/library/?id=1339625445023090,168
Boozt.com,https://www.facebook.com/ads/library/?id=1757997018669321,168
SNYKS,https://www.facebook.com/ads/library/?id=1679549583268230,168
SNYKS,https://www.facebook.com/ads/library/?id=1466855474973827,168
SNYKS,https://www.facebook.com/ads/library/?id=1705612103984807,168
SNYKS,https://www.facebook.com/ads/library/?id=933066102985534,168
Sportland Eesti,https://www.facebook.com/ads/library/?id=1554858942766072,162
Sportland Latvija,https://www.facebook.com/ads/library/?id=1785196386250412,162
Sportland Latvija,https://www.facebook.com/ads/library/?id=1558930099060532,162
Sportland Latvija,https://www.facebook.com/ads/library/?id=1761516445193341,162
Sportland Lietuva,https://www.facebook.com/ads/library/?id=2081620029116941,162
Sportland Latvija,https://www.facebook.com/ads/library/?id=1339554671688408,162
Weekend.ee,https://www.facebook.com/ads/library/?id=1553814979801149,161
Boozt.com,https://www.facebook.com/ads/library/?id=1477378194406379,160
Sportland Eesti,https://www.facebook.com/ads/library/?id=1367042405537509,160
Boozt.com,https://www.facebook.com/ads/library/?id=1300462798530147,160
Boozt.com,https://www.facebook.com/ads/library/?id=1377476520913507,160
JD Sports Lithuania,https://www.facebook.com/ads/library/?id=1460848685783408,160
Ballzy Eesti,https://www.facebook.com/ads/library/?id=1270901831588407,160
Sportland Latvija,https://www.facebook.com/ads/library/?id=999362539592038,160
Boozt.com,https://www.facebook.com/ads/library/?id=1930454777654379,160
BSTN Store,https://www.facebook.com/ads/library/?id=1383942580426601,156
Boozt.com,https://www.facebook.com/ads/library/?id=1996422207616929,156
Weekend.ee,https://www.facebook.com/ads/library/?id=1672553507346965,156
Zalando,https://www.facebook.com/ads/library/?id=899364189748760,156
Boozt.com,https://www.facebook.com/ads/library/?id=1492960248983508,156
Weekend.ee,https://www.facebook.com/ads/library/?id=1661632991620009,156
Zalando,https://www.facebook.com/ads/library/?id=1405131504207970,156
Boozt.com,https://www.facebook.com/ads/library/?id=1350899457244528,156
Zalando,https://www.facebook.com/ads/library/?id=2062284924347764,156
Boozt.com,https://www.facebook.com/ads/library/?id=1202388988680791,156
Boozt.com,https://www.facebook.com/ads/library/?id=997163076492449,156
Zalando,https://www.facebook.com/ads/library/?id=1277437324286710,156
Weekend.ee,https://www.facebook.com/ads/library/?id=26894437363478184,156
Modivo,https://www.facebook.com/ads/library/?id=1960162664699745,156
ABOUT YOU,https://www.facebook.com/ads/library/?id=2887563784919969,156
Boozt.com,https://www.facebook.com/ads/library/?id=1033691905811434,156
Boozt.com,https://www.facebook.com/ads/library/?id=26265360716467068,156
Zalando,https://www.facebook.com/ads/library/?id=1511420717269288,156
Boozt.com,https://www.facebook.com/ads/library/?id=1303942501634937,156
BSTN Store,https://www.facebook.com/ads/library/?id=1409650120930206,156
Boozt.com,https://www.facebook.com/ads/library/?id=1316524707020138,156
Zalando,https://www.facebook.com/ads/library/?id=1166527892122164,156
Boozt.com,https://www.facebook.com/ads/library/?id=1322075133304228,156
Zalando,https://www.facebook.com/ads/library/?id=1478709490497624,156
SNYKS,https://www.facebook.com/ads/library/?id=1660586375046473,156
Zalando,https://www.facebook.com/ads/library/?id=1199269055409831,156
SNYKS,https://www.facebook.com/ads/library/?id=1055351133624746,156
Zalando,https://www.facebook.com/ads/library/?id=1488184442654748,156
Zalando,https://www.facebook.com/ads/library/?id=3451982948310462,156
Boozt.com,https://www.facebook.com/ads/library/?id=2190032985114247,156
Boozt.com,https://www.facebook.com/ads/library/?id=1678264060095377,156
Boozt.com,https://www.facebook.com/ads/library/?id=1994419941432708,156
Boozt.com,https://www.facebook.com/ads/library/?id=1492548969239377,156
Boozt.com,https://www.facebook.com/ads/library/?id=1813076402705212,156
Zalando,https://www.facebook.com/ads/library/?id=1909745772988882,156
Zalando,https://www.facebook.com/ads/library/?id=887233034208925,156
BSTN Store,https://www.facebook.com/ads/library/?id=940837132200927,156
Boozt.com,https://www.facebook.com/ads/library/?id=2001489967197468,156
Boozt.com,https://www.facebook.com/ads/library/?id=2488047404990040,156
Boozt.com,https://www.facebook.com/ads/library/?id=1883127055725004,156
Zalando,https://www.facebook.com/ads/library/?id=796726206799355,156
Boozt.com,https://www.facebook.com/ads/library/?id=888965994155846,156
Boozt.com,https://www.facebook.com/ads/library/?id=1065382236054525,156
Boozt.com,https://www.facebook.com/ads/library/?id=1562490082210664,156
Zalando,https://www.facebook.com/ads/library/?id=1633253697797142,156
Boozt.com,https://www.facebook.com/ads/library/?id=953019967336220,156
Boozt.com,https://www.facebook.com/ads/library/?id=962784609525828,156
ABOUT YOU,https://www.facebook.com/ads/library/?id=1168861578513582,156
Boozt.com,https://www.facebook.com/ads/library/?id=1668543211110944,156
Boozt.com,https://www.facebook.com/ads/library/?id=2090567468342766,156
Boozt.com,https://www.facebook.com/ads/library/?id=1830515295025476,156
Boozt.com,https://www.facebook.com/ads/library/?id=1357596736429482,156
Zalando,https://www.facebook.com/ads/library/?id=922890620154619,156
Zalando,https://www.facebook.com/ads/library/?id=899197939572455,156
Zalando,https://www.facebook.com/ads/library/?id=1635903564209436,156
Boozt.com,https://www.facebook.com/ads/library/?id=933789202753748,156
Zalando,https://www.facebook.com/ads/library/?id=1446265357192973,156
Boozt.com,https://www.facebook.com/ads/library/?id=2831902393824556,156
Boozt.com,https://www.facebook.com/ads/library/?id=971263162105954,156
Weekend.ee,https://www.facebook.com/ads/library/?id=1508896687506886,156
Boozt.com,https://www.facebook.com/ads/library/?id=1753878715587924,156
Boozt.com,https://www.facebook.com/ads/library/?id=1418941843319085,156
Zalando,https://www.facebook.com/ads/library/?id=1478117173906730,156
Zalando,https://www.facebook.com/ads/library/?id=1365172775643082,156
Boozt.com,https://www.facebook.com/ads/library/?id=1957199648107752,156
Boozt.com,https://www.facebook.com/ads/library/?id=1058879059997436,156
Boozt.com,https://www.facebook.com/ads/library/?id=1389521759610487,156
Boozt.com,https://www.facebook.com/ads/library/?id=1310709351145783,156
Boozt.com,https://www.facebook.com/ads/library/?id=1372586058092216,156
Boozt.com,https://www.facebook.com/ads/library/?id=873608899041278,156
Boozt.com,https://www.facebook.com/ads/library/?id=1592461115171662,156
Boozt.com,https://www.facebook.com/ads/library/?id=1504125231018051,156
Zalando,https://www.facebook.com/ads/library/?id=25952221431095184,156
Boozt.com,https://www.facebook.com/ads/library/?id=3002450309959000,156
Boozt.com,https://www.facebook.com/ads/library/?id=3320965061396043,156
Zalando,https://www.facebook.com/ads/library/?id=1593622705218711,156
Zalando,https://www.facebook.com/ads/library/?id=1435724094068125,156
Boozt.com,https://www.facebook.com/ads/library/?id=1522928489162818,156
Zalando,https://www.facebook.com/ads/library/?id=1597355288238612,156
Weekend.ee,https://www.facebook.com/ads/library/?id=962690973224374,156
Weekend.lv,https://www.facebook.com/ads/library/?id=26598725663092850,156
Zalando,https://www.facebook.com/ads/library/?id=1876757469701161,156
Boozt.com,https://www.facebook.com/ads/library/?id=1357425169701024,156
Boozt.com,https://www.facebook.com/ads/library/?id=888147247611732,156
Boozt.com,https://www.facebook.com/ads/library/?id=1271198965148452,156
Boozt.com,https://www.facebook.com/ads/library/?id=719197717881651,156
Boozt.com,https://www.facebook.com/ads/library/?id=1010868078498807,156
Boozt.com,https://www.facebook.com/ads/library/?id=1552744003057829,156
Boozt.com,https://www.facebook.com/ads/library/?id=823026543601966,156
Boozt.com,https://www.facebook.com/ads/library/?id=4308681999344900,156
Boozt.com,https://www.facebook.com/ads/library/?id=1004920508911997,156
Zalando,https://www.facebook.com/ads/library/?id=1992899472109288,156
Weekend.lt,https://www.facebook.com/ads/library/?id=2295795744559486,156
Boozt.com,https://www.facebook.com/ads/library/?id=1499412331809560,156
Boozt.com,https://www.facebook.com/ads/library/?id=951582444504366,156
SNYKS,https://www.facebook.com/ads/library/?id=915037201317498,156
Boozt.com,https://www.facebook.com/ads/library/?id=2002716303999271,156
ABOUT YOU,https://www.facebook.com/ads/library/?id=930286613259182,156
Zalando,https://www.facebook.com/ads/library/?id=951235187437105,156
Boozt.com,https://www.facebook.com/ads/library/?id=891679433921480,156
BSTN Store,https://www.facebook.com/ads/library/?id=1337258421722986,154
Boozt.com,https://www.facebook.com/ads/library/?id=1739430570806802,154
BSTN Store,https://www.facebook.com/ads/library/?id=2018679328767841,154
Sportland Lietuva,https://www.facebook.com/ads/library/?id=1824924011810353,153
Sportland Lietuva,https://www.facebook.com/ads/library/?id=28170141099238684,153
Boozt.com,https://www.facebook.com/ads/library/?id=1924484504933651,153
Boozt.com,https://www.facebook.com/ads/library/?id=1035570235589766,152
Ballzy Latvija,https://www.facebook.com/ads/library/?id=1759000038595011,152
Sportland Latvija,https://www.facebook.com/ads/library/?id=1534967198645732,152
Ballzy Lietuva,https://www.facebook.com/ads/library/?id=996015846376479,152
Boozt.com,https://www.facebook.com/ads/library/?id=1910918230294710,152
ABOUT YOU,https://www.facebook.com/ads/library/?id=2148745436046426,152
Boozt.com,https://www.facebook.com/ads/library/?id=1531906598733929,152
ABOUT YOU,https://www.facebook.com/ads/library/?id=1057980936919839,152
BSTN Store,https://www.facebook.com/ads/library/?id=1310331084621566,152
Sportland Latvija,https://www.facebook.com/ads/library/?id=2862268247465374,150
Sportland Eesti,https://www.facebook.com/ads/library/?id=1559802642191591,150
Boozt.com,https://www.facebook.com/ads/library/?id=1915403039127247,150
Boozt.com,https://www.facebook.com/ads/library/?id=1341229430779692,150
Boozt.com,https://www.facebook.com/ads/library/?id=1649918656109518,144
Modivo,https://www.facebook.com/ads/library/?id=780917261749518,144
JD Sports Lithuania,https://www.facebook.com/ads/library/?id=1361966612548577,144
ABOUT YOU,https://www.facebook.com/ads/library/?id=1716557882941076,144
ABOUT YOU,https://www.facebook.com/ads/library/?id=1391300166221553,144
SNYKS,https://www.facebook.com/ads/library/?id=1713733429895777,144
JD Sports Lithuania,https://www.facebook.com/ads/library/?id=1430233338909730,144
Boozt.com,https://www.facebook.com/ads/library/?id=1543430154244976,144
Modivo,https://www.facebook.com/ads/library/?id=1568958314944420,144
SNYKS,https://www.facebook.com/ads/library/?id=2063989154508189,144
BSTN Store,https://www.facebook.com/ads/library/?id=1005968778546643,144
SNYKS,https://www.facebook.com/ads/library/?id=1078867781481246,144
ABOUT YOU,https://www.facebook.com/ads/library/?id=1071775861941448,144
BSTN Store,https://www.facebook.com/ads/library/?id=2751988685197469,144
ABOUT YOU,https://www.facebook.com/ads/library/?id=3367886756726636,144
Modivo,https://www.facebook.com/ads/library/?id=1052355773812321,144
Sportland Latvija,https://www.facebook.com/ads/library/?id=2128202257761775,144
Sportland Latvija,https://www.facebook.com/ads/library/?id=1082407460980126,144
Sportland Lietuva,https://www.facebook.com/ads/library/?id=1739792123693920,144
Boozt.com,https://www.facebook.com/ads/library/?id=1578231004014777,143
Modivo,https://www.facebook.com/ads/library/?id=2204284050479623,143
Boozt.com,https://www.facebook.com/ads/library/?id=3178368752551084,140
Sportland Latvija,https://www.facebook.com/ads/library/?id=1577278560416608,140
Ballzy Suomi,https://www.facebook.com/ads/library/?id=1696274344799796,140
Ballzy Suomi,https://www.facebook.com/ads/library/?id=1395482662452463,140
Ballzy Latvija,https://www.facebook.com/ads/library/?id=1150839868122599,140
Boozt.com,https://www.facebook.com/ads/library/?id=869918825907905,136
Sportland Lietuva,https://www.facebook.com/ads/library/?id=1592383975568166,136
Boozt.com,https://www.facebook.com/ads/library/?id=4312283195688671,135
Boozt.com,https://www.facebook.com/ads/library/?id=1350125747192824,133
Boozt.com,https://www.facebook.com/ads/library/?id=2014278585787696,133
Boozt.com,https://www.facebook.com/ads/library/?id=1765470591573508,133
Boozt.com,https://www.facebook.com/ads/library/?id=2538691126569489,133
Boozt.com,https://www.facebook.com/ads/library/?id=1544231560665757,133
Boozt.com,https://www.facebook.com/ads/library/?id=1759398052143015,133
Ballzy Eesti,https://www.facebook.com/ads/library/?id=1596386512201729,133
Boozt.com,https://www.facebook.com/ads/library/?id=27644360691864492,133
Boozt.com,https://www.facebook.com/ads/library/?id=909592465551950,133
Ballzy Latvija,https://www.facebook.com/ads/library/?id=1075744004883111,133
Boozt.com,https://www.facebook.com/ads/library/?id=1348491266802951,133
Modivo,https://www.facebook.com/ads/library/?id=1992725121447116,132
Boozt.com,https://www.facebook.com/ads/library/?id=1566854791516935,132
SNYKS,https://www.facebook.com/ads/library/?id=1677287146684830,132
Modivo,https://www.facebook.com/ads/library/?id=3498808163611757,132
SNYKS,https://www.facebook.com/ads/library/?id=1240701528265071,132
Modivo,https://www.facebook.com/ads/library/?id=2794541990919574,132
Zalando,https://www.facebook.com/ads/library/?id=903282242597037,130
Sportland Eesti,https://www.facebook.com/ads/library/?id=2103029603956968,130
Boozt.com,https://www.facebook.com/ads/library/?id=1510885233939293,130
Zalando,https://www.facebook.com/ads/library/?id=787742427710411,130
Boozt.com,https://www.facebook.com/ads/library/?id=2370922770077684,130
Zalando,https://www.facebook.com/ads/library/?id=1801203233885548,130
Zalando,https://www.facebook.com/ads/library/?id=896957249851403,130
Zalando,https://www.facebook.com/ads/library/?id=2000732587489086,130
Zalando,https://www.facebook.com/ads/library/?id=1443312160839013,130
Boozt.com,https://www.facebook.com/ads/library/?id=2054613425399081,130
Zalando,https://www.facebook.com/ads/library/?id=1939448353336047,130
Zalando,https://www.facebook.com/ads/library/?id=1478519383793681,130
Zalando,https://www.facebook.com/ads/library/?id=1466777798120092,130
SNYKS,https://www.facebook.com/ads/library/?id=2417907235352192,130
Boozt.com,https://www.facebook.com/ads/library/?id=1484345903320003,130
Zalando,https://www.facebook.com/ads/library/?id=2306017686548187,130
Sportland Lietuva,https://www.facebook.com/ads/library/?id=1485822356899017,130
Zalando,https://www.facebook.com/ads/library/?id=2494214051009565,130
Zalando,https://www.facebook.com/ads/library/?id=981782774278606,130
Zalando,https://www.facebook.com/ads/library/?id=26576233798627816,130
Zalando,https://www.facebook.com/ads/library/?id=1262821205233936,130
Zalando,https://www.facebook.com/ads/library/?id=4506303819598186,130
Zalando,https://www.facebook.com/ads/library/?id=1770309510619974,130
Zalando,https://www.facebook.com/ads/library/?id=2098024817407334,130
Boozt.com,https://www.facebook.com/ads/library/?id=1575184514326979,130
Zalando,https://www.facebook.com/ads/library/?id=2060973577779322,130
Zalando,https://www.facebook.com/ads/library/?id=1248139060090799,130
Zalando,https://www.facebook.com/ads/library/?id=1882682829035399,130
Weekend.ee,https://www.facebook.com/ads/library/?id=4571470396422889,130
Weekend.ee,https://www.facebook.com/ads/library/?id=1674678290432881,130
Zalando,https://www.facebook.com/ads/library/?id=2321442478322597,130
Zalando,https://www.facebook.com/ads/library/?id=959838939825435,130
Boozt.com,https://www.facebook.com/ads/library/?id=2218993225572031,130
Zalando,https://www.facebook.com/ads/library/?id=2435556933572494,130
Zalando,https://www.facebook.com/ads/library/?id=1947384002818438,130
Zalando,https://www.facebook.com/ads/library/?id=900723269478102,130
Zalando,https://www.facebook.com/ads/library/?id=1277097594301921,130
Zalando,https://www.facebook.com/ads/library/?id=2286452388517028,130
Zalando,https://www.facebook.com/ads/library/?id=26069091982755090,130
Zalando,https://www.facebook.com/ads/library/?id=2096572257769116,130
Zalando,https://www.facebook.com/ads/library/?id=2222883931451806,130
Sportland Eesti,https://www.facebook.com/ads/library/?id=1658025922994776,130
Boozt.com,https://www.facebook.com/ads/library/?id=1389489973239940,130
Zalando,https://www.facebook.com/ads/library/?id=1493294315561107,130
Zalando,https://www.facebook.com/ads/library/?id=2283624162125944,130
Boozt.com,https://www.facebook.com/ads/library/?id=1387653576620231,130
Boozt.com,https://www.facebook.com/ads/library/?id=938452079260830,130
Zalando,https://www.facebook.com/ads/library/?id=25209225698750412,130
Zalando,https://www.facebook.com/ads/library/?id=675999498928113,130
Weekend.ee,https://www.facebook.com/ads/library/?id=947700224995039,130
Zalando,https://www.facebook.com/ads/library/?id=2643882262663306,130
Zalando,https://www.facebook.com/ads/library/?id=1468570447998680,130
Weekend.lt,https://www.facebook.com/ads/library/?id=1022377954077954,130
BSTN Store,https://www.facebook.com/ads/library/?id=4373155206269569,130
Boozt.com,https://www.facebook.com/ads/library/?id=2353859438438074,130
Weekend.lt,https://www.facebook.com/ads/library/?id=1889016048459648,130
Zalando,https://www.facebook.com/ads/library/?id=916138254713979,130
Zalando,https://www.facebook.com/ads/library/?id=26152165297798010,130
Zalando,https://www.facebook.com/ads/library/?id=955714520966422,130
Sportland Lietuva,https://www.facebook.com/ads/library/?id=1559301218989261,130
Zalando,https://www.facebook.com/ads/library/?id=1940920943227045,130
Weekend.lt,https://www.facebook.com/ads/library/?id=1180394957394596,130
Zalando,https://www.facebook.com/ads/library/?id=1430698692042945,130
Zalando,https://www.facebook.com/ads/library/?id=1463484158627578,130
Boozt.com,https://www.facebook.com/ads/library/?id=2968522736675326,130
Boozt.com,https://www.facebook.com/ads/library/?id=1451031916014344,130
Zalando,https://www.facebook.com/ads/library/?id=3399392686903530,130
Zalando,https://www.facebook.com/ads/library/?id=1865167250804438,130
Zalando,https://www.facebook.com/ads/library/?id=1409147030894524,130
Boozt.com,https://www.facebook.com/ads/library/?id=1084507901090509,130
Zalando,https://www.facebook.com/ads/library/?id=26475887195381270,130
Zalando,https://www.facebook.com/ads/library/?id=1477606963800892,130
ABOUT YOU,https://www.facebook.com/ads/library/?id=2899971167028692,128
BSTN Store,https://www.facebook.com/ads/library/?id=1545071137129239,128
Sportland Eesti,https://www.facebook.com/ads/library/?id=1553259613003085,128
Boozt.com,https://www.facebook.com/ads/library/?id=1544414017177520,128
Boozt.com,https://www.facebook.com/ads/library/?id=964586913262661,126
Ballzy Lietuva,https://www.facebook.com/ads/library/?id=1876695883290125,126
Boozt.com,https://www.facebook.com/ads/library/?id=1054888893894367,126
Boozt.com,https://www.facebook.com/ads/library/?id=992165513637820,126
Ballzy Eesti,https://www.facebook.com/ads/library/?id=1294407093745011,126
Boozt.com,https://www.facebook.com/ads/library/?id=2112737782982583,126
Boozt.com,https://www.facebook.com/ads/library/?id=1696240964753538,126
Ballzy Lietuva,https://www.facebook.com/ads/library/?id=1587582773008267,126
Sportland Latvija,https://www.facebook.com/ads/library/?id=4445948018949886,126
Boozt.com,https://www.facebook.com/ads/library/?id=1938270816856339,126
Boozt.com,https://www.facebook.com/ads/library/?id=2221268958693455,126
JD Sports Lithuania,https://www.facebook.com/ads/library/?id=1173603034955044,126
Boozt.com,https://www.facebook.com/ads/library/?id=1236989491308147,126
Boozt.com,https://www.facebook.com/ads/library/?id=1010230875318654,126
Boozt.com,https://www.facebook.com/ads/library/?id=2217899529046069,126
Boozt.com,https://www.facebook.com/ads/library/?id=1393232109365647,126
ABOUT YOU,https://www.facebook.com/ads/library/?id=2452546128567511,126
SNYKS,https://www.facebook.com/ads/library/?id=2101934724059743,121
BSTN Store,https://www.facebook.com/ads/library/?id=2176896736217733,121
BSTN Store,https://www.facebook.com/ads/library/?id=1594011315668654,121
Sportland Lietuva,https://www.facebook.com/ads/library/?id=1012473678260559,120
Sportland Latvija,https://www.facebook.com/ads/library/?id=2144353619445369,120
Sportland Eesti,https://www.facebook.com/ads/library/?id=1654048280057595,120
Sportland Latvija,https://www.facebook.com/ads/library/?id=793091843863192,120
Weekend.lt,https://www.facebook.com/ads/library/?id=1334139482110057,120
Weekend.lt,https://www.facebook.com/ads/library/?id=3341145856046106,120
Boozt.com,https://www.facebook.com/ads/library/?id=4146356028957495,120
Weekend.lt,https://www.facebook.com/ads/library/?id=1505158670905580,120
Weekend.lt,https://www.facebook.com/ads/library/?id=3054861928050586,120
Sportland Latvija,https://www.facebook.com/ads/library/?id=2195847190984079,120
Sportland Lietuva,https://www.facebook.com/ads/library/?id=992591830500898,120
Sportland Lietuva,https://www.facebook.com/ads/library/?id=908706415117645,120
Sportland Lietuva,https://www.facebook.com/ads/library/?id=1773590066978988,120
Sportland Latvija,https://www.facebook.com/ads/library/?id=2245287819639411,120
SNYKS,https://www.facebook.com/ads/library/?id=1740239457017952,120
Sportland Eesti,https://www.facebook.com/ads/library/?id=2268964660522483,120
Weekend.lt,https://www.facebook.com/ads/library/?id=1046719641629980,120
Sportland Lietuva,https://www.facebook.com/ads/library/?id=1078861934827652,120
Weekend.lt,https://www.facebook.com/ads/library/?id=1051235360829110,120
SNYKS,https://www.facebook.com/ads/library/?id=897960913241533,120
Sportland Lietuva,https://www.facebook.com/ads/library/?id=1029783989687826,120
Weekend.lt,https://www.facebook.com/ads/library/?id=1484235436722712,120
Sportland Lietuva,https://www.facebook.com/ads/library/?id=1032051732751925,120
Sportland Lietuva,https://www.facebook.com/ads/library/?id=1075901088337392,120
Boozt.com,https://www.facebook.com/ads/library/?id=1008807431978343,120
Weekend.lt,https://www.facebook.com/ads/library/?id=1551298983342030,120
JD Sports Lithuania,https://www.facebook.com/ads/library/?id=1007927745498876,120
Sportland Latvija,https://www.facebook.com/ads/library/?id=1762381138444577,120
Sportland Latvija,https://www.facebook.com/ads/library/?id=4382841492031381,120
Sportland Lietuva,https://www.facebook.com/ads/library/?id=1822985002203340,120
Sportland Lietuva,https://www.facebook.com/ads/library/?id=1363252349346835,120
Weekend.ee,https://www.facebook.com/ads/library/?id=1477005990848209,120
Weekend.lt,https://www.facebook.com/ads/library/?id=1567446398437932,120
Boozt.com,https://www.facebook.com/ads/library/?id=1697801438213940,120
Sportland Eesti,https://www.facebook.com/ads/library/?id=3264735103916074,120
Sportland Latvija,https://www.facebook.com/ads/library/?id=1578138953847010,120
Sportland Lietuva,https://www.facebook.com/ads/library/?id=2239838303223846,120
SNYKS,https://www.facebook.com/ads/library/?id=2080333962690687,120
Weekend.ee,https://www.facebook.com/ads/library/?id=3593506167488502,120
Boozt.com,https://www.facebook.com/ads/library/?id=900698556436624,120
Weekend.lt,https://www.facebook.com/ads/library/?id=1002242939279867,120
Sportland Lietuva,https://www.facebook.com/ads/library/?id=973678089025271,120
Boozt.com,https://www.facebook.com/ads/library/?id=1397821035625496,119
Boozt.com,https://www.facebook.com/ads/library/?id=1589384209454690,119
Boozt.com,https://www.facebook.com/ads/library/?id=2098422444042325,119
Sportland Eesti,https://www.facebook.com/ads/library/?id=2929481027430857,117
Sportland Eesti,https://www.facebook.com/ads/library/?id=900858335819829,117
Boozt.com,https://www.facebook.com/ads/library/?id=2125701188383755,117
Boozt.com,https://www.facebook.com/ads/library/?id=1073279188517111,117
Weekend.ee,https://www.facebook.com/ads/library/?id=882613967701421,115
Weekend.ee,https://www.facebook.com/ads/library/?id=1005666401825628,115
Weekend.ee,https://www.facebook.com/ads/library/?id=1733965134627588,115
Boozt.com,https://www.facebook.com/ads/library/?id=1764368157911010,114
JD Sports Lithuania,https://www.facebook.com/ads/library/?id=1524310068828956,114
Weekend.lt,https://www.facebook.com/ads/library/?id=2719519928448650,114
JD Sports Lithuania,https://www.facebook.com/ads/library/?id=1547421653060348,114
JD Sports Lithuania,https://www.facebook.com/ads/library/?id=1366044472329410,114
Boozt.com,https://www.facebook.com/ads/library/?id=3117303065135529,114
Boozt.com,https://www.facebook.com/ads/library/?id=1023396143731027,114
Boozt.com,https://www.facebook.com/ads/library/?id=999705079543323,114
Weekend.lt,https://www.facebook.com/ads/library/?id=1035531822201538,114
Sportland Lietuva,https://www.facebook.com/ads/library/?id=2119471188980423,112
Sportland Lietuva,https://www.facebook.com/ads/library/?id=1077981871453519,112
Boozt.com,https://www.facebook.com/ads/library/?id=902344375536865,112
Boozt.com,https://www.facebook.com/ads/library/?id=1430341745783977,112
JD Sports Lithuania,https://www.facebook.com/ads/library/?id=1794211551751128,112
Boozt.com,https://www.facebook.com/ads/library/?id=2166838700562914,112
Boozt.com,https://www.facebook.com/ads/library/?id=1022938100147293,112
Boozt.com,https://www.facebook.com/ads/library/?id=2510427692714739,112
Boozt.com,https://www.facebook.com/ads/library/?id=1529082668596326,112
Sportland Eesti,https://www.facebook.com/ads/library/?id=2217506579011928,112
Sportland Latvija,https://www.facebook.com/ads/library/?id=1824907978479184,110
Sportland Latvija,https://www.facebook.com/ads/library/?id=2588324278348905,110
Sportland Latvija,https://www.facebook.com/ads/library/?id=1100311422323169,110
Sportland Latvija,https://www.facebook.com/ads/library/?id=2076954333700179,110
Sportland Eesti,https://www.facebook.com/ads/library/?id=3061548100718144,110
Sportland Latvija,https://www.facebook.com/ads/library/?id=2060437601217768,110
Sportland Lietuva,https://www.facebook.com/ads/library/?id=1625885082293137,110
Sportland Eesti,https://www.facebook.com/ads/library/?id=1974591633259649,110
Sportland Latvija,https://www.facebook.com/ads/library/?id=1514840899917592,110
Sportland Latvija,https://www.facebook.com/ads/library/?id=1531790668158836,110
Sportland Lietuva,https://www.facebook.com/ads/library/?id=1547718053501328,110
Sportland Latvija,https://www.facebook.com/ads/library/?id=873448065552182,110
Sportland Latvija,https://www.facebook.com/ads/library/?id=998630322996471,110
Boozt.com,https://www.facebook.com/ads/library/?id=2307600270046698,108
Lounge by Zalando,https://www.facebook.com/ads/library/?id=1635145834634320,108
ABOUT YOU,https://www.facebook.com/ads/library/?id=1053528434126875,108
Boozt.com,https://www.facebook.com/ads/library/?id=1003266859141150,108
SNYKS,https://www.facebook.com/ads/library/?id=1536263408512989,108
JD Sports Lithuania,https://www.facebook.com/ads/library/?id=1414188627272126,108
JD Sports Lithuania,https://www.facebook.com/ads/library/?id=1367763315331074,108
Lounge by Zalando,https://www.facebook.com/ads/library/?id=1055101860768612,108
Lounge by Zalando,https://www.facebook.com/ads/library/?id=2143878433232428,108
JD Sports Lithuania,https://www.facebook.com/ads/library/?id=1027090870109346,108
JD Sports Lithuania,https://www.facebook.com/ads/library/?id=1794235438667569,108
SNYKS,https://www.facebook.com/ads/library/?id=1367711452133484,108
SNYKS,https://www.facebook.com/ads/library/?id=1636567797855416,108
Modivo,https://www.facebook.com/ads/library/?id=1004987608830223,108
Boozt.com,https://www.facebook.com/ads/library/?id=1722518995754673,108
Sportland Latvija,https://www.facebook.com/ads/library/?id=1576385374155227,108
Boozt.com,https://www.facebook.com/ads/library/?id=1711670306733542,108
SNYKS,https://www.facebook.com/ads/library/?id=2421021608420723,108
JD Sports Lithuania,https://www.facebook.com/ads/library/?id=1033743672913240,108
Sportland Latvija,https://www.facebook.com/ads/library/?id=1004986619196182,108
Boozt.com,https://www.facebook.com/ads/library/?id=3139299709604275,105
Sportland Eesti,https://www.facebook.com/ads/library/?id=822205287645305,105
SNYKS,https://www.facebook.com/ads/library/?id=1334792302079682,104
Zalando,https://www.facebook.com/ads/library/?id=1218886207078206,104
Zalando,https://www.facebook.com/ads/library/?id=1361298119397932,104
Zalando,https://www.facebook.com/ads/library/?id=1268956925329692,104
Zalando,https://www.facebook.com/ads/library/?id=4352169234996058,104
Zalando,https://www.facebook.com/ads/library/?id=1013551021843393,104
Zalando,https://www.facebook.com/ads/library/?id=1463699672021927,104
Zalando,https://www.facebook.com/ads/library/?id=949511870845250,104
Boozt.com,https://www.facebook.com/ads/library/?id=972038675263538,104
Zalando,https://www.facebook.com/ads/library/?id=2598578747203876,104
SNYKS,https://www.facebook.com/ads/library/?id=1010904641438483,104
Zalando,https://www.facebook.com/ads/library/?id=1570490958412219,104
Zalando,https://www.facebook.com/ads/library/?id=2414507828980120,104
Zalando,https://www.facebook.com/ads/library/?id=788966450475576,104
Zalando,https://www.facebook.com/ads/library/?id=2386522895141941,104
Zalando,https://www.facebook.com/ads/library/?id=1451686696542013,104
Zalando,https://www.facebook.com/ads/library/?id=1477625093973141,104
Zalando,https://www.facebook.com/ads/library/?id=1472198024622601,104
Zalando,https://www.facebook.com/ads/library/?id=792381940036831,104
Zalando,https://www.facebook.com/ads/library/?id=2941947842668721,104
SNYKS,https://www.facebook.com/ads/library/?id=1000756806193786,104
SNYKS,https://www.facebook.com/ads/library/?id=1453145486580414,104
Zalando,https://www.facebook.com/ads/library/?id=1267922461972068,104
Zalando,https://www.facebook.com/ads/library/?id=958469636525085,104
Zalando,https://www.facebook.com/ads/library/?id=1997930111604461,104
Zalando,https://www.facebook.com/ads/library/?id=1407700853992440,104
Zalando,https://www.facebook.com/ads/library/?id=1178651804192954,104
Zalando,https://www.facebook.com/ads/library/?id=1831892934141432,104
BSTN Store,https://www.facebook.com/ads/library/?id=974359991609254,104
Zalando,https://www.facebook.com/ads/library/?id=1294788849367765,104
SNYKS,https://www.facebook.com/ads/library/?id=1537528731084300,104
Zalando,https://www.facebook.com/ads/library/?id=929160426315059,104
Zalando,https://www.facebook.com/ads/library/?id=1251336299779458,104
Zalando,https://www.facebook.com/ads/library/?id=776710152158645,104
Zalando,https://www.facebook.com/ads/library/?id=1502699204871621,104
Zalando,https://www.facebook.com/ads/library/?id=1296392592350798,104
Zalando,https://www.facebook.com/ads/library/?id=26117989884535630,104
BSTN Store,https://www.facebook.com/ads/library/?id=2065243247672778,104
Zalando,https://www.facebook.com/ads/library/?id=1280546120615229,104
Zalando,https://www.facebook.com/ads/library/?id=1268231598588397,104
Zalando,https://www.facebook.com/ads/library/?id=1718139426233097,104
Zalando,https://www.facebook.com/ads/library/?id=1520093906783209,104
Zalando,https://www.facebook.com/ads/library/?id=2117112712448021,104
Boozt.com,https://www.facebook.com/ads/library/?id=834062059104530,104
Zalando,https://www.facebook.com/ads/library/?id=1502506727962473,104
Zalando,https://www.facebook.com/ads/library/?id=3250451821801889,104
Zalando,https://www.facebook.com/ads/library/?id=2067257310509290,104
Zalando,https://www.facebook.com/ads/library/?id=1849409563128367,104
Zalando,https://www.facebook.com/ads/library/?id=2677853309251921,104
Zalando,https://www.facebook.com/ads/library/?id=1658615348637394,104
Zalando,https://www.facebook.com/ads/library/?id=861384646932003,104
Zalando,https://www.facebook.com/ads/library/?id=767897649453966,104
Zalando,https://www.facebook.com/ads/library/?id=1461879622394586,104
Zalando,https://www.facebook.com/ads/library/?id=2107263396782339,104
Zalando,https://www.facebook.com/ads/library/?id=1690220085277197,104
Zalando,https://www.facebook.com/ads/library/?id=1427644314971775,104
BSTN Store,https://www.facebook.com/ads/library/?id=3213192175530452,104
Boozt.com,https://www.facebook.com/ads/library/?id=1462477979008890,104
Zalando,https://www.facebook.com/ads/library/?id=939824235077668,104
Zalando,https://www.facebook.com/ads/library/?id=25964774259874430,104
Zalando,https://www.facebook.com/ads/library/?id=2552094715184816,104
Zalando,https://www.facebook.com/ads/library/?id=777096514798036,104
Zalando,https://www.facebook.com/ads/library/?id=892660423813671,104
Zalando,https://www.facebook.com/ads/library/?id=1648458109644285,104
Zalando,https://www.facebook.com/ads/library/?id=1675241603918199,104
Zalando,https://www.facebook.com/ads/library/?id=947359541156214,104
Zalando,https://www.facebook.com/ads/library/?id=26715939604677308,104
Zalando,https://www.facebook.com/ads/library/?id=1602912770918470,104
Zalando,https://www.facebook.com/ads/library/?id=1461086332321327,104
Zalando,https://www.facebook.com/ads/library/?id=26150051454612080,104
SNYKS,https://www.facebook.com/ads/library/?id=1564990368550185,104
Zalando,https://www.facebook.com/ads/library/?id=1423015679313966,104
Weekend.ee,https://www.facebook.com/ads/library/?id=2816052172061730,104
Zalando,https://www.facebook.com/ads/library/?id=922910137055009,104
Zalando,https://www.facebook.com/ads/library/?id=2334779797003544,104
Zalando,https://www.facebook.com/ads/library/?id=2079060896358515,104
Zalando,https://www.facebook.com/ads/library/?id=2211810766017082,104
SNYKS,https://www.facebook.com/ads/library/?id=839650705622681,104
Zalando,https://www.facebook.com/ads/library/?id=1126657049546646,104
Zalando,https://www.facebook.com/ads/library/?id=1921396252585566,104
Zalando,https://www.facebook.com/ads/library/?id=3942257102739375,104
Zalando,https://www.facebook.com/ads/library/?id=1136151598561161,104
Zalando,https://www.facebook.com/ads/library/?id=1637813407218127,104
Zalando,https://www.facebook.com/ads/library/?id=1754976348797084,104
Zalando,https://www.facebook.com/ads/library/?id=1463302325468479,104
Zalando,https://www.facebook.com/ads/library/?id=1443303990762155,104
Zalando,https://www.facebook.com/ads/library/?id=2812584332406487,104
Zalando,https://www.facebook.com/ads/library/?id=3409427072554860,104
Zalando,https://www.facebook.com/ads/library/?id=1638282117208731,104
Zalando,https://www.facebook.com/ads/library/?id=1257396283026050,104
Zalando,https://www.facebook.com/ads/library/?id=893301383467481,104
Zalando,https://www.facebook.com/ads/library/?id=4484373965125713,104
Zalando,https://www.facebook.com/ads/library/?id=1699268331430742,104
Zalando,https://www.facebook.com/ads/library/?id=1811777176176494,104
Zalando,https://www.facebook.com/ads/library/?id=945020747930626,104
Zalando,https://www.facebook.com/ads/library/?id=1426389042566464,104
Zalando,https://www.facebook.com/ads/library/?id=907919531861586,104
Weekend.ee,https://www.facebook.com/ads/library/?id=1538824077637596,104
Weekend.ee,https://www.facebook.com/ads/library/?id=783756711431285,104
Zalando,https://www.facebook.com/ads/library/?id=1251386983815464,104
Zalando,https://www.facebook.com/ads/library/?id=1642051520441898,104
Zalando,https://www.facebook.com/ads/library/?id=1275436057797246,104
Zalando,https://www.facebook.com/ads/library/?id=1595021421644855,104
Zalando,https://www.facebook.com/ads/library/?id=1616429649604297,104
Zalando,https://www.facebook.com/ads/library/?id=1429416558129368,104
Boozt.com,https://www.facebook.com/ads/library/?id=1652206299250342,104
Zalando,https://www.facebook.com/ads/library/?id=924476733635664,104
Zalando,https://www.facebook.com/ads/library/?id=701313233008968,104
Zalando,https://www.facebook.com/ads/library/?id=1561822485104605,104
Zalando,https://www.facebook.com/ads/library/?id=1400996191338044,104
BSTN Store,https://www.facebook.com/ads/library/?id=1280984217076935,104
Zalando,https://www.facebook.com/ads/library/?id=1590412875552202,104
Zalando,https://www.facebook.com/ads/library/?id=1214602214190057,104
Zalando,https://www.facebook.com/ads/library/?id=2033431313868605,104
Zalando,https://www.facebook.com/ads/library/?id=950843297299995,104
Zalando,https://www.facebook.com/ads/library/?id=1392282289612627,104
Zalando,https://www.facebook.com/ads/library/?id=768768229297979,104
Zalando,https://www.facebook.com/ads/library/?id=1468121828007643,104
Weekend.ee,https://www.facebook.com/ads/library/?id=1559375505810497,104
Zalando,https://www.facebook.com/ads/library/?id=1405995901262339,104
Zalando,https://www.facebook.com/ads/library/?id=2158351084900611,104
Zalando,https://www.facebook.com/ads/library/?id=901562096000074,104
Zalando,https://www.facebook.com/ads/library/?id=1583727286015719,104
Zalando,https://www.facebook.com/ads/library/?id=869497976118114,104
Zalando,https://www.facebook.com/ads/library/?id=1730659161243589,104
Zalando,https://www.facebook.com/ads/library/?id=795856213559705,104
Weekend.lv,https://www.facebook.com/ads/library/?id=2216117745878420,104
Boozt.com,https://www.facebook.com/ads/library/?id=2598994103853707,102
Lounge by Zalando,https://www.facebook.com/ads/library/?id=28007467375553376,102
BSTN Store,https://www.facebook.com/ads/library/?id=996183813456606,102
Boozt.com,https://www.facebook.com/ads/library/?id=2122080501707344,102
Boozt.com,https://www.facebook.com/ads/library/?id=27107052772300616,102
BSTN Store,https://www.facebook.com/ads/library/?id=1749991586020644,102
Sportland Eesti,https://www.facebook.com/ads/library/?id=1561993161975992,102
Boozt.com,https://www.facebook.com/ads/library/?id=1317012677183728,102
Boozt.com,https://www.facebook.com/ads/library/?id=1541901710899492,102
Sportland Lietuva,https://www.facebook.com/ads/library/?id=1235866079612618,100
Sportland Latvija,https://www.facebook.com/ads/library/?id=883575054433334,100
Weekend.ee,https://www.facebook.com/ads/library/?id=1504822944266741,100
Sportland Eesti,https://www.facebook.com/ads/library/?id=1692704458675668,100
Sportland Eesti,https://www.facebook.com/ads/library/?id=1347984640855675,100
Sportland Latvija,https://www.facebook.com/ads/library/?id=986955241010121,100
Weekend.ee,https://www.facebook.com/ads/library/?id=1581320590286211,100
Weekend.ee,https://www.facebook.com/ads/library/?id=1045815794609885,100
Sportland Eesti,https://www.facebook.com/ads/library/?id=1061506263042788,100
Boozt.com,https://www.facebook.com/ads/library/?id=1745139273346945,100
Boozt.com,https://www.facebook.com/ads/library/?id=1784561349093667,100
SNYKS,https://www.facebook.com/ads/library/?id=1394401505965446,99
Boozt.com,https://www.facebook.com/ads/library/?id=27634013576267744,98
Boozt.com,https://www.facebook.com/ads/library/?id=1756588232014201,98
Boozt.com,https://www.facebook.com/ads/library/?id=3105272116530061,98
Boozt.com,https://www.facebook.com/ads/library/?id=2221508525368606,98
JD Sports Lithuania,https://www.facebook.com/ads/library/?id=2490913214740823,98
Boozt.com,https://www.facebook.com/ads/library/?id=1520226242629386,98
Boozt.com,https://www.facebook.com/ads/library/?id=1517658670039912,98
Boozt.com,https://www.facebook.com/ads/library/?id=867918072635324,98
SNYKS,https://www.facebook.com/ads/library/?id=1566537648452649,96
SNYKS,https://www.facebook.com/ads/library/?id=1585345006511927,96
BSTN Store,https://www.facebook.com/ads/library/?id=1012942264841169,96
Boozt.com,https://www.facebook.com/ads/library/?id=2415016939009355,96
BSTN Store,https://www.facebook.com/ads/library/?id=1428752285941095,96
Boozt.com,https://www.facebook.com/ads/library/?id=921325231013688,96
BSTN Store,https://www.facebook.com/ads/library/?id=1403488945211835,96
Boozt.com,https://www.facebook.com/ads/library/?id=1323551716488361,96
Boozt.com,https://www.facebook.com/ads/library/?id=2054174755239690,96
Boozt.com,https://www.facebook.com/ads/library/?id=1593199189005048,96
Boozt.com,https://www.facebook.com/ads/library/?id=1763104068209079,96
Sportland Eesti,https://www.facebook.com/ads/library/?id=2508079113002745,96
Boozt.com,https://www.facebook.com/ads/library/?id=1726011508645951,96
SNYKS,https://www.facebook.com/ads/library/?id=1579819526881413,96
SNYKS,https://www.facebook.com/ads/library/?id=2972999449716686,96
SNYKS,https://www.facebook.com/ads/library/?id=1615174003304443,96
Boozt.com,https://www.facebook.com/ads/library/?id=1581643743565640,96
SNYKS,https://www.facebook.com/ads/library/?id=1655597212169031,96
Boozt.com,https://www.facebook.com/ads/library/?id=1007169242288068,95
Boozt.com,https://www.facebook.com/ads/library/?id=1339449737784447,95
Boozt.com,https://www.facebook.com/ads/library/?id=1993003108034262,91
Boozt.com,https://www.facebook.com/ads/library/?id=1052119147486925,91
BSTN Store,https://www.facebook.com/ads/library/?id=1017873411031762,91
Boozt.com,https://www.facebook.com/ads/library/?id=1333689578958587,91
Sportland Latvija,https://www.facebook.com/ads/library/?id=932522702443633,90
Boozt.com,https://www.facebook.com/ads/library/?id=1567179258106856,90
Boozt.com,https://www.facebook.com/ads/library/?id=1595940882186094,90
Boozt.com,https://www.facebook.com/ads/library/?id=2293613261175104,90
ABOUT YOU,https://www.facebook.com/ads/library/?id=1585018906370103,90
Modivo,https://www.facebook.com/ads/library/?id=1535960074921641,90
Boozt.com,https://www.facebook.com/ads/library/?id=2888118951535830,90
Zalando,https://www.facebook.com/ads/library/?id=2126993781426097,90
JD Sports Lithuania,https://www.facebook.com/ads/library/?id=4509328979312879,90
BSTN Store,https://www.facebook.com/ads/library/?id=1559713409233067,90
Boozt.com,https://www.facebook.com/ads/library/?id=1617292319822977,90
Sportland Eesti,https://www.facebook.com/ads/library/?id=1356045713139342,90
Boozt.com,https://www.facebook.com/ads/library/?id=1728106434908382,90
Boozt.com,https://www.facebook.com/ads/library/?id=1673710313696009,90
ABOUT YOU,https://www.facebook.com/ads/library/?id=2347813392420285,90
Sportland Lietuva,https://www.facebook.com/ads/library/?id=1553864676281489,90
SNYKS,https://www.facebook.com/ads/library/?id=1729221388395026,88
SNYKS,https://www.facebook.com/ads/library/?id=917846534010121,88
Boozt.com,https://www.facebook.com/ads/library/?id=1538810234406165,85
Sportland Eesti,https://www.facebook.com/ads/library/?id=4472754402870301,85
ABOUT YOU,https://www.facebook.com/ads/library/?id=1022779257338048,85
Sportland Latvija,https://www.facebook.com/ads/library/?id=1963013507689119,85
Boozt.com,https://www.facebook.com/ads/library/?id=1081263677575462,85
Boozt.com,https://www.facebook.com/ads/library/?id=1284190450308899,85
ABOUT YOU,https://www.facebook.com/ads/library/?id=4367881683356283,85
Boozt.com,https://www.facebook.com/ads/library/?id=935139012937415,85
Boozt.com,https://www.facebook.com/ads/library/?id=1379802116951151,85
Boozt.com,https://www.facebook.com/ads/library/?id=2727310390998573,85
Boozt.com,https://www.facebook.com/ads/library/?id=1034457142775089,85
Sportland Lietuva,https://www.facebook.com/ads/library/?id=1759755408353252,84
Sportland Latvija,https://www.facebook.com/ads/library/?id=1587174926331395,84
Boozt.com,https://www.facebook.com/ads/library/?id=1373895864849726,84
Boozt.com,https://www.facebook.com/ads/library/?id=2092211498049685,84
Boozt.com,https://www.facebook.com/ads/library/?id=1593760562316317,84
Sportland Eesti,https://www.facebook.com/ads/library/?id=1047191334482070,84
SNYKS,https://www.facebook.com/ads/library/?id=2718383445258296,84
Boozt.com,https://www.facebook.com/ads/library/?id=1043074494880575,84
Boozt.com,https://www.facebook.com/ads/library/?id=1000360922763496,84
Boozt.com,https://www.facebook.com/ads/library/?id=1347890167476651,84
Modivo,https://www.facebook.com/ads/library/?id=1535364811366840,80
Boozt.com,https://www.facebook.com/ads/library/?id=811993115269672,80
Sportland Latvija,https://www.facebook.com/ads/library/?id=958867373860799,80
Sportland Eesti,https://www.facebook.com/ads/library/?id=903901672147268,80
Ballzy Latvija,https://www.facebook.com/ads/library/?id=1340723818265822,80
Sportland Latvija,https://www.facebook.com/ads/library/?id=1588472626001939,80
Boozt.com,https://www.facebook.com/ads/library/?id=1063237086074917,80
Boozt.com,https://www.facebook.com/ads/library/?id=1394783425906162,80
Boozt.com,https://www.facebook.com/ads/library/?id=1027909343309508,80
Boozt.com,https://www.facebook.com/ads/library/?id=2441172289711942,80
Boozt.com,https://www.facebook.com/ads/library/?id=1282122493997335,78
Boozt.com,https://www.facebook.com/ads/library/?id=930490616722473,78
Boozt.com,https://www.facebook.com/ads/library/?id=929162356623187,78
Weekend.lv,https://www.facebook.com/ads/library/?id=1392844552705361,78
Boozt.com,https://www.facebook.com/ads/library/?id=1389397389713319,78
Zalando,https://www.facebook.com/ads/library/?id=756111774003279,78
Boozt.com,https://www.facebook.com/ads/library/?id=4873978716162434,78
BSTN Store,https://www.facebook.com/ads/library/?id=834119203083178,78
Zalando,https://www.facebook.com/ads/library/?id=1155525883201704,78
Boozt.com,https://www.facebook.com/ads/library/?id=1334647635493653,78
Boozt.com,https://www.facebook.com/ads/library/?id=897249326760248,78
Zalando,https://www.facebook.com/ads/library/?id=1257453509645519,78
Zalando,https://www.facebook.com/ads/library/?id=725125247234976,78
Zalando,https://www.facebook.com/ads/library/?id=917203700905906,78
BSTN Store,https://www.facebook.com/ads/library/?id=1894919511477036,78
Zalando,https://www.facebook.com/ads/library/?id=1963275431256999,78
Boozt.com,https://www.facebook.com/ads/library/?id=4013402648963335,78
Boozt.com,https://www.facebook.com/ads/library/?id=2725536764512801,78
Boozt.com,https://www.facebook.com/ads/library/?id=1067580782266809,78
Boozt.com,https://www.facebook.com/ads/library/?id=1041397148447067,78
Boozt.com,https://www.facebook.com/ads/library/?id=1591645498571350,78
Zalando,https://www.facebook.com/ads/library/?id=1848863689164679,78
BSTN Store,https://www.facebook.com/ads/library/?id=26139886642373290,78
Zalando,https://www.facebook.com/ads/library/?id=942918184898446,78
Boozt.com,https://www.facebook.com/ads/library/?id=1005427365432763,78
Boozt.com,https://www.facebook.com/ads/library/?id=1041416615066084,78
Zalando,https://www.facebook.com/ads/library/?id=1557541525360017,78
Zalando,https://www.facebook.com/ads/library/?id=946229947762741,78
Zalando,https://www.facebook.com/ads/library/?id=1242378957999882,78
BSTN Store,https://www.facebook.com/ads/library/?id=25566886422987264,78
Zalando,https://www.facebook.com/ads/library/?id=1803269763686201,78
Boozt.com,https://www.facebook.com/ads/library/?id=957989936624863,78
Boozt.com,https://www.facebook.com/ads/library/?id=2425071671319025,78
Zalando,https://www.facebook.com/ads/library/?id=2483694518762849,78
Zalando,https://www.facebook.com/ads/library/?id=1640833080274397,78
Zalando,https://www.facebook.com/ads/library/?id=1275886384412982,78
BSTN Store,https://www.facebook.com/ads/library/?id=1898051874248402,78
BSTN Store,https://www.facebook.com/ads/library/?id=1021772563902418,78
Boozt.com,https://www.facebook.com/ads/library/?id=1685949819339230,78
BSTN Store,https://www.facebook.com/ads/library/?id=1724407205253893,78
Boozt.com,https://www.facebook.com/ads/library/?id=1042309781819660,78
Zalando,https://www.facebook.com/ads/library/?id=26399567879656148,78
Zalando,https://www.facebook.com/ads/library/?id=1483936853302645,78
Zalando,https://www.facebook.com/ads/library/?id=1291531572900382,78
Boozt.com,https://www.facebook.com/ads/library/?id=857439527193907,78
Sportland Eesti,https://www.facebook.com/ads/library/?id=4417742945133801,77
SNYKS,https://www.facebook.com/ads/library/?id=784418011400367,77
Weekend.lv,https://www.facebook.com/ads/library/?id=1071920971834273,76
Boozt.com,https://www.facebook.com/ads/library/?id=1526283362562554,76
Boozt.com,https://www.facebook.com/ads/library/?id=3045139535682543,75
Boozt.com,https://www.facebook.com/ads/library/?id=2485879058544779,75
Boozt.com,https://www.facebook.com/ads/library/?id=1395194866126195,75
Boozt.com,https://www.facebook.com/ads/library/?id=882445187928735,75
Boozt.com,https://www.facebook.com/ads/library/?id=1949630822369433,75
Boozt.com,https://www.facebook.com/ads/library/?id=1550991860052965,75
Boozt.com,https://www.facebook.com/ads/library/?id=1572472827585286,75
Boozt.com,https://www.facebook.com/ads/library/?id=1226845592890902,75
Boozt.com,https://www.facebook.com/ads/library/?id=2093161917751527,75
Boozt.com,https://www.facebook.com/ads/library/?id=2000549924681555,75
Boozt.com,https://www.facebook.com/ads/library/?id=1562084495464198,72
Boozt.com,https://www.facebook.com/ads/library/?id=1545800053854239,72
Boozt.com,https://www.facebook.com/ads/library/?id=2053070421976418,72
Boozt.com,https://www.facebook.com/ads/library/?id=1558627749129945,72
Ballzy Lietuva,https://www.facebook.com/ads/library/?id=971088552625134,72
JD Sports Lithuania,https://www.facebook.com/ads/library/?id=4313228968821382,72
ABOUT YOU,https://www.facebook.com/ads/library/?id=906451705852020,72
Sportland Latvija,https://www.facebook.com/ads/library/?id=1323306219787818,72
Sportland Lietuva,https://www.facebook.com/ads/library/?id=1023772703765611,72
Boozt.com,https://www.facebook.com/ads/library/?id=4350104741922605,72
Sportland Lietuva,https://www.facebook.com/ads/library/?id=910745788778262,72
Boozt.com,https://www.facebook.com/ads/library/?id=895190939678747,72
Boozt.com,https://www.facebook.com/ads/library/?id=1985036928794646,72
Sportland Latvija,https://www.facebook.com/ads/library/?id=3496416993858405,72
Boozt.com,https://www.facebook.com/ads/library/?id=1847788656626822,72
Boozt.com,https://www.facebook.com/ads/library/?id=4393776917604980,72
Boozt.com,https://www.facebook.com/ads/library/?id=2576798302773799,72
Boozt.com,https://www.facebook.com/ads/library/?id=1425170142870416,72
Boozt.com,https://www.facebook.com/ads/library/?id=1417953433574276,72
Boozt.com,https://www.facebook.com/ads/library/?id=3936482596646683,72
Boozt.com,https://www.facebook.com/ads/library/?id=998073236180062,72
Modivo,https://www.facebook.com/ads/library/?id=1541263577549557,72
ABOUT YOU,https://www.facebook.com/ads/library/?id=1553332763158264,72
Boozt.com,https://www.facebook.com/ads/library/?id=1398194388848884,72
ABOUT YOU,https://www.facebook.com/ads/library/?id=2967708320249931,72
SNYKS,https://www.facebook.com/ads/library/?id=1612411920451769,72
SNYKS,https://www.facebook.com/ads/library/?id=1346389836934122,72
Sportland Eesti,https://www.facebook.com/ads/library/?id=2201258587274355,72
Boozt.com,https://www.facebook.com/ads/library/?id=1719232539272832,72
Boozt.com,https://www.facebook.com/ads/library/?id=1603608064721486,72
Boozt.com,https://www.facebook.com/ads/library/?id=3733136736850187,72
Boozt.com,https://www.facebook.com/ads/library/?id=1014158264663510,72
Boozt.com,https://www.facebook.com/ads/library/?id=1513225326587493,72
Boozt.com,https://www.facebook.com/ads/library/?id=1058841556798422,72
SNYKS,https://www.facebook.com/ads/library/?id=3209658172559421,72
Boozt.com,https://www.facebook.com/ads/library/?id=1592702545707657,70
Boozt.com,https://www.facebook.com/ads/library/?id=1306876541518857,70
Weekend.ee,https://www.facebook.com/ads/library/?id=1307048628224038,70
Boozt.com,https://www.facebook.com/ads/library/?id=2562398297563723,70
Boozt.com,https://www.facebook.com/ads/library/?id=2089197708658093,70
Boozt.com,https://www.facebook.com/ads/library/?id=890261843736855,70
Boozt.com,https://www.facebook.com/ads/library/?id=918191674638604,70
Boozt.com,https://www.facebook.com/ads/library/?id=2465846300604060,70
Boozt.com,https://www.facebook.com/ads/library/?id=2060672211502944,70
Boozt.com,https://www.facebook.com/ads/library/?id=1569022044684373,70
Boozt.com,https://www.facebook.com/ads/library/?id=2582603148838694,68
Sportland Eesti,https://www.facebook.com/ads/library/?id=1541294430780977,68
Sportland Eesti,https://www.facebook.com/ads/library/?id=1043431208626896,68
Boozt.com,https://www.facebook.com/ads/library/?id=1040795515473250,68
Sportland Eesti,https://www.facebook.com/ads/library/?id=1724368688711743,68
Boozt.com,https://www.facebook.com/ads/library/?id=2133814574148512,68
JD Sports Lithuania,https://www.facebook.com/ads/library/?id=2656541774748570,68
Sportland Eesti,https://www.facebook.com/ads/library/?id=1716775066266134,68
Boozt.com,https://www.facebook.com/ads/library/?id=1030558046626640,68
Boozt.com,https://www.facebook.com/ads/library/?id=1032769676300357,68
Sportland Eesti,https://www.facebook.com/ads/library/?id=3299020353612518,68
Boozt.com,https://www.facebook.com/ads/library/?id=1316428411544528,68
Sportland Eesti,https://www.facebook.com/ads/library/?id=1384316213761490,68
BSTN Store,https://www.facebook.com/ads/library/?id=1958741611439747,68
Boozt.com,https://www.facebook.com/ads/library/?id=1676443853663962,66
Boozt.com,https://www.facebook.com/ads/library/?id=4477944875816823,66
Boozt.com,https://www.facebook.com/ads/library/?id=1329266442646173,66
Boozt.com,https://www.facebook.com/ads/library/?id=2096485641297286,66
Weekend.ee,https://www.facebook.com/ads/library/?id=2018010502188312,66
BSTN Store,https://www.facebook.com/ads/library/?id=1512097486797912,65
Weekend.lv,https://www.facebook.com/ads/library/?id=2514114995695888,65
Boozt.com,https://www.facebook.com/ads/library/?id=926041597195628,65
Boozt.com,https://www.facebook.com/ads/library/?id=2335247447007932,65
Boozt.com,https://www.facebook.com/ads/library/?id=2269027340587228,65
Weekend.ee,https://www.facebook.com/ads/library/?id=1305183778356880,65
Boozt.com,https://www.facebook.com/ads/library/?id=1583618540041738,65
Weekend.lv,https://www.facebook.com/ads/library/?id=1464369128795475,65
Weekend.lv,https://www.facebook.com/ads/library/?id=1538935907639420,65
Boozt.com,https://www.facebook.com/ads/library/?id=1259873869427267,65
Boozt.com,https://www.facebook.com/ads/library/?id=1552690879927651,65
Boozt.com,https://www.facebook.com/ads/library/?id=2680672078993756,65
Boozt.com,https://www.facebook.com/ads/library/?id=1058176723569380,65
Weekend.lv,https://www.facebook.com/ads/library/?id=1581837706856781,65
BSTN Store,https://www.facebook.com/ads/library/?id=1055065913647902,64
Sportland Eesti,https://www.facebook.com/ads/library/?id=1753925605735860,64
Boozt.com,https://www.facebook.com/ads/library/?id=1028869263361189,64
Weekend.lv,https://www.facebook.com/ads/library/?id=1406259391378061,64
JD Sports Lithuania,https://www.facebook.com/ads/library/?id=1446140760140109,63
SNYKS,https://www.facebook.com/ads/library/?id=1733603407884740,63
BSTN Store,https://www.facebook.com/ads/library/?id=1061493633120065,63
Weekend.ee,https://www.facebook.com/ads/library/?id=1727032901648516,63
Sportland Eesti,https://www.facebook.com/ads/library/?id=1770527233943640,60
Boozt.com,https://www.facebook.com/ads/library/?id=1780447819963801,60
Sportland Eesti,https://www.facebook.com/ads/library/?id=1420411859905716,60
Boozt.com,https://www.facebook.com/ads/library/?id=877250252110985,60
Sportland Eesti,https://www.facebook.com/ads/library/?id=1714948839722590,60
Weekend.ee,https://www.facebook.com/ads/library/?id=1334302655512766,60
Boozt.com,https://www.facebook.com/ads/library/?id=1003952385708586,60
Sportland Eesti,https://www.facebook.com/ads/library/?id=2537647586700174,60
Boozt.com,https://www.facebook.com/ads/library/?id=1012410891564130,60
Boozt.com,https://www.facebook.com/ads/library/?id=1646479079753521,60
Boozt.com,https://www.facebook.com/ads/library/?id=955311104219011,60
Boozt.com,https://www.facebook.com/ads/library/?id=1562357035269629,60
Boozt.com,https://www.facebook.com/ads/library/?id=2019586502252357,60
Sportland Eesti,https://www.facebook.com/ads/library/?id=1959617691423151,60
Weekend.ee,https://www.facebook.com/ads/library/?id=1122058833451480,60
Sportland Eesti,https://www.facebook.com/ads/library/?id=1817875082954979,60
Sportland Lietuva,https://www.facebook.com/ads/library/?id=1020431537507769,60
BSTN Store,https://www.facebook.com/ads/library/?id=2069583600583241,60
Boozt.com,https://www.facebook.com/ads/library/?id=1541818561055948,60
Sportland Eesti,https://www.facebook.com/ads/library/?id=1015911494598272,60
Boozt.com,https://www.facebook.com/ads/library/?id=4270926226385685,60
Weekend.ee,https://www.facebook.com/ads/library/?id=1395935649117203,60
Boozt.com,https://www.facebook.com/ads/library/?id=1433319518592206,60
Boozt.com,https://www.facebook.com/ads/library/?id=1370618954993113,60
Boozt.com,https://www.facebook.com/ads/library/?id=2352809632124515,60
Boozt.com,https://www.facebook.com/ads/library/?id=1936374493744542,60
Boozt.com,https://www.facebook.com/ads/library/?id=1531622618558824,60
Boozt.com,https://www.facebook.com/ads/library/?id=3540366162804681,60
SNYKS,https://www.facebook.com/ads/library/?id=1362358965386586,60
Boozt.com,https://www.facebook.com/ads/library/?id=2322605981901021,60
Sportland Eesti,https://www.facebook.com/ads/library/?id=1017324444395907,60
Sportland Latvija,https://www.facebook.com/ads/library/?id=1027683373588811,60
Boozt.com,https://www.facebook.com/ads/library/?id=1520138712946892,60
Boozt.com,https://www.facebook.com/ads/library/?id=1337252698477682,60
Sportland Eesti,https://www.facebook.com/ads/library/?id=1601642521488950,60
Ballzy Eesti,https://www.facebook.com/ads/library/?id=793239010465789,60
Boozt.com,https://www.facebook.com/ads/library/?id=1337631241883896,60
Boozt.com,https://www.facebook.com/ads/library/?id=1067163855826093,60
Sportland Latvija,https://www.facebook.com/ads/library/?id=1532607455322046,57
Sportland Latvija,https://www.facebook.com/ads/library/?id=1370710141870243,57
Sportland Latvija,https://www.facebook.com/ads/library/?id=1041414741762900,57
Ballzy Suomi,https://www.facebook.com/ads/library/?id=1746741993000935,57
Ballzy Lietuva,https://www.facebook.com/ads/library/?id=1006026445742634,57
Sportland Eesti,https://www.facebook.com/ads/library/?id=1648585226835153,56
Boozt.com,https://www.facebook.com/ads/library/?id=1013549104610260,56
Sportland Eesti,https://www.facebook.com/ads/library/?id=2111320519734808,56
Boozt.com,https://www.facebook.com/ads/library/?id=2094056198155319,56
Boozt.com,https://www.facebook.com/ads/library/?id=1073701845346630,56
Weekend.ee,https://www.facebook.com/ads/library/?id=4418121571796165,56
Boozt.com,https://www.facebook.com/ads/library/?id=2245646072914761,56
Boozt.com,https://www.facebook.com/ads/library/?id=914857464391585,56
Boozt.com,https://www.facebook.com/ads/library/?id=1769597337773703,56
Boozt.com,https://www.facebook.com/ads/library/?id=1813340646775947,56
JD Sports Lithuania,https://www.facebook.com/ads/library/?id=1349637844015016,55
Boozt.com,https://www.facebook.com/ads/library/?id=1600390948362959,55
Boozt.com,https://www.facebook.com/ads/library/?id=4647989442090721,55
Boozt.com,https://www.facebook.com/ads/library/?id=928678673610747,55
Weekend.lv,https://www.facebook.com/ads/library/?id=1965497924082954,55
JD Sports Lithuania,https://www.facebook.com/ads/library/?id=4400365006870605,55
Sportland Latvija,https://www.facebook.com/ads/library/?id=1361438895955999,54
Boozt.com,https://www.facebook.com/ads/library/?id=967429722966203,54
SNYKS,https://www.facebook.com/ads/library/?id=1913846125964137,54
Weekend.ee,https://www.facebook.com/ads/library/?id=1315238753292590,54
SNYKS,https://www.facebook.com/ads/library/?id=2190135181556581,54
Boozt.com,https://www.facebook.com/ads/library/?id=2490913914747237,54
Boozt.com,https://www.facebook.com/ads/library/?id=1051972104021333,54
Sportland Lietuva,https://www.facebook.com/ads/library/?id=1400474585267442,54
Weekend.ee,https://www.facebook.com/ads/library/?id=974347255449411,54
Weekend.ee,https://www.facebook.com/ads/library/?id=950413157727163,54
Weekend.lv,https://www.facebook.com/ads/library/?id=1437544291470977,54
JD Sports Lithuania,https://www.facebook.com/ads/library/?id=926616190470410,54
Boozt.com,https://www.facebook.com/ads/library/?id=1739353490588460,54
Boozt.com,https://www.facebook.com/ads/library/?id=2118272848757065,54
SNYKS,https://www.facebook.com/ads/library/?id=1055099340194421,54
Boozt.com,https://www.facebook.com/ads/library/?id=1946545486037598,54
Boozt.com,https://www.facebook.com/ads/library/?id=1391750949682148,54
Boozt.com,https://www.facebook.com/ads/library/?id=2773578203017214,54
Weekend.ee,https://www.facebook.com/ads/library/?id=995586463475725,54
Ballzy Latvija,https://www.facebook.com/ads/library/?id=2125192931361629,54
Boozt.com,https://www.facebook.com/ads/library/?id=1748375279492336,54
Boozt.com,https://www.facebook.com/ads/library/?id=1998420917508176,54
Sportland Lietuva,https://www.facebook.com/ads/library/?id=1034598542301193,54
Weekend.ee,https://www.facebook.com/ads/library/?id=1278458520769290,54
Boozt.com,https://www.facebook.com/ads/library/?id=1777323279921481,54
Boozt.com,https://www.facebook.com/ads/library/?id=1967182650666345,52
JD Sports Lithuania,https://www.facebook.com/ads/library/?id=2278549619637192,52
BSTN Store,https://www.facebook.com/ads/library/?id=1250155173935215,52
Ballzy Eesti,https://www.facebook.com/ads/library/?id=4634571933439936,52
Sportland Eesti,https://www.facebook.com/ads/library/?id=1906590720299931,52
Boozt.com,https://www.facebook.com/ads/library/?id=1929095281053528,52
BSTN Store,https://www.facebook.com/ads/library/?id=947689654740794,52
Ballzy Suomi,https://www.facebook.com/ads/library/?id=1721842642480428,52
Zalando,https://www.facebook.com/ads/library/?id=2576679666087248,52
Boozt.com,https://www.facebook.com/ads/library/?id=1374150281321425,52
Boozt.com,https://www.facebook.com/ads/library/?id=2128069968054496,52
Boozt.com,https://www.facebook.com/ads/library/?id=1271720734929654,52
Zalando,https://www.facebook.com/ads/library/?id=3753885204748868,52
Boozt.com,https://www.facebook.com/ads/library/?id=1803955134077518,52
Zalando,https://www.facebook.com/ads/library/?id=899667639513430,52
Zalando,https://www.facebook.com/ads/library/?id=760768310160817,52
Boozt.com,https://www.facebook.com/ads/library/?id=1578544210519962,51
Sportland Lietuva,https://www.facebook.com/ads/library/?id=1701645184381685,51
Sportland Latvija,https://www.facebook.com/ads/library/?id=1019439500875489,51
Sportland Lietuva,https://www.facebook.com/ads/library/?id=951163004649618,51
Boozt.com,https://www.facebook.com/ads/library/?id=1033069309334954,51
Sportland Lietuva,https://www.facebook.com/ads/library/?id=1357443186484722,51
JD Sports Lithuania,https://www.facebook.com/ads/library/?id=2104686073466191,51
Boozt.com,https://www.facebook.com/ads/library/?id=1370423661163307,51
Sportland Latvija,https://www.facebook.com/ads/library/?id=1551235319774854,51
JD Sports Lithuania,https://www.facebook.com/ads/library/?id=1029710716488447,51
Sportland Lietuva,https://www.facebook.com/ads/library/?id=2067149717348771,51
Sportland Lietuva,https://www.facebook.com/ads/library/?id=1544252363774624,51
Sportland Lietuva,https://www.facebook.com/ads/library/?id=1339692934890927,51
Sportland Latvija,https://www.facebook.com/ads/library/?id=1025902570407621,51
Sportland Lietuva,https://www.facebook.com/ads/library/?id=1362212179435818,51
Sportland Lietuva,https://www.facebook.com/ads/library/?id=866417806261703,51
Boozt.com,https://www.facebook.com/ads/library/?id=3157347931129083,51
Sportland Latvija,https://www.facebook.com/ads/library/?id=1715809456003479,51
Boozt.com,https://www.facebook.com/ads/library/?id=1821579578917992,50
Weekend.ee,https://www.facebook.com/ads/library/?id=991650533769383,50
JD Sports Lithuania,https://www.facebook.com/ads/library/?id=1040519111669191,50
Weekend.ee,https://www.facebook.com/ads/library/?id=2080688479178065,50
JD Sports Lithuania,https://www.facebook.com/ads/library/?id=1364604235084643,50
Weekend.ee,https://www.facebook.com/ads/library/?id=2144324083028736,50
Weekend.ee,https://www.facebook.com/ads/library/?id=3467806240063369,50
Weekend.ee,https://www.facebook.com/ads/library/?id=1764027738093485,50
Weekend.ee,https://www.facebook.com/ads/library/?id=1539213707935099,50
Weekend.lt,https://www.facebook.com/ads/library/?id=1498395501436409,49
Boozt.com,https://www.facebook.com/ads/library/?id=1562599878951604,48
Boozt.com,https://www.facebook.com/ads/library/?id=2424267658080283,48
Boozt.com,https://www.facebook.com/ads/library/?id=1486105739872348,48
Boozt.com,https://www.facebook.com/ads/library/?id=1051337280630541,48
Boozt.com,https://www.facebook.com/ads/library/?id=1396079269140856,48
Ballzy Lietuva,https://www.facebook.com/ads/library/?id=1601406438365496,48
Boozt.com,https://www.facebook.com/ads/library/?id=2145672876295636,48
Boozt.com,https://www.facebook.com/ads/library/?id=4575033932728349,48
SNYKS,https://www.facebook.com/ads/library/?id=1356393653291730,48
Boozt.com,https://www.facebook.com/ads/library/?id=1004865492536917,48
Boozt.com,https://www.facebook.com/ads/library/?id=1574581514060422,48
Boozt.com,https://www.facebook.com/ads/library/?id=1188954950089733,48
Boozt.com,https://www.facebook.com/ads/library/?id=1784189689689150,48
Boozt.com,https://www.facebook.com/ads/library/?id=2590275764703902,48
Boozt.com,https://www.facebook.com/ads/library/?id=1719824952364708,48
Boozt.com,https://www.facebook.com/ads/library/?id=1359131342273248,48
Boozt.com,https://www.facebook.com/ads/library/?id=1074625821676786,48
Boozt.com,https://www.facebook.com/ads/library/?id=1038483348834548,48
Boozt.com,https://www.facebook.com/ads/library/?id=3249231385252008,48
Boozt.com,https://www.facebook.com/ads/library/?id=1015484067932851,48
Sportland Lietuva,https://www.facebook.com/ads/library/?id=889450476993015,48
Boozt.com,https://www.facebook.com/ads/library/?id=1720791512494172,48
Boozt.com,https://www.facebook.com/ads/library/?id=1332758659068837,48
Ballzy Latvija,https://www.facebook.com/ads/library/?id=1455590839702498,48
Boozt.com,https://www.facebook.com/ads/library/?id=1710184283529798,48
Sportland Eesti,https://www.facebook.com/ads/library/?id=1063031819605629,48
Boozt.com,https://www.facebook.com/ads/library/?id=1558603045716976,48
Boozt.com,https://www.facebook.com/ads/library/?id=1067797842476888,48
Weekend.ee,https://www.facebook.com/ads/library/?id=3853809524926530,48
Boozt.com,https://www.facebook.com/ads/library/?id=1032773336403875,48
Weekend.ee,https://www.facebook.com/ads/library/?id=27001407249526524,48
ABOUT YOU,https://www.facebook.com/ads/library/?id=1566717231623418,48
Boozt.com,https://www.facebook.com/ads/library/?id=4395782910733384,48
Boozt.com,https://www.facebook.com/ads/library/?id=1749287116204922,48
SNYKS,https://www.facebook.com/ads/library/?id=1949582345727083,48
Weekend.ee,https://www.facebook.com/ads/library/?id=1334897185245341,48
Boozt.com,https://www.facebook.com/ads/library/?id=1385783950110420,48
Boozt.com,https://www.facebook.com/ads/library/?id=882653831124879,48
Ballzy Latvija,https://www.facebook.com/ads/library/?id=2847219835658326,48
Boozt.com,https://www.facebook.com/ads/library/?id=1555121479683959,48
Weekend.ee,https://www.facebook.com/ads/library/?id=1023299390162507,45
Weekend.ee,https://www.facebook.com/ads/library/?id=1005632478897033,45
JD Sports Lithuania,https://www.facebook.com/ads/library/?id=1303175285226326,45
Weekend.ee,https://www.facebook.com/ads/library/?id=1010266334703203,45
Boozt.com,https://www.facebook.com/ads/library/?id=1753373022760105,45
Weekend.ee,https://www.facebook.com/ads/library/?id=1382018237115274,45
JD Sports Lithuania,https://www.facebook.com/ads/library/?id=2144241083171339,45
Sportland Latvija,https://www.facebook.com/ads/library/?id=1736088481143463,45
Weekend.ee,https://www.facebook.com/ads/library/?id=959043763834825,45
Boozt.com,https://www.facebook.com/ads/library/?id=1049803711109827,45
Sportland Latvija,https://www.facebook.com/ads/library/?id=2123631864848906,45
Sportland Latvija,https://www.facebook.com/ads/library/?id=1759824035189293,45
JD Sports Lithuania,https://www.facebook.com/ads/library/?id=1049889754265980,45
JD Sports Lithuania,https://www.facebook.com/ads/library/?id=2226924484818204,45
Weekend.ee,https://www.facebook.com/ads/library/?id=1007986505302286,45
JD Sports Lithuania,https://www.facebook.com/ads/library/?id=1074060818381872,45
JD Sports Lithuania,https://www.facebook.com/ads/library/?id=1826287365000969,45
Weekend.ee,https://www.facebook.com/ads/library/?id=1609938893608879,45
Sportland Latvija,https://www.facebook.com/ads/library/?id=3611805989021311,45
Sportland Latvija,https://www.facebook.com/ads/library/?id=2123673771890512,45
Weekend.ee,https://www.facebook.com/ads/library/?id=1809457093350028,45
Sportland Lietuva,https://www.facebook.com/ads/library/?id=1346062183553106,45
Sportland Latvija,https://www.facebook.com/ads/library/?id=1408248094523258,45
JD Sports Lithuania,https://www.facebook.com/ads/library/?id=935930022857395,45
Weekend.lv,https://www.facebook.com/ads/library/?id=1335917274599171,45
Sportland Latvija,https://www.facebook.com/ads/library/?id=920651746969931,45
JD Sports Lithuania,https://www.facebook.com/ads/library/?id=2153279311923993,45
Weekend.ee,https://www.facebook.com/ads/library/?id=1290296069534360,45
Boozt.com,https://www.facebook.com/ads/library/?id=1717467106136542,44
SNYKS,https://www.facebook.com/ads/library/?id=1275353981187636,44
Sportland Eesti,https://www.facebook.com/ads/library/?id=2146282625920359,44
Boozt.com,https://www.facebook.com/ads/library/?id=1399045999089720,44
Sportland Eesti,https://www.facebook.com/ads/library/?id=2093385664885484,44
Sportland Latvija,https://www.facebook.com/ads/library/?id=2068869023836218,44
Boozt.com,https://www.facebook.com/ads/library/?id=1351758497040743,44
Boozt.com,https://www.facebook.com/ads/library/?id=997070089758901,44
Boozt.com,https://www.facebook.com/ads/library/?id=1049835187434353,44
Boozt.com,https://www.facebook.com/ads/library/?id=2116637492567800,44
Boozt.com,https://www.facebook.com/ads/library/?id=1025996446697878,44
Sportland Eesti,https://www.facebook.com/ads/library/?id=1406218358155652,44
Boozt.com,https://www.facebook.com/ads/library/?id=1916661272339539,44
Sportland Eesti,https://www.facebook.com/ads/library/?id=3194901237349507,44
Boozt.com,https://www.facebook.com/ads/library/?id=2277352076409281,44
Boozt.com,https://www.facebook.com/ads/library/?id=1909271639739232,44
Boozt.com,https://www.facebook.com/ads/library/?id=2285255155731844,42
Boozt.com,https://www.facebook.com/ads/library/?id=1292221709431971,42
Weekend.lt,https://www.facebook.com/ads/library/?id=1006013735653465,42
Sportland Latvija,https://www.facebook.com/ads/library/?id=1569229938251011,42
Boozt.com,https://www.facebook.com/ads/library/?id=1716313719665409,42
Boozt.com,https://www.facebook.com/ads/library/?id=2257915414984728,42
Sportland Latvija,https://www.facebook.com/ads/library/?id=2289141788577870,42
Weekend.ee,https://www.facebook.com/ads/library/?id=2062396111358423,42
Sportland Lietuva,https://www.facebook.com/ads/library/?id=1098766196149839,42
Boozt.com,https://www.facebook.com/ads/library/?id=1351462253856695,42
Boozt.com,https://www.facebook.com/ads/library/?id=2521618061623358,42
Sportland Eesti,https://www.facebook.com/ads/library/?id=1692470135357340,40
Sportland Eesti,https://www.facebook.com/ads/library/?id=1604395894360669,40
Boozt.com,https://www.facebook.com/ads/library/?id=1367610378681878,40
Sportland Eesti,https://www.facebook.com/ads/library/?id=1080691017970264,40
Sportland Latvija,https://www.facebook.com/ads/library/?id=2046521612610152,40
Weekend.lv,https://www.facebook.com/ads/library/?id=1332966758361700,40
JD Sports Lithuania,https://www.facebook.com/ads/library/?id=1048982860802209,40
Weekend.ee,https://www.facebook.com/ads/library/?id=1566790091540496,40
Weekend.ee,https://www.facebook.com/ads/library/?id=1013985734819393,40
SNYKS,https://www.facebook.com/ads/library/?id=1857998535577720,40
Sportland Eesti,https://www.facebook.com/ads/library/?id=1427020405994045,40
Weekend.ee,https://www.facebook.com/ads/library/?id=1676295350294824,40
Weekend.ee,https://www.facebook.com/ads/library/?id=1928457514524950,40
Sportland Latvija,https://www.facebook.com/ads/library/?id=2481070299045795,39
Sportland Latvija,https://www.facebook.com/ads/library/?id=2341359909729600,39
Boozt.com,https://www.facebook.com/ads/library/?id=2036246733663831,39
Boozt.com,https://www.facebook.com/ads/library/?id=1581979453274521,39
Boozt.com,https://www.facebook.com/ads/library/?id=1031459806401163,39
Ballzy Lietuva,https://www.facebook.com/ads/library/?id=1343553900665483,38
Ballzy Eesti,https://www.facebook.com/ads/library/?id=1710333206911995,38
Boozt.com,https://www.facebook.com/ads/library/?id=3285751368299774,36
Boozt.com,https://www.facebook.com/ads/library/?id=1601636744905902,36
Boozt.com,https://www.facebook.com/ads/library/?id=4058318304461846,36
Boozt.com,https://www.facebook.com/ads/library/?id=1567654574940725,36
Boozt.com,https://www.facebook.com/ads/library/?id=1377469227256981,36
Boozt.com,https://www.facebook.com/ads/library/?id=3607113396102297,36
Boozt.com,https://www.facebook.com/ads/library/?id=1093727656342939,36
Boozt.com,https://www.facebook.com/ads/library/?id=843793622021177,36
Sportland Lietuva,https://www.facebook.com/ads/library/?id=900498756465906,36
Boozt.com,https://www.facebook.com/ads/library/?id=2271757940031216,36
Boozt.com,https://www.facebook.com/ads/library/?id=2082611605962303,36
Weekend.lt,https://www.facebook.com/ads/library/?id=4446697708919185,36
Boozt.com,https://www.facebook.com/ads/library/?id=1573239847520076,36
JD Sports Lithuania,https://www.facebook.com/ads/library/?id=1685774115961848,36
Boozt.com,https://www.facebook.com/ads/library/?id=2105879897014960,36
Boozt.com,https://www.facebook.com/ads/library/?id=828152853716823,36
Sportland Eesti,https://www.facebook.com/ads/library/?id=1726129128662220,36
Boozt.com,https://www.facebook.com/ads/library/?id=4114941478640554,36
JD Sports Lithuania,https://www.facebook.com/ads/library/?id=4609144892690741,36
Boozt.com,https://www.facebook.com/ads/library/?id=1456957412938840,36
JD Sports Lithuania,https://www.facebook.com/ads/library/?id=2465432817201552,36
Boozt.com,https://www.facebook.com/ads/library/?id=879185611626569,36
Boozt.com,https://www.facebook.com/ads/library/?id=2806891626359720,36
Boozt.com,https://www.facebook.com/ads/library/?id=1045162331382501,36
Boozt.com,https://www.facebook.com/ads/library/?id=1712629596623699,36
Boozt.com,https://www.facebook.com/ads/library/?id=2530437430760770,36
Boozt.com,https://www.facebook.com/ads/library/?id=3603747149776783,36
JD Sports Lithuania,https://www.facebook.com/ads/library/?id=1037176488958201,36
Boozt.com,https://www.facebook.com/ads/library/?id=1357017525758968,36
Sportland Latvija,https://www.facebook.com/ads/library/?id=914331311718199,36
Boozt.com,https://www.facebook.com/ads/library/?id=1035640285848317,36
Boozt.com,https://www.facebook.com/ads/library/?id=2842891789443450,36
Boozt.com,https://www.facebook.com/ads/library/?id=2614415715962080,36
Ballzy Suomi,https://www.facebook.com/ads/library/?id=1004858235714064,36
Sportland Latvija,https://www.facebook.com/ads/library/?id=1496989341696256,36
JD Sports Lithuania,https://www.facebook.com/ads/library/?id=1055701760473648,36
Boozt.com,https://www.facebook.com/ads/library/?id=1397463749010509,36
Boozt.com,https://www.facebook.com/ads/library/?id=2464497874048030,36
Boozt.com,https://www.facebook.com/ads/library/?id=1345253594368675,36
Boozt.com,https://www.facebook.com/ads/library/?id=2054260565966865,36
Ballzy Eesti,https://www.facebook.com/ads/library/?id=2468830403591662,36
Sportland Eesti,https://www.facebook.com/ads/library/?id=1061445836430872,36
Boozt.com,https://www.facebook.com/ads/library/?id=1511577823485397,36
Boozt.com,https://www.facebook.com/ads/library/?id=1565998995028710,36
BSTN Store,https://www.facebook.com/ads/library/?id=1377157770975767,36
Boozt.com,https://www.facebook.com/ads/library/?id=1571380367983270,36
Boozt.com,https://www.facebook.com/ads/library/?id=1499513154832522,36
JD Sports Lithuania,https://www.facebook.com/ads/library/?id=1597339535443845,36
Boozt.com,https://www.facebook.com/ads/library/?id=2532535770603022,36
Boozt.com,https://www.facebook.com/ads/library/?id=2051368158924556,36
JD Sports Lithuania,https://www.facebook.com/ads/library/?id=981638674339620,36
Boozt.com,https://www.facebook.com/ads/library/?id=1356247169432246,36
Sportland Eesti,https://www.facebook.com/ads/library/?id=2225033121607190,36
Ballzy Suomi,https://www.facebook.com/ads/library/?id=1320291613507804,36
Weekend.ee,https://www.facebook.com/ads/library/?id=2227629387981998,35
Sportland Latvija,https://www.facebook.com/ads/library/?id=1589900072471398,35
Boozt.com,https://www.facebook.com/ads/library/?id=3599571000208859,35
Weekend.lv,https://www.facebook.com/ads/library/?id=798727429994732,35
Weekend.ee,https://www.facebook.com/ads/library/?id=1941738596522497,35
Weekend.ee,https://www.facebook.com/ads/library/?id=1036083472280296,35
Weekend.ee,https://www.facebook.com/ads/library/?id=2105773253691253,35
SNYKS,https://www.facebook.com/ads/library/?id=2104885130123056,35
Ballzy Latvija,https://www.facebook.com/ads/library/?id=1380598113941833,34
Boozt.com,https://www.facebook.com/ads/library/?id=1014676681276768,33
Boozt.com,https://www.facebook.com/ads/library/?id=1224141983181104,33
Sportland Eesti,https://www.facebook.com/ads/library/?id=1759579468326714,32
JD Sports Lithuania,https://www.facebook.com/ads/library/?id=1406872587950064,32
Sportland Eesti,https://www.facebook.com/ads/library/?id=37367216996256580,32
JD Sports Lithuania,https://www.facebook.com/ads/library/?id=1758448538643959,32
JD Sports Lithuania,https://www.facebook.com/ads/library/?id=1696248998281331,32
Sportland Eesti,https://www.facebook.com/ads/library/?id=1368492695389633,32
Sportland Eesti,https://www.facebook.com/ads/library/?id=1443252418002330,32
Boozt.com,https://www.facebook.com/ads/library/?id=27140145869001412,30
Sportland Latvija,https://www.facebook.com/ads/library/?id=1565789275248795,30
Sportland Eesti,https://www.facebook.com/ads/library/?id=875217148661619,30
JD Sports Lithuania,https://www.facebook.com/ads/library/?id=1500835281798987,30
Boozt.com,https://www.facebook.com/ads/library/?id=1676843773540850,30
Boozt.com,https://www.facebook.com/ads/library/?id=3319541334886479,30
Boozt.com,https://www.facebook.com/ads/library/?id=808191152284241,30
Sportland Eesti,https://www.facebook.com/ads/library/?id=1536677518005150,30
Weekend.lt,https://www.facebook.com/ads/library/?id=1705439487169562,30
Weekend.lt,https://www.facebook.com/ads/library/?id=2457169564762028,30
Sportland Eesti,https://www.facebook.com/ads/library/?id=928532543624641,28
Sportland Eesti,https://www.facebook.com/ads/library/?id=1394299312574815,28
Sportland Eesti,https://www.facebook.com/ads/library/?id=1298295509045728,28
Boozt.com,https://www.facebook.com/ads/library/?id=1006895115459777,28
Sportland Eesti,https://www.facebook.com/ads/library/?id=1924633584883767,28
Boozt.com,https://www.facebook.com/ads/library/?id=2217436378796065,28
Weekend.ee,https://www.facebook.com/ads/library/?id=1027875069763465,28
JD Sports Lithuania,https://www.facebook.com/ads/library/?id=4623593197876059,27
Sportland Lietuva,https://www.facebook.com/ads/library/?id=1017867884496274,27
Boozt.com,https://www.facebook.com/ads/library/?id=1026477390253182,27
Boozt.com,https://www.facebook.com/ads/library/?id=1351691513053314,27
Sportland Lietuva,https://www.facebook.com/ads/library/?id=970696629305982,27
ABOUT YOU,https://www.facebook.com/ads/library/?id=874771304476310,26
Sportland Latvija,https://www.facebook.com/ads/library/?id=2025498891384823,26
Zalando,https://www.facebook.com/ads/library/?id=1372584974831595,26
Boozt.com,https://www.facebook.com/ads/library/?id=1065777759725280,26
BSTN Store,https://www.facebook.com/ads/library/?id=992337059901543,26
Zalando,https://www.facebook.com/ads/library/?id=1016676784397840,26
Boozt.com,https://www.facebook.com/ads/library/?id=1031718573052096,26
Sportland Eesti,https://www.facebook.com/ads/library/?id=1917051496348018,26
Sportland Latvija,https://www.facebook.com/ads/library/?id=1356108489957341,26
Weekend.ee,https://www.facebook.com/ads/library/?id=1773823210665495,25
Weekend.lt,https://www.facebook.com/ads/library/?id=2218377632280176,24
Weekend.lt,https://www.facebook.com/ads/library/?id=1265478105588300,24
Boozt.com,https://www.facebook.com/ads/library/?id=27813765741592164,24
Boozt.com,https://www.facebook.com/ads/library/?id=1042554455403388,24
Boozt.com,https://www.facebook.com/ads/library/?id=1376279080648673,24
Sportland Lietuva,https://www.facebook.com/ads/library/?id=2216194789178507,24
Boozt.com,https://www.facebook.com/ads/library/?id=5527484240810031,24
Weekend.lt,https://www.facebook.com/ads/library/?id=1754126015781522,24
Weekend.lt,https://www.facebook.com/ads/library/?id=2092070304682157,24
BSTN Store,https://www.facebook.com/ads/library/?id=1531137334620929,24
Weekend.lt,https://www.facebook.com/ads/library/?id=1570125421237197,24
Weekend.lt,https://www.facebook.com/ads/library/?id=1070566055498463,24
Weekend.lt,https://www.facebook.com/ads/library/?id=1753287876006212,24
Sportland Eesti,https://www.facebook.com/ads/library/?id=1987830125262124,24
Boozt.com,https://www.facebook.com/ads/library/?id=1764395911269604,24
Boozt.com,https://www.facebook.com/ads/library/?id=2143052389942592,21
Boozt.com,https://www.facebook.com/ads/library/?id=1104702478911150,21
Boozt.com,https://www.facebook.com/ads/library/?id=1050340264030454,21
Sportland Latvija,https://www.facebook.com/ads/library/?id=1582788873892769,21
Sportland Latvija,https://www.facebook.com/ads/library/?id=1407028464652460,21
Sportland Latvija,https://www.facebook.com/ads/library/?id=1872423997499328,21
Sportland Lietuva,https://www.facebook.com/ads/library/?id=1633886681643775,21
Sportland Lietuva,https://www.facebook.com/ads/library/?id=2908794372802184,21
Sportland Lietuva,https://www.facebook.com/ads/library/?id=2252280185610212,21
Sportland Lietuva,https://www.facebook.com/ads/library/?id=3507923586042879,21
Weekend.ee,https://www.facebook.com/ads/library/?id=2899742433736788,20
Boozt.com,https://www.facebook.com/ads/library/?id=1049334444140765,20
Boozt.com,https://www.facebook.com/ads/library/?id=1411591560783425,20
Weekend.ee,https://www.facebook.com/ads/library/?id=1041398891761347,20
Sportland Lietuva,https://www.facebook.com/ads/library/?id=1558686242497991,19
Boozt.com,https://www.facebook.com/ads/library/?id=1371574117641397,18
Sportland Latvija,https://www.facebook.com/ads/library/?id=1031235909697181,18
Sportland Latvija,https://www.facebook.com/ads/library/?id=1586322992847837,18
JD Sports,https://www.facebook.com/ads/library/?id=2075694773325196,18
JD Sports,https://www.facebook.com/ads/library/?id=2480745272430035,18
Zalando,https://www.facebook.com/ads/library/?id=2022525925364677,18
Zalando,https://www.facebook.com/ads/library/?id=1315133613856279,18
JD Sports Lithuania,https://www.facebook.com/ads/library/?id=1503184221063757,18
Boozt.com,https://www.facebook.com/ads/library/?id=1351288909966296,18
Sportland Latvija,https://www.facebook.com/ads/library/?id=1012717051507892,18
Sportland Eesti,https://www.facebook.com/ads/library/?id=1751253912541396,18
Ballzy Latvija,https://www.facebook.com/ads/library/?id=1346963140836191,17
Ballzy Latvija,https://www.facebook.com/ads/library/?id=2661268157641335,16
Weekend.lv,https://www.facebook.com/ads/library/?id=1699148067968782,16
JD Sports Lithuania,https://www.facebook.com/ads/library/?id=1685574185855060,16
Boozt.com,https://www.facebook.com/ads/library/?id=1548771492756232,16
Weekend.ee,https://www.facebook.com/ads/library/?id=2178835272663155,16
Weekend.ee,https://www.facebook.com/ads/library/?id=28214395598186770,16
Weekend.ee,https://www.facebook.com/ads/library/?id=1597323208578616,16
Weekend.ee,https://www.facebook.com/ads/library/?id=1270119761777623,16
Ballzy Lietuva,https://www.facebook.com/ads/library/?id=1363894179187448,16
Weekend.ee,https://www.facebook.com/ads/library/?id=1372351731664871,16
Weekend.lv,https://www.facebook.com/ads/library/?id=1368261462162416,16
Weekend.ee,https://www.facebook.com/ads/library/?id=4464054207186031,16
Weekend.ee,https://www.facebook.com/ads/library/?id=1626893445821888,16
Weekend.ee,https://www.facebook.com/ads/library/?id=1774392837031194,16
Weekend.ee,https://www.facebook.com/ads/library/?id=858908640492758,16
Weekend.lv,https://www.facebook.com/ads/library/?id=1541618304015671,15
Sportland Latvija,https://www.facebook.com/ads/library/?id=1003728469120828,15
Ballzy Lietuva,https://www.facebook.com/ads/library/?id=1032074152900756,15
Ballzy Eesti,https://www.facebook.com/ads/library/?id=1010280661847419,15
Modivo,https://www.facebook.com/ads/library/?id=3312880788894541,15
Modivo,https://www.facebook.com/ads/library/?id=1417849207031050,15
JD Sports Lithuania,https://www.facebook.com/ads/library/?id=1075329134832642,15
Ballzy Eesti,https://www.facebook.com/ads/library/?id=2945287285807376,15
Sportland Eesti,https://www.facebook.com/ads/library/?id=1009228718746184,15
Ballzy Latvija,https://www.facebook.com/ads/library/?id=1986061048741414,15
Ballzy Lietuva,https://www.facebook.com/ads/library/?id=2067640843874927,15
Sportland Latvija,https://www.facebook.com/ads/library/?id=984303667938137,15
Ballzy Lietuva,https://www.facebook.com/ads/library/?id=3666289293524017,15
BSTN Store,https://www.facebook.com/ads/library/?id=2019232815338447,15
Sportland Latvija,https://www.facebook.com/ads/library/?id=3473196129527733,15
Ballzy Suomi,https://www.facebook.com/ads/library/?id=1029369039865321,14
Ballzy Lietuva,https://www.facebook.com/ads/library/?id=3102370683289968,14
Weekend.lt,https://www.facebook.com/ads/library/?id=1704925804059325,14
Ballzy Latvija,https://www.facebook.com/ads/library/?id=4565347476944546,13
Ballzy Eesti,https://www.facebook.com/ads/library/?id=2822575331434696,13
ABOUT YOU,https://www.facebook.com/ads/library/?id=1611910953776762,13
Ballzy Eesti,https://www.facebook.com/ads/library/?id=1479142780687974,13
Ballzy Eesti,https://www.facebook.com/ads/library/?id=2212545132914558,12
Weekend.ee,https://www.facebook.com/ads/library/?id=28944084425191810,12
Sportland Latvija,https://www.facebook.com/ads/library/?id=1427160919221849,12
Ballzy Latvija,https://www.facebook.com/ads/library/?id=1597960745283906,12
Weekend.ee,https://www.facebook.com/ads/library/?id=972192742575839,12
Ballzy Lietuva,https://www.facebook.com/ads/library/?id=1303802141617379,12
Sportland Latvija,https://www.facebook.com/ads/library/?id=1357716622967980,12
Boozt.com,https://www.facebook.com/ads/library/?id=2282104545934430,12
Weekend.ee,https://www.facebook.com/ads/library/?id=1531486218992365,12
Weekend.ee,https://www.facebook.com/ads/library/?id=1078359151215373,12
Sportland Lietuva,https://www.facebook.com/ads/library/?id=1932403330809500,12
Weekend.ee,https://www.facebook.com/ads/library/?id=1687737845643219,12
Sportland Eesti,https://www.facebook.com/ads/library/?id=1387526466559771,12
Weekend.ee,https://www.facebook.com/ads/library/?id=1040739405595541,12
Weekend.ee,https://www.facebook.com/ads/library/?id=1630253341992050,12
Ballzy Basketball,https://www.facebook.com/ads/library/?id=1062649889502436,12
Sportland Eesti,https://www.facebook.com/ads/library/?id=1639442687144524,12
Weekend.ee,https://www.facebook.com/ads/library/?id=1036663082289162,12
Weekend.ee,https://www.facebook.com/ads/library/?id=1031686796259518,12
Sportland Eesti,https://www.facebook.com/ads/library/?id=1029461893353914,12
Weekend.ee,https://www.facebook.com/ads/library/?id=1042816375157679,12
Sportland Latvija,https://www.facebook.com/ads/library/?id=1049376434297227,12
Boozt.com,https://www.facebook.com/ads/library/?id=1578211207203304,12
Sportland Lietuva,https://www.facebook.com/ads/library/?id=37105395492437140,12
Sportland Latvija,https://www.facebook.com/ads/library/?id=1537043211135970,12
Sportland Lietuva,https://www.facebook.com/ads/library/?id=1714301819647874,12
Weekend.ee,https://www.facebook.com/ads/library/?id=1687089979058852,12
Weekend.lv,https://www.facebook.com/ads/library/?id=1525513515988895,12
Ballzy Eesti,https://www.facebook.com/ads/library/?id=1368171085451560,12
Boozt.com,https://www.facebook.com/ads/library/?id=2267351004103088,12
JD Sports Lithuania,https://www.facebook.com/ads/library/?id=2397279377772082,12
Weekend.ee,https://www.facebook.com/ads/library/?id=1043210068597493,12
Boozt.com,https://www.facebook.com/ads/library/?id=2262298284545361,11
Ballzy Lietuva,https://www.facebook.com/ads/library/?id=1373706444150296,11
SNYKS,https://www.facebook.com/ads/library/?id=1053465390370402,11
Ballzy Latvija,https://www.facebook.com/ads/library/?id=1601847391485653,11
Sportland Latvija,https://www.facebook.com/ads/library/?id=1011171504853414,9
Sportland Latvija,https://www.facebook.com/ads/library/?id=2097618014158378,9
SNYKS,https://www.facebook.com/ads/library/?id=1338669607846024,9
Ballzy Latvija,https://www.facebook.com/ads/library/?id=1761015315248083,9
JD Sports Lithuania,https://www.facebook.com/ads/library/?id=1361451692850170,9
Sportland Latvija,https://www.facebook.com/ads/library/?id=4413019008964349,9
Sportland Latvija,https://www.facebook.com/ads/library/?id=1629790941906226,9
Sportland Latvija,https://www.facebook.com/ads/library/?id=1767072154481290,9
Weekend.ee,https://www.facebook.com/ads/library/?id=2004892393529484,9
Ballzy Eesti,https://www.facebook.com/ads/library/?id=2458885104588095,9
Boozt.com,https://www.facebook.com/ads/library/?id=28330504256567652,9
Ballzy Suomi,https://www.facebook.com/ads/library/?id=1517702289636350,9
Weekend.ee,https://www.facebook.com/ads/library/?id=1075965965208126,8
JD Sports Lithuania,https://www.facebook.com/ads/library/?id=2123202291570833,8
Weekend.ee,https://www.facebook.com/ads/library/?id=1350697176714355,8
Weekend.lv,https://www.facebook.com/ads/library/?id=2634389620297281,8
Sportland Latvija,https://www.facebook.com/ads/library/?id=1737622220701217,8
Weekend.ee,https://www.facebook.com/ads/library/?id=2676569956078245,8
Weekend.lv,https://www.facebook.com/ads/library/?id=1725440161991991,8
Sportland Lietuva,https://www.facebook.com/ads/library/?id=1003189135656395,8
Sportland Eesti,https://www.facebook.com/ads/library/?id=832716939772691,8
Weekend.ee,https://www.facebook.com/ads/library/?id=1026993720078979,8
Weekend.ee,https://www.facebook.com/ads/library/?id=3732211226935596,8
Boozt.com,https://www.facebook.com/ads/library/?id=1026519340120338,8
Sportland Eesti,https://www.facebook.com/ads/library/?id=1062412842899802,8
Ballzy Latvija,https://www.facebook.com/ads/library/?id=1379314377597701,7
Boozt.com,https://www.facebook.com/ads/library/?id=1450129963833225,7
Ballzy Suomi,https://www.facebook.com/ads/library/?id=1500006935214697,7
SNYKS,https://www.facebook.com/ads/library/?id=1015137187793992,7
Ballzy Lietuva,https://www.facebook.com/ads/library/?id=910198724917351,7
Ballzy Suomi,https://www.facebook.com/ads/library/?id=1558820429368257,7
Weekend.lv,https://www.facebook.com/ads/library/?id=2996394607407103,6
Weekend.ee,https://www.facebook.com/ads/library/?id=2843366136056472,6
Weekend.lv,https://www.facebook.com/ads/library/?id=1773337943703877,6
Weekend.lt,https://www.facebook.com/ads/library/?id=1561172302066577,6
BSTN Store,https://www.facebook.com/ads/library/?id=4411576835762563,6
Sportland Eesti,https://www.facebook.com/ads/library/?id=1049528937465008,6
Sportland Eesti,https://www.facebook.com/ads/library/?id=1281363087137178,6
Ballzy Suomi,https://www.facebook.com/ads/library/?id=1103419202035603,6
Weekend.lt,https://www.facebook.com/ads/library/?id=1694905318427242,6
Weekend.ee,https://www.facebook.com/ads/library/?id=1062576736448515,6
Weekend.ee,https://www.facebook.com/ads/library/?id=2266195260849052,6
Weekend.lv,https://www.facebook.com/ads/library/?id=1565868288408733,6
Weekend.ee,https://www.facebook.com/ads/library/?id=1588474295954639,6
Sportland Latvija,https://www.facebook.com/ads/library/?id=1047736461043538,5
Sportland Latvija,https://www.facebook.com/ads/library/?id=1688554772360294,5
Weekend.lt,https://www.facebook.com/ads/library/?id=1708779696826181,5
Weekend.lt,https://www.facebook.com/ads/library/?id=1024377333643796,5
Sportland Latvija,https://www.facebook.com/ads/library/?id=1040491041853996,5
Weekend.lv,https://www.facebook.com/ads/library/?id=1549991493471275,5
Boozt.com,https://www.facebook.com/ads/library/?id=1623063179532352,4
Weekend.lt,https://www.facebook.com/ads/library/?id=1034330928981712,4
Weekend.lt,https://www.facebook.com/ads/library/?id=2506425599871840,4
Sportland Latvija,https://www.facebook.com/ads/library/?id=1531507844571467,4
Sportland Eesti,https://www.facebook.com/ads/library/?id=1022383913645570,4
Boozt.com,https://www.facebook.com/ads/library/?id=1339739701647794,4
BSTN Store,https://www.facebook.com/ads/library/?id=1624025333064470,3
Sportland Latvija,https://www.facebook.com/ads/library/?id=2611306752654105,3
BSTN Store,https://www.facebook.com/ads/library/?id=1471375301701733,3
Sportland Lietuva,https://www.facebook.com/ads/library/?id=1045543124591258,3
Sportland Lietuva,https://www.facebook.com/ads/library/?id=1689352372301320,3
Boozt.com,https://www.facebook.com/ads/library/?id=2247788046021769,3
Sportland Lietuva,https://www.facebook.com/ads/library/?id=1328504249397155,3
Sportland Lietuva,https://www.facebook.com/ads/library/?id=1823511431955986,3
Sportland Latvija,https://www.facebook.com/ads/library/?id=823937854018509,3
Sportland Latvija,https://www.facebook.com/ads/library/?id=1071159192105523,3
Sportland Latvija,https://www.facebook.com/ads/library/?id=1697978644656260,3
SNYKS,https://www.facebook.com/ads/library/?id=1585926006228758,2
Boozt.com,https://www.facebook.com/ads/library/?id=1347246563649398,2
ABOUT YOU,https://www.facebook.com/ads/library/?id=1477944001034013,1
Boozt.com,https://www.facebook.com/ads/library/?id=1694939188402469,1