first_date,id,page_name,ad_snapshot_url
2026-08-09,1379314377597700,Ballzy Latvija,https://www.facebook.com/ads/archive/render_ad/?id=1379314377597701&access_token=EAATnrmoQyC4BRtlStZCpnUVOAiZAI7ia41GvW0Sam17UPHT0rfwpjZCnFZBVOUsAhLc76Al3mcLeT1xzOtMTgxR2aBJrWIwVIZCkzD8dXjjeybLndMrBmf41ds0ScfegvMr1mEGZC872hiUMZCbYSr8RUFZBZBB8vteMefp8vWepUjMJ342AkxzDv6JFgW7ZAMRsU1x8KlvZBZBf
2026-08-09,1517702289636350,Ballzy Suomi,https://www.facebook.com/ads/archive/render_ad/?id=1517702289636350&access_token=EAATnrmoQyC4BRtlStZCpnUVOAiZAI7ia41GvW0Sam17UPHT0rfwpjZCnFZBVOUsAhLc76Al3mcLeT1xzOtMTgxR2aBJrWIwVIZCkzD8dXjjeybLndMrBmf41ds0ScfegvMr1mEGZC872hiUMZCbYSr8RUFZBZBB8vteMefp8vWepUjMJ342AkxzDv6JFgW7ZAMRsU1x8KlvZBZBf
2026-08-09,2945287285807380,Ballzy Eesti,https://www.facebook.com/ads/archive/render_ad/?id=2945287285807376&access_token=EAATnrmoQyC4BRtlStZCpnUVOAiZAI7ia41GvW0Sam17UPHT0rfwpjZCnFZBVOUsAhLc76Al3mcLeT1xzOtMTgxR2aBJrWIwVIZCkzD8dXjjeybLndMrBmf41ds0ScfegvMr1mEGZC872hiUMZCbYSr8RUFZBZBB8vteMefp8vWepUjMJ342AkxzDv6JFgW7ZAMRsU1x8KlvZBZBf
2026-08-09,1558820429368260,Ballzy Suomi,https://www.facebook.com/ads/archive/render_ad/?id=1558820429368257&access_token=EAATnrmoQyC4BRtlStZCpnUVOAiZAI7ia41GvW0Sam17UPHT0rfwpjZCnFZBVOUsAhLc76Al3mcLeT1xzOtMTgxR2aBJrWIwVIZCkzD8dXjjeybLndMrBmf41ds0ScfegvMr1mEGZC872hiUMZCbYSr8RUFZBZBB8vteMefp8vWepUjMJ342AkxzDv6JFgW7ZAMRsU1x8KlvZBZBf
2026-08-09,1029369039865320,Ballzy Suomi,https://www.facebook.com/ads/archive/render_ad/?id=1029369039865321&access_token=EAATnrmoQyC4BRtlStZCpnUVOAiZAI7ia41GvW0Sam17UPHT0rfwpjZCnFZBVOUsAhLc76Al3mcLeT1xzOtMTgxR2aBJrWIwVIZCkzD8dXjjeybLndMrBmf41ds0ScfegvMr1mEGZC872hiUMZCbYSr8RUFZBZBB8vteMefp8vWepUjMJ342AkxzDv6JFgW7ZAMRsU1x8KlvZBZBf
2026-08-09,1361600995525440,Citadele pank,https://www.facebook.com/ads/archive/render_ad/?id=1361600995525440&access_token=EAATnrmoQyC4BRtlStZCpnUVOAiZAI7ia41GvW0Sam17UPHT0rfwpjZCnFZBVOUsAhLc76Al3mcLeT1xzOtMTgxR2aBJrWIwVIZCkzD8dXjjeybLndMrBmf41ds0ScfegvMr1mEGZC872hiUMZCbYSr8RUFZBZBB8vteMefp8vWepUjMJ342AkxzDv6JFgW7ZAMRsU1x8KlvZBZBf
2026-08-09,1303802141617380,Ballzy Lietuva,https://www.facebook.com/ads/archive/render_ad/?id=1303802141617379&access_token=EAATnrmoQyC4BRtlStZCpnUVOAiZAI7ia41GvW0Sam17UPHT0rfwpjZCnFZBVOUsAhLc76Al3mcLeT1xzOtMTgxR2aBJrWIwVIZCkzD8dXjjeybLndMrBmf41ds0ScfegvMr1mEGZC872hiUMZCbYSr8RUFZBZBB8vteMefp8vWepUjMJ342AkxzDv6JFgW7ZAMRsU1x8KlvZBZBf
2026-08-09,1095243999494570,Lidl Eesti,https://www.facebook.com/ads/archive/render_ad/?id=1095243999494567&access_token=EAATnrmoQyC4BRtlStZCpnUVOAiZAI7ia41GvW0Sam17UPHT0rfwpjZCnFZBVOUsAhLc76Al3mcLeT1xzOtMTgxR2aBJrWIwVIZCkzD8dXjjeybLndMrBmf41ds0ScfegvMr1mEGZC872hiUMZCbYSr8RUFZBZBB8vteMefp8vWepUjMJ342AkxzDv6JFgW7ZAMRsU1x8KlvZBZBf
2026-08-09,979214721840905,Confido,https://www.facebook.com/ads/archive/render_ad/?id=979214721840905&access_token=EAATnrmoQyC4BRtlStZCpnUVOAiZAI7ia41GvW0Sam17UPHT0rfwpjZCnFZBVOUsAhLc76Al3mcLeT1xzOtMTgxR2aBJrWIwVIZCkzD8dXjjeybLndMrBmf41ds0ScfegvMr1mEGZC872hiUMZCbYSr8RUFZBZBB8vteMefp8vWepUjMJ342AkxzDv6JFgW7ZAMRsU1x8KlvZBZBf
2026-08-09,1062649889502440,Ballzy Basketball,https://www.facebook.com/ads/archive/render_ad/?id=1062649889502436&access_token=EAATnrmoQyC4BRtlStZCpnUVOAiZAI7ia41GvW0Sam17UPHT0rfwpjZCnFZBVOUsAhLc76Al3mcLeT1xzOtMTgxR2aBJrWIwVIZCkzD8dXjjeybLndMrBmf41ds0ScfegvMr1mEGZC872hiUMZCbYSr8RUFZBZBB8vteMefp8vWepUjMJ342AkxzDv6JFgW7ZAMRsU1x8KlvZBZBf
2026-08-09,1986061048741410,Ballzy Latvija,https://www.facebook.com/ads/archive/render_ad/?id=1986061048741414&access_token=EAATnrmoQyC4BRtlStZCpnUVOAiZAI7ia41GvW0Sam17UPHT0rfwpjZCnFZBVOUsAhLc76Al3mcLeT1xzOtMTgxR2aBJrWIwVIZCkzD8dXjjeybLndMrBmf41ds0ScfegvMr1mEGZC872hiUMZCbYSr8RUFZBZBB8vteMefp8vWepUjMJ342AkxzDv6JFgW7ZAMRsU1x8KlvZBZBf
2026-08-09,2458885104588100,Ballzy Eesti,https://www.facebook.com/ads/archive/render_ad/?id=2458885104588095&access_token=EAATnrmoQyC4BRtlStZCpnUVOAiZAI7ia41GvW0Sam17UPHT0rfwpjZCnFZBVOUsAhLc76Al3mcLeT1xzOtMTgxR2aBJrWIwVIZCkzD8dXjjeybLndMrBmf41ds0ScfegvMr1mEGZC872hiUMZCbYSr8RUFZBZBB8vteMefp8vWepUjMJ342AkxzDv6JFgW7ZAMRsU1x8KlvZBZBf
2026-08-09,1363894179187450,Ballzy Lietuva,https://www.facebook.com/ads/archive/render_ad/?id=1363894179187448&access_token=EAATnrmoQyC4BRtlStZCpnUVOAiZAI7ia41GvW0Sam17UPHT0rfwpjZCnFZBVOUsAhLc76Al3mcLeT1xzOtMTgxR2aBJrWIwVIZCkzD8dXjjeybLndMrBmf41ds0ScfegvMr1mEGZC872hiUMZCbYSr8RUFZBZBB8vteMefp8vWepUjMJ342AkxzDv6JFgW7ZAMRsU1x8KlvZBZBf
2026-08-09,910198724917351,Ballzy Lietuva,https://www.facebook.com/ads/archive/render_ad/?id=910198724917351&access_token=EAATnrmoQyC4BRtlStZCpnUVOAiZAI7ia41GvW0Sam17UPHT0rfwpjZCnFZBVOUsAhLc76Al3mcLeT1xzOtMTgxR2aBJrWIwVIZCkzD8dXjjeybLndMrBmf41ds0ScfegvMr1mEGZC872hiUMZCbYSr8RUFZBZBB8vteMefp8vWepUjMJ342AkxzDv6JFgW7ZAMRsU1x8KlvZBZBf
2026-08-09,1032074152900760,Ballzy Lietuva,https://www.facebook.com/ads/archive/render_ad/?id=1032074152900756&access_token=EAATnrmoQyC4BRtlStZCpnUVOAiZAI7ia41GvW0Sam17UPHT0rfwpjZCnFZBVOUsAhLc76Al3mcLeT1xzOtMTgxR2aBJrWIwVIZCkzD8dXjjeybLndMrBmf41ds0ScfegvMr1mEGZC872hiUMZCbYSr8RUFZBZBB8vteMefp8vWepUjMJ342AkxzDv6JFgW7ZAMRsU1x8KlvZBZBf
2026-08-09,1103419202035600,Ballzy Suomi,https://www.facebook.com/ads/archive/render_ad/?id=1103419202035603&access_token=EAATnrmoQyC4BRtlStZCpnUVOAiZAI7ia41GvW0Sam17UPHT0rfwpjZCnFZBVOUsAhLc76Al3mcLeT1xzOtMTgxR2aBJrWIwVIZCkzD8dXjjeybLndMrBmf41ds0ScfegvMr1mEGZC872hiUMZCbYSr8RUFZBZBB8vteMefp8vWepUjMJ342AkxzDv6JFgW7ZAMRsU1x8KlvZBZBf
2026-08-09,1597960745283910,Ballzy Latvija,https://www.facebook.com/ads/archive/render_ad/?id=1597960745283906&access_token=EAATnrmoQyC4BRtlStZCpnUVOAiZAI7ia41GvW0Sam17UPHT0rfwpjZCnFZBVOUsAhLc76Al3mcLeT1xzOtMTgxR2aBJrWIwVIZCkzD8dXjjeybLndMrBmf41ds0ScfegvMr1mEGZC872hiUMZCbYSr8RUFZBZBB8vteMefp8vWepUjMJ342AkxzDv6JFgW7ZAMRsU1x8KlvZBZBf
2026-08-09,1605326397683980,Lidl Eesti,https://www.facebook.com/ads/archive/render_ad/?id=1605326397683981&access_token=EAATnrmoQyC4BRtlStZCpnUVOAiZAI7ia41GvW0Sam17UPHT0rfwpjZCnFZBVOUsAhLc76Al3mcLeT1xzOtMTgxR2aBJrWIwVIZCkzD8dXjjeybLndMrBmf41ds0ScfegvMr1mEGZC872hiUMZCbYSr8RUFZBZBB8vteMefp8vWepUjMJ342AkxzDv6JFgW7ZAMRsU1x8KlvZBZBf
2026-08-09,1761015315248080,Ballzy Latvija,https://www.facebook.com/ads/archive/render_ad/?id=1761015315248083&access_token=EAATnrmoQyC4BRtlStZCpnUVOAiZAI7ia41GvW0Sam17UPHT0rfwpjZCnFZBVOUsAhLc76Al3mcLeT1xzOtMTgxR2aBJrWIwVIZCkzD8dXjjeybLndMrBmf41ds0ScfegvMr1mEGZC872hiUMZCbYSr8RUFZBZBB8vteMefp8vWepUjMJ342AkxzDv6JFgW7ZAMRsU1x8KlvZBZBf
2026-08-09,1368171085451560,Ballzy Eesti,https://www.facebook.com/ads/archive/render_ad/?id=1368171085451560&access_token=EAATnrmoQyC4BRtlStZCpnUVOAiZAI7ia41GvW0Sam17UPHT0rfwpjZCnFZBVOUsAhLc76Al3mcLeT1xzOtMTgxR2aBJrWIwVIZCkzD8dXjjeybLndMrBmf41ds0ScfegvMr1mEGZC872hiUMZCbYSr8RUFZBZBB8vteMefp8vWepUjMJ342AkxzDv6JFgW7ZAMRsU1x8KlvZBZBf
2026-08-09,2822575331434700,Ballzy Eesti,https://www.facebook.com/ads/archive/render_ad/?id=2822575331434696&access_token=EAATnrmoQyC4BRtlStZCpnUVOAiZAI7ia41GvW0Sam17UPHT0rfwpjZCnFZBVOUsAhLc76Al3mcLeT1xzOtMTgxR2aBJrWIwVIZCkzD8dXjjeybLndMrBmf41ds0ScfegvMr1mEGZC872hiUMZCbYSr8RUFZBZBB8vteMefp8vWepUjMJ342AkxzDv6JFgW7ZAMRsU1x8KlvZBZBf
2026-08-09,4565347476944550,Ballzy Latvija,https://www.facebook.com/ads/archive/render_ad/?id=4565347476944546&access_token=EAATnrmoQyC4BRtlStZCpnUVOAiZAI7ia41GvW0Sam17UPHT0rfwpjZCnFZBVOUsAhLc76Al3mcLeT1xzOtMTgxR2aBJrWIwVIZCkzD8dXjjeybLndMrBmf41ds0ScfegvMr1mEGZC872hiUMZCbYSr8RUFZBZBB8vteMefp8vWepUjMJ342AkxzDv6JFgW7ZAMRsU1x8KlvZBZBf
2026-08-09,1373706444150300,Ballzy Lietuva,https://www.facebook.com/ads/archive/render_ad/?id=1373706444150296&access_token=EAATnrmoQyC4BRtlStZCpnUVOAiZAI7ia41GvW0Sam17UPHT0rfwpjZCnFZBVOUsAhLc76Al3mcLeT1xzOtMTgxR2aBJrWIwVIZCkzD8dXjjeybLndMrBmf41ds0ScfegvMr1mEGZC872hiUMZCbYSr8RUFZBZBB8vteMefp8vWepUjMJ342AkxzDv6JFgW7ZAMRsU1x8KlvZBZBf
2026-08-09,1500006935214700,Ballzy Suomi,https://www.facebook.com/ads/archive/render_ad/?id=1500006935214697&access_token=EAATnrmoQyC4BRtlStZCpnUVOAiZAI7ia41GvW0Sam17UPHT0rfwpjZCnFZBVOUsAhLc76Al3mcLeT1xzOtMTgxR2aBJrWIwVIZCkzD8dXjjeybLndMrBmf41ds0ScfegvMr1mEGZC872hiUMZCbYSr8RUFZBZBB8vteMefp8vWepUjMJ342AkxzDv6JFgW7ZAMRsU1x8KlvZBZBf
2026-08-09,1479142780687970,Ballzy Eesti,https://www.facebook.com/ads/archive/render_ad/?id=1479142780687974&access_token=EAATnrmoQyC4BRtlStZCpnUVOAiZAI7ia41GvW0Sam17UPHT0rfwpjZCnFZBVOUsAhLc76Al3mcLeT1xzOtMTgxR2aBJrWIwVIZCkzD8dXjjeybLndMrBmf41ds0ScfegvMr1mEGZC872hiUMZCbYSr8RUFZBZBB8vteMefp8vWepUjMJ342AkxzDv6JFgW7ZAMRsU1x8KlvZBZBf
2026-08-09,2067640843874930,Ballzy Lietuva,https://www.facebook.com/ads/archive/render_ad/?id=2067640843874927&access_token=EAATnrmoQyC4BRtlStZCpnUVOAiZAI7ia41GvW0Sam17UPHT0rfwpjZCnFZBVOUsAhLc76Al3mcLeT1xzOtMTgxR2aBJrWIwVIZCkzD8dXjjeybLndMrBmf41ds0ScfegvMr1mEGZC872hiUMZCbYSr8RUFZBZBB8vteMefp8vWepUjMJ342AkxzDv6JFgW7ZAMRsU1x8KlvZBZBf
2026-08-09,2212545132914560,Ballzy Eesti,https://www.facebook.com/ads/archive/render_ad/?id=2212545132914558&access_token=EAATnrmoQyC4BRtlStZCpnUVOAiZAI7ia41GvW0Sam17UPHT0rfwpjZCnFZBVOUsAhLc76Al3mcLeT1xzOtMTgxR2aBJrWIwVIZCkzD8dXjjeybLndMrBmf41ds0ScfegvMr1mEGZC872hiUMZCbYSr8RUFZBZBB8vteMefp8vWepUjMJ342AkxzDv6JFgW7ZAMRsU1x8KlvZBZBf
2026-08-09,1351277883822900,Citadele pank,https://www.facebook.com/ads/archive/render_ad/?id=1351277883822896&access_token=EAATnrmoQyC4BRtlStZCpnUVOAiZAI7ia41GvW0Sam17UPHT0rfwpjZCnFZBVOUsAhLc76Al3mcLeT1xzOtMTgxR2aBJrWIwVIZCkzD8dXjjeybLndMrBmf41ds0ScfegvMr1mEGZC872hiUMZCbYSr8RUFZBZBB8vteMefp8vWepUjMJ342AkxzDv6JFgW7ZAMRsU1x8KlvZBZBf
2026-08-09,1346963140836190,Ballzy Latvija,https://www.facebook.com/ads/archive/render_ad/?id=1346963140836191&access_token=EAATnrmoQyC4BRtlStZCpnUVOAiZAI7ia41GvW0Sam17UPHT0rfwpjZCnFZBVOUsAhLc76Al3mcLeT1xzOtMTgxR2aBJrWIwVIZCkzD8dXjjeybLndMrBmf41ds0ScfegvMr1mEGZC872hiUMZCbYSr8RUFZBZBB8vteMefp8vWepUjMJ342AkxzDv6JFgW7ZAMRsU1x8KlvZBZBf
2026-08-09,1601847391485650,Ballzy Latvija,https://www.facebook.com/ads/archive/render_ad/?id=1601847391485653&access_token=EAATnrmoQyC4BRtlStZCpnUVOAiZAI7ia41GvW0Sam17UPHT0rfwpjZCnFZBVOUsAhLc76Al3mcLeT1xzOtMTgxR2aBJrWIwVIZCkzD8dXjjeybLndMrBmf41ds0ScfegvMr1mEGZC872hiUMZCbYSr8RUFZBZBB8vteMefp8vWepUjMJ342AkxzDv6JFgW7ZAMRsU1x8KlvZBZBf
2026-08-09,730374233504558,Lidl Eesti,https://www.facebook.com/ads/archive/render_ad/?id=730374233504558&access_token=EAATnrmoQyC4BRtlStZCpnUVOAiZAI7ia41GvW0Sam17UPHT0rfwpjZCnFZBVOUsAhLc76Al3mcLeT1xzOtMTgxR2aBJrWIwVIZCkzD8dXjjeybLndMrBmf41ds0ScfegvMr1mEGZC872hiUMZCbYSr8RUFZBZBB8vteMefp8vWepUjMJ342AkxzDv6JFgW7ZAMRsU1x8KlvZBZBf
2026-08-09,3102370683289970,Ballzy Lietuva,https://www.facebook.com/ads/archive/render_ad/?id=3102370683289968&access_token=EAATnrmoQyC4BRtlStZCpnUVOAiZAI7ia41GvW0Sam17UPHT0rfwpjZCnFZBVOUsAhLc76Al3mcLeT1xzOtMTgxR2aBJrWIwVIZCkzD8dXjjeybLndMrBmf41ds0ScfegvMr1mEGZC872hiUMZCbYSr8RUFZBZBB8vteMefp8vWepUjMJ342AkxzDv6JFgW7ZAMRsU1x8KlvZBZBf
2026-08-09,4542754599340400,Coop Eesti,https://www.facebook.com/ads/archive/render_ad/?id=4542754599340398&access_token=EAATnrmoQyC4BRtlStZCpnUVOAiZAI7ia41GvW0Sam17UPHT0rfwpjZCnFZBVOUsAhLc76Al3mcLeT1xzOtMTgxR2aBJrWIwVIZCkzD8dXjjeybLndMrBmf41ds0ScfegvMr1mEGZC872hiUMZCbYSr8RUFZBZBB8vteMefp8vWepUjMJ342AkxzDv6JFgW7ZAMRsU1x8KlvZBZBf
2026-08-09,1361451692850170,JD Sports Lithuania,https://www.facebook.com/ads/archive/render_ad/?id=1361451692850170&access_token=EAATnrmoQyC4BRtlStZCpnUVOAiZAI7ia41GvW0Sam17UPHT0rfwpjZCnFZBVOUsAhLc76Al3mcLeT1xzOtMTgxR2aBJrWIwVIZCkzD8dXjjeybLndMrBmf41ds0ScfegvMr1mEGZC872hiUMZCbYSr8RUFZBZBB8vteMefp8vWepUjMJ342AkxzDv6JFgW7ZAMRsU1x8KlvZBZBf
2026-08-09,2661268157641340,Ballzy Latvija,https://www.facebook.com/ads/archive/render_ad/?id=2661268157641335&access_token=EAATnrmoQyC4BRtlStZCpnUVOAiZAI7ia41GvW0Sam17UPHT0rfwpjZCnFZBVOUsAhLc76Al3mcLeT1xzOtMTgxR2aBJrWIwVIZCkzD8dXjjeybLndMrBmf41ds0ScfegvMr1mEGZC872hiUMZCbYSr8RUFZBZBB8vteMefp8vWepUjMJ342AkxzDv6JFgW7ZAMRsU1x8KlvZBZBf
2026-08-09,1010280661847420,Ballzy Eesti,https://www.facebook.com/ads/archive/render_ad/?id=1010280661847419&access_token=EAATnrmoQyC4BRtlStZCpnUVOAiZAI7ia41GvW0Sam17UPHT0rfwpjZCnFZBVOUsAhLc76Al3mcLeT1xzOtMTgxR2aBJrWIwVIZCkzD8dXjjeybLndMrBmf41ds0ScfegvMr1mEGZC872hiUMZCbYSr8RUFZBZBB8vteMefp8vWepUjMJ342AkxzDv6JFgW7ZAMRsU1x8KlvZBZBf
2026-08-09,3666289293524020,Ballzy Lietuva,https://www.facebook.com/ads/archive/render_ad/?id=3666289293524017&access_token=EAATnrmoQyC4BRtlStZCpnUVOAiZAI7ia41GvW0Sam17UPHT0rfwpjZCnFZBVOUsAhLc76Al3mcLeT1xzOtMTgxR2aBJrWIwVIZCkzD8dXjjeybLndMrBmf41ds0ScfegvMr1mEGZC872hiUMZCbYSr8RUFZBZBB8vteMefp8vWepUjMJ342AkxzDv6JFgW7ZAMRsU1x8KlvZBZBf
2026-08-08,3732211226935600,Weekend.ee,https://www.facebook.com/ads/archive/render_ad/?id=3732211226935596&access_token=EAATnrmoQyC4BRtlStZCpnUVOAiZAI7ia41GvW0Sam17UPHT0rfwpjZCnFZBVOUsAhLc76Al3mcLeT1xzOtMTgxR2aBJrWIwVIZCkzD8dXjjeybLndMrBmf41ds0ScfegvMr1mEGZC872hiUMZCbYSr8RUFZBZBB8vteMefp8vWepUjMJ342AkxzDv6JFgW7ZAMRsU1x8KlvZBZBf
2026-08-08,1062576736448520,Weekend.ee,https://www.facebook.com/ads/archive/render_ad/?id=1062576736448515&access_token=EAATnrmoQyC4BRtlStZCpnUVOAiZAI7ia41GvW0Sam17UPHT0rfwpjZCnFZBVOUsAhLc76Al3mcLeT1xzOtMTgxR2aBJrWIwVIZCkzD8dXjjeybLndMrBmf41ds0ScfegvMr1mEGZC872hiUMZCbYSr8RUFZBZBB8vteMefp8vWepUjMJ342AkxzDv6JFgW7ZAMRsU1x8KlvZBZBf
2026-08-08,1065777759725280,Boozt.com,https://www.facebook.com/ads/archive/render_ad/?id=1065777759725280&access_token=EAATnrmoQyC4BRtlStZCpnUVOAiZAI7ia41GvW0Sam17UPHT0rfwpjZCnFZBVOUsAhLc76Al3mcLeT1xzOtMTgxR2aBJrWIwVIZCkzD8dXjjeybLndMrBmf41ds0ScfegvMr1mEGZC872hiUMZCbYSr8RUFZBZBB8vteMefp8vWepUjMJ342AkxzDv6JFgW7ZAMRsU1x8KlvZBZBf
2026-08-08,1548771492756230,Boozt.com,https://www.facebook.com/ads/archive/render_ad/?id=1548771492756232&access_token=EAATnrmoQyC4BRtlStZCpnUVOAiZAI7ia41GvW0Sam17UPHT0rfwpjZCnFZBVOUsAhLc76Al3mcLeT1xzOtMTgxR2aBJrWIwVIZCkzD8dXjjeybLndMrBmf41ds0ScfegvMr1mEGZC872hiUMZCbYSr8RUFZBZBB8vteMefp8vWepUjMJ342AkxzDv6JFgW7ZAMRsU1x8KlvZBZBf
2026-08-08,2676569956078250,Weekend.ee,https://www.facebook.com/ads/archive/render_ad/?id=2676569956078245&access_token=EAATnrmoQyC4BRtlStZCpnUVOAiZAI7ia41GvW0Sam17UPHT0rfwpjZCnFZBVOUsAhLc76Al3mcLeT1xzOtMTgxR2aBJrWIwVIZCkzD8dXjjeybLndMrBmf41ds0ScfegvMr1mEGZC872hiUMZCbYSr8RUFZBZBB8vteMefp8vWepUjMJ342AkxzDv6JFgW7ZAMRsU1x8KlvZBZBf
2026-08-08,2097344854325430,Coop Eesti,https://www.facebook.com/ads/archive/render_ad/?id=2097344854325425&access_token=EAATnrmoQyC4BRtlStZCpnUVOAiZAI7ia41GvW0Sam17UPHT0rfwpjZCnFZBVOUsAhLc76Al3mcLeT1xzOtMTgxR2aBJrWIwVIZCkzD8dXjjeybLndMrBmf41ds0ScfegvMr1mEGZC872hiUMZCbYSr8RUFZBZBB8vteMefp8vWepUjMJ342AkxzDv6JFgW7ZAMRsU1x8KlvZBZBf
2026-08-08,2266195260849050,Weekend.ee,https://www.facebook.com/ads/archive/render_ad/?id=2266195260849052&access_token=EAATnrmoQyC4BRtlStZCpnUVOAiZAI7ia41GvW0Sam17UPHT0rfwpjZCnFZBVOUsAhLc76Al3mcLeT1xzOtMTgxR2aBJrWIwVIZCkzD8dXjjeybLndMrBmf41ds0ScfegvMr1mEGZC872hiUMZCbYSr8RUFZBZBB8vteMefp8vWepUjMJ342AkxzDv6JFgW7ZAMRsU1x8KlvZBZBf
2026-08-08,1020171530730480,Coop Eesti,https://www.facebook.com/ads/archive/render_ad/?id=1020171530730476&access_token=EAATnrmoQyC4BRtlStZCpnUVOAiZAI7ia41GvW0Sam17UPHT0rfwpjZCnFZBVOUsAhLc76Al3mcLeT1xzOtMTgxR2aBJrWIwVIZCkzD8dXjjeybLndMrBmf41ds0ScfegvMr1mEGZC872hiUMZCbYSr8RUFZBZBB8vteMefp8vWepUjMJ342AkxzDv6JFgW7ZAMRsU1x8KlvZBZBf
2026-08-08,2634389620297280,Weekend.lv,https://www.facebook.com/ads/archive/render_ad/?id=2634389620297281&access_token=EAATnrmoQyC4BRtlStZCpnUVOAiZAI7ia41GvW0Sam17UPHT0rfwpjZCnFZBVOUsAhLc76Al3mcLeT1xzOtMTgxR2aBJrWIwVIZCkzD8dXjjeybLndMrBmf41ds0ScfegvMr1mEGZC872hiUMZCbYSr8RUFZBZBB8vteMefp8vWepUjMJ342AkxzDv6JFgW7ZAMRsU1x8KlvZBZBf
2026-08-08,1792274675458980,Lidl Eesti,https://www.facebook.com/ads/archive/render_ad/?id=1792274675458978&access_token=EAATnrmoQyC4BRtlStZCpnUVOAiZAI7ia41GvW0Sam17UPHT0rfwpjZCnFZBVOUsAhLc76Al3mcLeT1xzOtMTgxR2aBJrWIwVIZCkzD8dXjjeybLndMrBmf41ds0ScfegvMr1mEGZC872hiUMZCbYSr8RUFZBZBB8vteMefp8vWepUjMJ342AkxzDv6JFgW7ZAMRsU1x8KlvZBZBf
2026-08-08,1579335183788150,Join Up Eesti,https://www.facebook.com/ads/archive/render_ad/?id=1579335183788146&access_token=EAATnrmoQyC4BRtlStZCpnUVOAiZAI7ia41GvW0Sam17UPHT0rfwpjZCnFZBVOUsAhLc76Al3mcLeT1xzOtMTgxR2aBJrWIwVIZCkzD8dXjjeybLndMrBmf41ds0ScfegvMr1mEGZC872hiUMZCbYSr8RUFZBZBB8vteMefp8vWepUjMJ342AkxzDv6JFgW7ZAMRsU1x8KlvZBZBf
2026-08-08,1725440161991990,Weekend.lv,https://www.facebook.com/ads/archive/render_ad/?id=1725440161991991&access_token=EAATnrmoQyC4BRtlStZCpnUVOAiZAI7ia41GvW0Sam17UPHT0rfwpjZCnFZBVOUsAhLc76Al3mcLeT1xzOtMTgxR2aBJrWIwVIZCkzD8dXjjeybLndMrBmf41ds0ScfegvMr1mEGZC872hiUMZCbYSr8RUFZBZBB8vteMefp8vWepUjMJ342AkxzDv6JFgW7ZAMRsU1x8KlvZBZBf
2026-08-08,2843366136056470,Weekend.ee,https://www.facebook.com/ads/archive/render_ad/?id=2843366136056472&access_token=EAATnrmoQyC4BRtlStZCpnUVOAiZAI7ia41GvW0Sam17UPHT0rfwpjZCnFZBVOUsAhLc76Al3mcLeT1xzOtMTgxR2aBJrWIwVIZCkzD8dXjjeybLndMrBmf41ds0ScfegvMr1mEGZC872hiUMZCbYSr8RUFZBZBB8vteMefp8vWepUjMJ342AkxzDv6JFgW7ZAMRsU1x8KlvZBZBf
2026-08-08,1764395911269600,Boozt.com,https://www.facebook.com/ads/archive/render_ad/?id=1764395911269604&access_token=EAATnrmoQyC4BRtlStZCpnUVOAiZAI7ia41GvW0Sam17UPHT0rfwpjZCnFZBVOUsAhLc76Al3mcLeT1xzOtMTgxR2aBJrWIwVIZCkzD8dXjjeybLndMrBmf41ds0ScfegvMr1mEGZC872hiUMZCbYSr8RUFZBZBB8vteMefp8vWepUjMJ342AkxzDv6JFgW7ZAMRsU1x8KlvZBZBf
2026-08-08,888500867286975,Coral Travel Lithuania,https://www.facebook.com/ads/archive/render_ad/?id=888500867286975&access_token=EAATnrmoQyC4BRtlStZCpnUVOAiZAI7ia41GvW0Sam17UPHT0rfwpjZCnFZBVOUsAhLc76Al3mcLeT1xzOtMTgxR2aBJrWIwVIZCkzD8dXjjeybLndMrBmf41ds0ScfegvMr1mEGZC872hiUMZCbYSr8RUFZBZBB8vteMefp8vWepUjMJ342AkxzDv6JFgW7ZAMRsU1x8KlvZBZBf
2026-08-08,1075965965208130,Weekend.ee,https://www.facebook.com/ads/archive/render_ad/?id=1075965965208126&access_token=EAATnrmoQyC4BRtlStZCpnUVOAiZAI7ia41GvW0Sam17UPHT0rfwpjZCnFZBVOUsAhLc76Al3mcLeT1xzOtMTgxR2aBJrWIwVIZCkzD8dXjjeybLndMrBmf41ds0ScfegvMr1mEGZC872hiUMZCbYSr8RUFZBZBB8vteMefp8vWepUjMJ342AkxzDv6JFgW7ZAMRsU1x8KlvZBZBf
2026-08-08,1773337943703880,Weekend.lv,https://www.facebook.com/ads/archive/render_ad/?id=1773337943703877&access_token=EAATnrmoQyC4BRtlStZCpnUVOAiZAI7ia41GvW0Sam17UPHT0rfwpjZCnFZBVOUsAhLc76Al3mcLeT1xzOtMTgxR2aBJrWIwVIZCkzD8dXjjeybLndMrBmf41ds0ScfegvMr1mEGZC872hiUMZCbYSr8RUFZBZBB8vteMefp8vWepUjMJ342AkxzDv6JFgW7ZAMRsU1x8KlvZBZBf
2026-08-08,1565868288408730,Weekend.lv,https://www.facebook.com/ads/archive/render_ad/?id=1565868288408733&access_token=EAATnrmoQyC4BRtlStZCpnUVOAiZAI7ia41GvW0Sam17UPHT0rfwpjZCnFZBVOUsAhLc76Al3mcLeT1xzOtMTgxR2aBJrWIwVIZCkzD8dXjjeybLndMrBmf41ds0ScfegvMr1mEGZC872hiUMZCbYSr8RUFZBZBB8vteMefp8vWepUjMJ342AkxzDv6JFgW7ZAMRsU1x8KlvZBZBf
2026-08-08,2766376040425390,Lidl Eesti,https://www.facebook.com/ads/archive/render_ad/?id=2766376040425391&access_token=EAATnrmoQyC4BRtlStZCpnUVOAiZAI7ia41GvW0Sam17UPHT0rfwpjZCnFZBVOUsAhLc76Al3mcLeT1xzOtMTgxR2aBJrWIwVIZCkzD8dXjjeybLndMrBmf41ds0ScfegvMr1mEGZC872hiUMZCbYSr8RUFZBZBB8vteMefp8vWepUjMJ342AkxzDv6JFgW7ZAMRsU1x8KlvZBZBf
2026-08-08,1350697176714360,Weekend.ee,https://www.facebook.com/ads/archive/render_ad/?id=1350697176714355&access_token=EAATnrmoQyC4BRtlStZCpnUVOAiZAI7ia41GvW0Sam17UPHT0rfwpjZCnFZBVOUsAhLc76Al3mcLeT1xzOtMTgxR2aBJrWIwVIZCkzD8dXjjeybLndMrBmf41ds0ScfegvMr1mEGZC872hiUMZCbYSr8RUFZBZBB8vteMefp8vWepUjMJ342AkxzDv6JFgW7ZAMRsU1x8KlvZBZBf
2026-08-08,1544431677232360,Coral Travel Lithuania,https://www.facebook.com/ads/archive/render_ad/?id=1544431677232364&access_token=EAATnrmoQyC4BRtlStZCpnUVOAiZAI7ia41GvW0Sam17UPHT0rfwpjZCnFZBVOUsAhLc76Al3mcLeT1xzOtMTgxR2aBJrWIwVIZCkzD8dXjjeybLndMrBmf41ds0ScfegvMr1mEGZC872hiUMZCbYSr8RUFZBZBB8vteMefp8vWepUjMJ342AkxzDv6JFgW7ZAMRsU1x8KlvZBZBf
2026-08-08,2996394607407100,Weekend.lv,https://www.facebook.com/ads/archive/render_ad/?id=2996394607407103&access_token=EAATnrmoQyC4BRtlStZCpnUVOAiZAI7ia41GvW0Sam17UPHT0rfwpjZCnFZBVOUsAhLc76Al3mcLeT1xzOtMTgxR2aBJrWIwVIZCkzD8dXjjeybLndMrBmf41ds0ScfegvMr1mEGZC872hiUMZCbYSr8RUFZBZBB8vteMefp8vWepUjMJ342AkxzDv6JFgW7ZAMRsU1x8KlvZBZBf
2026-08-08,1049334444140770,Boozt.com,https://www.facebook.com/ads/archive/render_ad/?id=1049334444140765&access_token=EAATnrmoQyC4BRtlStZCpnUVOAiZAI7ia41GvW0Sam17UPHT0rfwpjZCnFZBVOUsAhLc76Al3mcLeT1xzOtMTgxR2aBJrWIwVIZCkzD8dXjjeybLndMrBmf41ds0ScfegvMr1mEGZC872hiUMZCbYSr8RUFZBZBB8vteMefp8vWepUjMJ342AkxzDv6JFgW7ZAMRsU1x8KlvZBZBf
2026-08-08,1685574185855060,JD Sports Lithuania,https://www.facebook.com/ads/archive/render_ad/?id=1685574185855060&access_token=EAATnrmoQyC4BRtlStZCpnUVOAiZAI7ia41GvW0Sam17UPHT0rfwpjZCnFZBVOUsAhLc76Al3mcLeT1xzOtMTgxR2aBJrWIwVIZCkzD8dXjjeybLndMrBmf41ds0ScfegvMr1mEGZC872hiUMZCbYSr8RUFZBZBB8vteMefp8vWepUjMJ342AkxzDv6JFgW7ZAMRsU1x8KlvZBZBf
2026-08-08,1588474295954640,Weekend.ee,https://www.facebook.com/ads/archive/render_ad/?id=1588474295954639&access_token=EAATnrmoQyC4BRtlStZCpnUVOAiZAI7ia41GvW0Sam17UPHT0rfwpjZCnFZBVOUsAhLc76Al3mcLeT1xzOtMTgxR2aBJrWIwVIZCkzD8dXjjeybLndMrBmf41ds0ScfegvMr1mEGZC872hiUMZCbYSr8RUFZBZBB8vteMefp8vWepUjMJ342AkxzDv6JFgW7ZAMRsU1x8KlvZBZBf
2026-08-08,5527484240810030,Boozt.com,https://www.facebook.com/ads/archive/render_ad/?id=5527484240810031&access_token=EAATnrmoQyC4BRtlStZCpnUVOAiZAI7ia41GvW0Sam17UPHT0rfwpjZCnFZBVOUsAhLc76Al3mcLeT1xzOtMTgxR2aBJrWIwVIZCkzD8dXjjeybLndMrBmf41ds0ScfegvMr1mEGZC872hiUMZCbYSr8RUFZBZBB8vteMefp8vWepUjMJ342AkxzDv6JFgW7ZAMRsU1x8KlvZBZBf
2026-08-07,1351288909966300,Boozt.com,https://www.facebook.com/ads/archive/render_ad/?id=1351288909966296&access_token=EAATnrmoQyC4BRtlStZCpnUVOAiZAI7ia41GvW0Sam17UPHT0rfwpjZCnFZBVOUsAhLc76Al3mcLeT1xzOtMTgxR2aBJrWIwVIZCkzD8dXjjeybLndMrBmf41ds0ScfegvMr1mEGZC872hiUMZCbYSr8RUFZBZBB8vteMefp8vWepUjMJ342AkxzDv6JFgW7ZAMRsU1x8KlvZBZBf
2026-08-07,2555573634879260,Endover Kinnisvara,https://www.facebook.com/ads/archive/render_ad/?id=2555573634879260&access_token=EAATnrmoQyC4BRtlStZCpnUVOAiZAI7ia41GvW0Sam17UPHT0rfwpjZCnFZBVOUsAhLc76Al3mcLeT1xzOtMTgxR2aBJrWIwVIZCkzD8dXjjeybLndMrBmf41ds0ScfegvMr1mEGZC872hiUMZCbYSr8RUFZBZBB8vteMefp8vWepUjMJ342AkxzDv6JFgW7ZAMRsU1x8KlvZBZBf
2026-08-07,1036485072612010,Endover Kinnisvara,https://www.facebook.com/ads/archive/render_ad/?id=1036485072612011&access_token=EAATnrmoQyC4BRtlStZCpnUVOAiZAI7ia41GvW0Sam17UPHT0rfwpjZCnFZBVOUsAhLc76Al3mcLeT1xzOtMTgxR2aBJrWIwVIZCkzD8dXjjeybLndMrBmf41ds0ScfegvMr1mEGZC872hiUMZCbYSr8RUFZBZBB8vteMefp8vWepUjMJ342AkxzDv6JFgW7ZAMRsU1x8KlvZBZBf
2026-08-07,1040720325107420,TEZ TOUR Lietuva,https://www.facebook.com/ads/archive/render_ad/?id=1040720325107419&access_token=EAATnrmoQyC4BRtlStZCpnUVOAiZAI7ia41GvW0Sam17UPHT0rfwpjZCnFZBVOUsAhLc76Al3mcLeT1xzOtMTgxR2aBJrWIwVIZCkzD8dXjjeybLndMrBmf41ds0ScfegvMr1mEGZC872hiUMZCbYSr8RUFZBZBB8vteMefp8vWepUjMJ342AkxzDv6JFgW7ZAMRsU1x8KlvZBZBf
2026-08-07,1371574117641400,Boozt.com,https://www.facebook.com/ads/archive/render_ad/?id=1371574117641397&access_token=EAATnrmoQyC4BRtlStZCpnUVOAiZAI7ia41GvW0Sam17UPHT0rfwpjZCnFZBVOUsAhLc76Al3mcLeT1xzOtMTgxR2aBJrWIwVIZCkzD8dXjjeybLndMrBmf41ds0ScfegvMr1mEGZC872hiUMZCbYSr8RUFZBZBB8vteMefp8vWepUjMJ342AkxzDv6JFgW7ZAMRsU1x8KlvZBZBf
2026-08-07,1703842547544410,Endover Kinnisvara,https://www.facebook.com/ads/archive/render_ad/?id=1703842547544413&access_token=EAATnrmoQyC4BRtlStZCpnUVOAiZAI7ia41GvW0Sam17UPHT0rfwpjZCnFZBVOUsAhLc76Al3mcLeT1xzOtMTgxR2aBJrWIwVIZCkzD8dXjjeybLndMrBmf41ds0ScfegvMr1mEGZC872hiUMZCbYSr8RUFZBZBB8vteMefp8vWepUjMJ342AkxzDv6JFgW7ZAMRsU1x8KlvZBZBf
2026-08-07,28944084425191800,Weekend.ee,https://www.facebook.com/ads/archive/render_ad/?id=28944084425191810&access_token=EAATnrmoQyC4BRtlStZCpnUVOAiZAI7ia41GvW0Sam17UPHT0rfwpjZCnFZBVOUsAhLc76Al3mcLeT1xzOtMTgxR2aBJrWIwVIZCkzD8dXjjeybLndMrBmf41ds0ScfegvMr1mEGZC872hiUMZCbYSr8RUFZBZBB8vteMefp8vWepUjMJ342AkxzDv6JFgW7ZAMRsU1x8KlvZBZBf
2026-08-07,1558726365752190,Endover Kinnisvara,https://www.facebook.com/ads/archive/render_ad/?id=1558726365752192&access_token=EAATnrmoQyC4BRtlStZCpnUVOAiZAI7ia41GvW0Sam17UPHT0rfwpjZCnFZBVOUsAhLc76Al3mcLeT1xzOtMTgxR2aBJrWIwVIZCkzD8dXjjeybLndMrBmf41ds0ScfegvMr1mEGZC872hiUMZCbYSr8RUFZBZBB8vteMefp8vWepUjMJ342AkxzDv6JFgW7ZAMRsU1x8KlvZBZBf
2026-08-07,1590458432723760,Coral Travel Lithuania,https://www.facebook.com/ads/archive/render_ad/?id=1590458432723758&access_token=EAATnrmoQyC4BRtlStZCpnUVOAiZAI7ia41GvW0Sam17UPHT0rfwpjZCnFZBVOUsAhLc76Al3mcLeT1xzOtMTgxR2aBJrWIwVIZCkzD8dXjjeybLndMrBmf41ds0ScfegvMr1mEGZC872hiUMZCbYSr8RUFZBZBB8vteMefp8vWepUjMJ342AkxzDv6JFgW7ZAMRsU1x8KlvZBZBf
2026-08-07,1045015851729300,Endover Kinnisvara,https://www.facebook.com/ads/archive/render_ad/?id=1045015851729295&access_token=EAATnrmoQyC4BRtlStZCpnUVOAiZAI7ia41GvW0Sam17UPHT0rfwpjZCnFZBVOUsAhLc76Al3mcLeT1xzOtMTgxR2aBJrWIwVIZCkzD8dXjjeybLndMrBmf41ds0ScfegvMr1mEGZC872hiUMZCbYSr8RUFZBZBB8vteMefp8vWepUjMJ342AkxzDv6JFgW7ZAMRsU1x8KlvZBZBf
2026-08-07,1104702478911150,Boozt.com,https://www.facebook.com/ads/archive/render_ad/?id=1104702478911150&access_token=EAATnrmoQyC4BRtlStZCpnUVOAiZAI7ia41GvW0Sam17UPHT0rfwpjZCnFZBVOUsAhLc76Al3mcLeT1xzOtMTgxR2aBJrWIwVIZCkzD8dXjjeybLndMrBmf41ds0ScfegvMr1mEGZC872hiUMZCbYSr8RUFZBZBB8vteMefp8vWepUjMJ342AkxzDv6JFgW7ZAMRsU1x8KlvZBZBf
2026-08-07,1074625821676790,Boozt.com,https://www.facebook.com/ads/archive/render_ad/?id=1074625821676786&access_token=EAATnrmoQyC4BRtlStZCpnUVOAiZAI7ia41GvW0Sam17UPHT0rfwpjZCnFZBVOUsAhLc76Al3mcLeT1xzOtMTgxR2aBJrWIwVIZCkzD8dXjjeybLndMrBmf41ds0ScfegvMr1mEGZC872hiUMZCbYSr8RUFZBZBB8vteMefp8vWepUjMJ342AkxzDv6JFgW7ZAMRsU1x8KlvZBZBf
2026-08-07,1035345229277630,Endover Kinnisvara,https://www.facebook.com/ads/archive/render_ad/?id=1035345229277625&access_token=EAATnrmoQyC4BRtlStZCpnUVOAiZAI7ia41GvW0Sam17UPHT0rfwpjZCnFZBVOUsAhLc76Al3mcLeT1xzOtMTgxR2aBJrWIwVIZCkzD8dXjjeybLndMrBmf41ds0ScfegvMr1mEGZC872hiUMZCbYSr8RUFZBZBB8vteMefp8vWepUjMJ342AkxzDv6JFgW7ZAMRsU1x8KlvZBZBf
2026-08-07,1338951254973810,TEZ TOUR Lietuva,https://www.facebook.com/ads/archive/render_ad/?id=1338951254973814&access_token=EAATnrmoQyC4BRtlStZCpnUVOAiZAI7ia41GvW0Sam17UPHT0rfwpjZCnFZBVOUsAhLc76Al3mcLeT1xzOtMTgxR2aBJrWIwVIZCkzD8dXjjeybLndMrBmf41ds0ScfegvMr1mEGZC872hiUMZCbYSr8RUFZBZBB8vteMefp8vWepUjMJ342AkxzDv6JFgW7ZAMRsU1x8KlvZBZBf
2026-08-07,2104686073466190,JD Sports Lithuania,https://www.facebook.com/ads/archive/render_ad/?id=2104686073466191&access_token=EAATnrmoQyC4BRtlStZCpnUVOAiZAI7ia41GvW0Sam17UPHT0rfwpjZCnFZBVOUsAhLc76Al3mcLeT1xzOtMTgxR2aBJrWIwVIZCkzD8dXjjeybLndMrBmf41ds0ScfegvMr1mEGZC872hiUMZCbYSr8RUFZBZBB8vteMefp8vWepUjMJ342AkxzDv6JFgW7ZAMRsU1x8KlvZBZBf
2026-08-07,1026477390253180,Boozt.com,https://www.facebook.com/ads/archive/render_ad/?id=1026477390253182&access_token=EAATnrmoQyC4BRtlStZCpnUVOAiZAI7ia41GvW0Sam17UPHT0rfwpjZCnFZBVOUsAhLc76Al3mcLeT1xzOtMTgxR2aBJrWIwVIZCkzD8dXjjeybLndMrBmf41ds0ScfegvMr1mEGZC872hiUMZCbYSr8RUFZBZBB8vteMefp8vWepUjMJ342AkxzDv6JFgW7ZAMRsU1x8KlvZBZBf
2026-08-07,1049803711109830,Boozt.com,https://www.facebook.com/ads/archive/render_ad/?id=1049803711109827&access_token=EAATnrmoQyC4BRtlStZCpnUVOAiZAI7ia41GvW0Sam17UPHT0rfwpjZCnFZBVOUsAhLc76Al3mcLeT1xzOtMTgxR2aBJrWIwVIZCkzD8dXjjeybLndMrBmf41ds0ScfegvMr1mEGZC872hiUMZCbYSr8RUFZBZBB8vteMefp8vWepUjMJ342AkxzDv6JFgW7ZAMRsU1x8KlvZBZBf
2026-08-07,2166803323864880,Enefit Eesti,https://www.facebook.com/ads/archive/render_ad/?id=2166803323864878&access_token=EAATnrmoQyC4BRtlStZCpnUVOAiZAI7ia41GvW0Sam17UPHT0rfwpjZCnFZBVOUsAhLc76Al3mcLeT1xzOtMTgxR2aBJrWIwVIZCkzD8dXjjeybLndMrBmf41ds0ScfegvMr1mEGZC872hiUMZCbYSr8RUFZBZBB8vteMefp8vWepUjMJ342AkxzDv6JFgW7ZAMRsU1x8KlvZBZBf
2026-08-07,1370423661163310,Boozt.com,https://www.facebook.com/ads/archive/render_ad/?id=1370423661163307&access_token=EAATnrmoQyC4BRtlStZCpnUVOAiZAI7ia41GvW0Sam17UPHT0rfwpjZCnFZBVOUsAhLc76Al3mcLeT1xzOtMTgxR2aBJrWIwVIZCkzD8dXjjeybLndMrBmf41ds0ScfegvMr1mEGZC872hiUMZCbYSr8RUFZBZBB8vteMefp8vWepUjMJ342AkxzDv6JFgW7ZAMRsU1x8KlvZBZBf
2026-08-07,1581979453274520,Boozt.com,https://www.facebook.com/ads/archive/render_ad/?id=1581979453274521&access_token=EAATnrmoQyC4BRtlStZCpnUVOAiZAI7ia41GvW0Sam17UPHT0rfwpjZCnFZBVOUsAhLc76Al3mcLeT1xzOtMTgxR2aBJrWIwVIZCkzD8dXjjeybLndMrBmf41ds0ScfegvMr1mEGZC872hiUMZCbYSr8RUFZBZBB8vteMefp8vWepUjMJ342AkxzDv6JFgW7ZAMRsU1x8KlvZBZBf
2026-08-07,3157347931129080,Boozt.com,https://www.facebook.com/ads/archive/render_ad/?id=3157347931129083&access_token=EAATnrmoQyC4BRtlStZCpnUVOAiZAI7ia41GvW0Sam17UPHT0rfwpjZCnFZBVOUsAhLc76Al3mcLeT1xzOtMTgxR2aBJrWIwVIZCkzD8dXjjeybLndMrBmf41ds0ScfegvMr1mEGZC872hiUMZCbYSr8RUFZBZBB8vteMefp8vWepUjMJ342AkxzDv6JFgW7ZAMRsU1x8KlvZBZBf
2026-08-07,2825497424485040,TEZ TOUR Lietuva,https://www.facebook.com/ads/archive/render_ad/?id=2825497424485039&access_token=EAATnrmoQyC4BRtlStZCpnUVOAiZAI7ia41GvW0Sam17UPHT0rfwpjZCnFZBVOUsAhLc76Al3mcLeT1xzOtMTgxR2aBJrWIwVIZCkzD8dXjjeybLndMrBmf41ds0ScfegvMr1mEGZC872hiUMZCbYSr8RUFZBZBB8vteMefp8vWepUjMJ342AkxzDv6JFgW7ZAMRsU1x8KlvZBZBf
2026-08-07,1408248094523260,Sportland Latvija,https://www.facebook.com/ads/archive/render_ad/?id=1408248094523258&access_token=EAATnrmoQyC4BRtlStZCpnUVOAiZAI7ia41GvW0Sam17UPHT0rfwpjZCnFZBVOUsAhLc76Al3mcLeT1xzOtMTgxR2aBJrWIwVIZCkzD8dXjjeybLndMrBmf41ds0ScfegvMr1mEGZC872hiUMZCbYSr8RUFZBZBB8vteMefp8vWepUjMJ342AkxzDv6JFgW7ZAMRsU1x8KlvZBZBf
2026-08-07,1077942034764540,TEZ TOUR Lietuva,https://www.facebook.com/ads/archive/render_ad/?id=1077942034764544&access_token=EAATnrmoQyC4BRtlStZCpnUVOAiZAI7ia41GvW0Sam17UPHT0rfwpjZCnFZBVOUsAhLc76Al3mcLeT1xzOtMTgxR2aBJrWIwVIZCkzD8dXjjeybLndMrBmf41ds0ScfegvMr1mEGZC872hiUMZCbYSr8RUFZBZBB8vteMefp8vWepUjMJ342AkxzDv6JFgW7ZAMRsU1x8KlvZBZBf
2026-08-07,1224141983181100,Boozt.com,https://www.facebook.com/ads/archive/render_ad/?id=1224141983181104&access_token=EAATnrmoQyC4BRtlStZCpnUVOAiZAI7ia41GvW0Sam17UPHT0rfwpjZCnFZBVOUsAhLc76Al3mcLeT1xzOtMTgxR2aBJrWIwVIZCkzD8dXjjeybLndMrBmf41ds0ScfegvMr1mEGZC872hiUMZCbYSr8RUFZBZBB8vteMefp8vWepUjMJ342AkxzDv6JFgW7ZAMRsU1x8KlvZBZBf
2026-08-07,1013283508369680,Coral Travel Lithuania,https://www.facebook.com/ads/archive/render_ad/?id=1013283508369679&access_token=EAATnrmoQyC4BRtlStZCpnUVOAiZAI7ia41GvW0Sam17UPHT0rfwpjZCnFZBVOUsAhLc76Al3mcLeT1xzOtMTgxR2aBJrWIwVIZCkzD8dXjjeybLndMrBmf41ds0ScfegvMr1mEGZC872hiUMZCbYSr8RUFZBZBB8vteMefp8vWepUjMJ342AkxzDv6JFgW7ZAMRsU1x8KlvZBZBf
2026-08-07,1569229938251010,Sportland Latvija,https://www.facebook.com/ads/archive/render_ad/?id=1569229938251011&access_token=EAATnrmoQyC4BRtlStZCpnUVOAiZAI7ia41GvW0Sam17UPHT0rfwpjZCnFZBVOUsAhLc76Al3mcLeT1xzOtMTgxR2aBJrWIwVIZCkzD8dXjjeybLndMrBmf41ds0ScfegvMr1mEGZC872hiUMZCbYSr8RUFZBZBB8vteMefp8vWepUjMJ342AkxzDv6JFgW7ZAMRsU1x8KlvZBZBf
2026-08-07,1752059196103420,Coral Travel Lithuania,https://www.facebook.com/ads/archive/render_ad/?id=1752059196103415&access_token=EAATnrmoQyC4BRtlStZCpnUVOAiZAI7ia41GvW0Sam17UPHT0rfwpjZCnFZBVOUsAhLc76Al3mcLeT1xzOtMTgxR2aBJrWIwVIZCkzD8dXjjeybLndMrBmf41ds0ScfegvMr1mEGZC872hiUMZCbYSr8RUFZBZBB8vteMefp8vWepUjMJ342AkxzDv6JFgW7ZAMRsU1x8KlvZBZBf
2026-08-07,1566717231623420,ABOUT YOU,https://www.facebook.com/ads/archive/render_ad/?id=1566717231623418&access_token=EAATnrmoQyC4BRtlStZCpnUVOAiZAI7ia41GvW0Sam17UPHT0rfwpjZCnFZBVOUsAhLc76Al3mcLeT1xzOtMTgxR2aBJrWIwVIZCkzD8dXjjeybLndMrBmf41ds0ScfegvMr1mEGZC872hiUMZCbYSr8RUFZBZBB8vteMefp8vWepUjMJ342AkxzDv6JFgW7ZAMRsU1x8KlvZBZBf
2026-08-07,1581414646872190,If Kindlustus,https://www.facebook.com/ads/archive/render_ad/?id=1581414646872191&access_token=EAATnrmoQyC4BRtlStZCpnUVOAiZAI7ia41GvW0Sam17UPHT0rfwpjZCnFZBVOUsAhLc76Al3mcLeT1xzOtMTgxR2aBJrWIwVIZCkzD8dXjjeybLndMrBmf41ds0ScfegvMr1mEGZC872hiUMZCbYSr8RUFZBZBB8vteMefp8vWepUjMJ342AkxzDv6JFgW7ZAMRsU1x8KlvZBZBf
2026-08-07,3285751368299770,Boozt.com,https://www.facebook.com/ads/archive/render_ad/?id=3285751368299774&access_token=EAATnrmoQyC4BRtlStZCpnUVOAiZAI7ia41GvW0Sam17UPHT0rfwpjZCnFZBVOUsAhLc76Al3mcLeT1xzOtMTgxR2aBJrWIwVIZCkzD8dXjjeybLndMrBmf41ds0ScfegvMr1mEGZC872hiUMZCbYSr8RUFZBZBB8vteMefp8vWepUjMJ342AkxzDv6JFgW7ZAMRsU1x8KlvZBZBf
2026-08-07,1045691318184600,Coral Travel Lithuania,https://www.facebook.com/ads/archive/render_ad/?id=1045691318184601&access_token=EAATnrmoQyC4BRtlStZCpnUVOAiZAI7ia41GvW0Sam17UPHT0rfwpjZCnFZBVOUsAhLc76Al3mcLeT1xzOtMTgxR2aBJrWIwVIZCkzD8dXjjeybLndMrBmf41ds0ScfegvMr1mEGZC872hiUMZCbYSr8RUFZBZBB8vteMefp8vWepUjMJ342AkxzDv6JFgW7ZAMRsU1x8KlvZBZBf
2026-08-07,1720560892546320,TEZ TOUR Lietuva,https://www.facebook.com/ads/archive/render_ad/?id=1720560892546317&access_token=EAATnrmoQyC4BRtlStZCpnUVOAiZAI7ia41GvW0Sam17UPHT0rfwpjZCnFZBVOUsAhLc76Al3mcLeT1xzOtMTgxR2aBJrWIwVIZCkzD8dXjjeybLndMrBmf41ds0ScfegvMr1mEGZC872hiUMZCbYSr8RUFZBZBB8vteMefp8vWepUjMJ342AkxzDv6JFgW7ZAMRsU1x8KlvZBZBf
2026-08-07,2143052389942590,Boozt.com,https://www.facebook.com/ads/archive/render_ad/?id=2143052389942592&access_token=EAATnrmoQyC4BRtlStZCpnUVOAiZAI7ia41GvW0Sam17UPHT0rfwpjZCnFZBVOUsAhLc76Al3mcLeT1xzOtMTgxR2aBJrWIwVIZCkzD8dXjjeybLndMrBmf41ds0ScfegvMr1mEGZC872hiUMZCbYSr8RUFZBZBB8vteMefp8vWepUjMJ342AkxzDv6JFgW7ZAMRsU1x8KlvZBZBf
2026-08-07,1376279080648670,Boozt.com,https://www.facebook.com/ads/archive/render_ad/?id=1376279080648673&access_token=EAATnrmoQyC4BRtlStZCpnUVOAiZAI7ia41GvW0Sam17UPHT0rfwpjZCnFZBVOUsAhLc76Al3mcLeT1xzOtMTgxR2aBJrWIwVIZCkzD8dXjjeybLndMrBmf41ds0ScfegvMr1mEGZC872hiUMZCbYSr8RUFZBZBB8vteMefp8vWepUjMJ342AkxzDv6JFgW7ZAMRsU1x8KlvZBZBf
2026-08-07,28505161262400500,Coral Travel Lithuania,https://www.facebook.com/ads/archive/render_ad/?id=28505161262400548&access_token=EAATnrmoQyC4BRtlStZCpnUVOAiZAI7ia41GvW0Sam17UPHT0rfwpjZCnFZBVOUsAhLc76Al3mcLeT1xzOtMTgxR2aBJrWIwVIZCkzD8dXjjeybLndMrBmf41ds0ScfegvMr1mEGZC872hiUMZCbYSr8RUFZBZBB8vteMefp8vWepUjMJ342AkxzDv6JFgW7ZAMRsU1x8KlvZBZBf
2026-08-07,2004892393529480,Weekend.ee,https://www.facebook.com/ads/archive/render_ad/?id=2004892393529484&access_token=EAATnrmoQyC4BRtlStZCpnUVOAiZAI7ia41GvW0Sam17UPHT0rfwpjZCnFZBVOUsAhLc76Al3mcLeT1xzOtMTgxR2aBJrWIwVIZCkzD8dXjjeybLndMrBmf41ds0ScfegvMr1mEGZC872hiUMZCbYSr8RUFZBZBB8vteMefp8vWepUjMJ342AkxzDv6JFgW7ZAMRsU1x8KlvZBZBf
2026-08-07,1765037697963770,Endover Kinnisvara,https://www.facebook.com/ads/archive/render_ad/?id=1765037697963766&access_token=EAATnrmoQyC4BRtlStZCpnUVOAiZAI7ia41GvW0Sam17UPHT0rfwpjZCnFZBVOUsAhLc76Al3mcLeT1xzOtMTgxR2aBJrWIwVIZCkzD8dXjjeybLndMrBmf41ds0ScfegvMr1mEGZC872hiUMZCbYSr8RUFZBZBB8vteMefp8vWepUjMJ342AkxzDv6JFgW7ZAMRsU1x8KlvZBZBf
2026-08-07,918486451307576,If Kindlustus,https://www.facebook.com/ads/archive/render_ad/?id=918486451307576&access_token=EAATnrmoQyC4BRtlStZCpnUVOAiZAI7ia41GvW0Sam17UPHT0rfwpjZCnFZBVOUsAhLc76Al3mcLeT1xzOtMTgxR2aBJrWIwVIZCkzD8dXjjeybLndMrBmf41ds0ScfegvMr1mEGZC872hiUMZCbYSr8RUFZBZBB8vteMefp8vWepUjMJ342AkxzDv6JFgW7ZAMRsU1x8KlvZBZBf
2026-08-07,972192742575839,Weekend.ee,https://www.facebook.com/ads/archive/render_ad/?id=972192742575839&access_token=EAATnrmoQyC4BRtlStZCpnUVOAiZAI7ia41GvW0Sam17UPHT0rfwpjZCnFZBVOUsAhLc76Al3mcLeT1xzOtMTgxR2aBJrWIwVIZCkzD8dXjjeybLndMrBmf41ds0ScfegvMr1mEGZC872hiUMZCbYSr8RUFZBZBB8vteMefp8vWepUjMJ342AkxzDv6JFgW7ZAMRsU1x8KlvZBZBf
2026-08-07,1031686796259520,Weekend.ee,https://www.facebook.com/ads/archive/render_ad/?id=1031686796259518&access_token=EAATnrmoQyC4BRtlStZCpnUVOAiZAI7ia41GvW0Sam17UPHT0rfwpjZCnFZBVOUsAhLc76Al3mcLeT1xzOtMTgxR2aBJrWIwVIZCkzD8dXjjeybLndMrBmf41ds0ScfegvMr1mEGZC872hiUMZCbYSr8RUFZBZBB8vteMefp8vWepUjMJ342AkxzDv6JFgW7ZAMRsU1x8KlvZBZBf
2026-08-07,1370710141870240,Sportland Latvija,https://www.facebook.com/ads/archive/render_ad/?id=1370710141870243&access_token=EAATnrmoQyC4BRtlStZCpnUVOAiZAI7ia41GvW0Sam17UPHT0rfwpjZCnFZBVOUsAhLc76Al3mcLeT1xzOtMTgxR2aBJrWIwVIZCkzD8dXjjeybLndMrBmf41ds0ScfegvMr1mEGZC872hiUMZCbYSr8RUFZBZBB8vteMefp8vWepUjMJ342AkxzDv6JFgW7ZAMRsU1x8KlvZBZBf
2026-08-07,1716313719665410,Boozt.com,https://www.facebook.com/ads/archive/render_ad/?id=1716313719665409&access_token=EAATnrmoQyC4BRtlStZCpnUVOAiZAI7ia41GvW0Sam17UPHT0rfwpjZCnFZBVOUsAhLc76Al3mcLeT1xzOtMTgxR2aBJrWIwVIZCkzD8dXjjeybLndMrBmf41ds0ScfegvMr1mEGZC872hiUMZCbYSr8RUFZBZBB8vteMefp8vWepUjMJ342AkxzDv6JFgW7ZAMRsU1x8KlvZBZBf
2026-08-07,1591219749106420,Barbora.ee,https://www.facebook.com/ads/archive/render_ad/?id=1591219749106417&access_token=EAATnrmoQyC4BRtlStZCpnUVOAiZAI7ia41GvW0Sam17UPHT0rfwpjZCnFZBVOUsAhLc76Al3mcLeT1xzOtMTgxR2aBJrWIwVIZCkzD8dXjjeybLndMrBmf41ds0ScfegvMr1mEGZC872hiUMZCbYSr8RUFZBZBB8vteMefp8vWepUjMJ342AkxzDv6JFgW7ZAMRsU1x8KlvZBZBf
2026-08-07,1001019726269100,Coral Travel Lithuania,https://www.facebook.com/ads/archive/render_ad/?id=1001019726269100&access_token=EAATnrmoQyC4BRtlStZCpnUVOAiZAI7ia41GvW0Sam17UPHT0rfwpjZCnFZBVOUsAhLc76Al3mcLeT1xzOtMTgxR2aBJrWIwVIZCkzD8dXjjeybLndMrBmf41ds0ScfegvMr1mEGZC872hiUMZCbYSr8RUFZBZBB8vteMefp8vWepUjMJ342AkxzDv6JFgW7ZAMRsU1x8KlvZBZBf
2026-08-07,2257915414984730,Boozt.com,https://www.facebook.com/ads/archive/render_ad/?id=2257915414984728&access_token=EAATnrmoQyC4BRtlStZCpnUVOAiZAI7ia41GvW0Sam17UPHT0rfwpjZCnFZBVOUsAhLc76Al3mcLeT1xzOtMTgxR2aBJrWIwVIZCkzD8dXjjeybLndMrBmf41ds0ScfegvMr1mEGZC872hiUMZCbYSr8RUFZBZBB8vteMefp8vWepUjMJ342AkxzDv6JFgW7ZAMRsU1x8KlvZBZBf
2026-08-07,1578544210519960,Boozt.com,https://www.facebook.com/ads/archive/render_ad/?id=1578544210519962&access_token=EAATnrmoQyC4BRtlStZCpnUVOAiZAI7ia41GvW0Sam17UPHT0rfwpjZCnFZBVOUsAhLc76Al3mcLeT1xzOtMTgxR2aBJrWIwVIZCkzD8dXjjeybLndMrBmf41ds0ScfegvMr1mEGZC872hiUMZCbYSr8RUFZBZBB8vteMefp8vWepUjMJ342AkxzDv6JFgW7ZAMRsU1x8KlvZBZBf
2026-08-07,2036246733663830,Boozt.com,https://www.facebook.com/ads/archive/render_ad/?id=2036246733663831&access_token=EAATnrmoQyC4BRtlStZCpnUVOAiZAI7ia41GvW0Sam17UPHT0rfwpjZCnFZBVOUsAhLc76Al3mcLeT1xzOtMTgxR2aBJrWIwVIZCkzD8dXjjeybLndMrBmf41ds0ScfegvMr1mEGZC872hiUMZCbYSr8RUFZBZBB8vteMefp8vWepUjMJ342AkxzDv6JFgW7ZAMRsU1x8KlvZBZBf
2026-08-07,1050340264030450,Boozt.com,https://www.facebook.com/ads/archive/render_ad/?id=1050340264030454&access_token=EAATnrmoQyC4BRtlStZCpnUVOAiZAI7ia41GvW0Sam17UPHT0rfwpjZCnFZBVOUsAhLc76Al3mcLeT1xzOtMTgxR2aBJrWIwVIZCkzD8dXjjeybLndMrBmf41ds0ScfegvMr1mEGZC872hiUMZCbYSr8RUFZBZBB8vteMefp8vWepUjMJ342AkxzDv6JFgW7ZAMRsU1x8KlvZBZBf
2026-08-07,924587240106856,Aurora Clinic,https://www.facebook.com/ads/archive/render_ad/?id=924587240106856&access_token=EAATnrmoQyC4BRtlStZCpnUVOAiZAI7ia41GvW0Sam17UPHT0rfwpjZCnFZBVOUsAhLc76Al3mcLeT1xzOtMTgxR2aBJrWIwVIZCkzD8dXjjeybLndMrBmf41ds0ScfegvMr1mEGZC872hiUMZCbYSr8RUFZBZBB8vteMefp8vWepUjMJ342AkxzDv6JFgW7ZAMRsU1x8KlvZBZBf
2026-08-07,2647078969094820,SELVER,https://www.facebook.com/ads/archive/render_ad/?id=2647078969094816&access_token=EAATnrmoQyC4BRtlStZCpnUVOAiZAI7ia41GvW0Sam17UPHT0rfwpjZCnFZBVOUsAhLc76Al3mcLeT1xzOtMTgxR2aBJrWIwVIZCkzD8dXjjeybLndMrBmf41ds0ScfegvMr1mEGZC872hiUMZCbYSr8RUFZBZBB8vteMefp8vWepUjMJ342AkxzDv6JFgW7ZAMRsU1x8KlvZBZBf
2026-08-07,4623593197876060,JD Sports Lithuania,https://www.facebook.com/ads/archive/render_ad/?id=4623593197876059&access_token=EAATnrmoQyC4BRtlStZCpnUVOAiZAI7ia41GvW0Sam17UPHT0rfwpjZCnFZBVOUsAhLc76Al3mcLeT1xzOtMTgxR2aBJrWIwVIZCkzD8dXjjeybLndMrBmf41ds0ScfegvMr1mEGZC872hiUMZCbYSr8RUFZBZBB8vteMefp8vWepUjMJ342AkxzDv6JFgW7ZAMRsU1x8KlvZBZBf
2026-08-07,2025902595479620,Holm Bank,https://www.facebook.com/ads/archive/render_ad/?id=2025902595479615&access_token=EAATnrmoQyC4BRtlStZCpnUVOAiZAI7ia41GvW0Sam17UPHT0rfwpjZCnFZBVOUsAhLc76Al3mcLeT1xzOtMTgxR2aBJrWIwVIZCkzD8dXjjeybLndMrBmf41ds0ScfegvMr1mEGZC872hiUMZCbYSr8RUFZBZBB8vteMefp8vWepUjMJ342AkxzDv6JFgW7ZAMRsU1x8KlvZBZBf
2026-08-07,1029460059985970,TEZ TOUR Lietuva,https://www.facebook.com/ads/archive/render_ad/?id=1029460059985970&access_token=EAATnrmoQyC4BRtlStZCpnUVOAiZAI7ia41GvW0Sam17UPHT0rfwpjZCnFZBVOUsAhLc76Al3mcLeT1xzOtMTgxR2aBJrWIwVIZCkzD8dXjjeybLndMrBmf41ds0ScfegvMr1mEGZC872hiUMZCbYSr8RUFZBZBB8vteMefp8vWepUjMJ342AkxzDv6JFgW7ZAMRsU1x8KlvZBZBf
2026-08-07,2114345989482000,TEZ TOUR Lietuva,https://www.facebook.com/ads/archive/render_ad/?id=2114345989482004&access_token=EAATnrmoQyC4BRtlStZCpnUVOAiZAI7ia41GvW0Sam17UPHT0rfwpjZCnFZBVOUsAhLc76Al3mcLeT1xzOtMTgxR2aBJrWIwVIZCkzD8dXjjeybLndMrBmf41ds0ScfegvMr1mEGZC872hiUMZCbYSr8RUFZBZBB8vteMefp8vWepUjMJ342AkxzDv6JFgW7ZAMRsU1x8KlvZBZBf
2026-08-07,1753373022760110,Boozt.com,https://www.facebook.com/ads/archive/render_ad/?id=1753373022760105&access_token=EAATnrmoQyC4BRtlStZCpnUVOAiZAI7ia41GvW0Sam17UPHT0rfwpjZCnFZBVOUsAhLc76Al3mcLeT1xzOtMTgxR2aBJrWIwVIZCkzD8dXjjeybLndMrBmf41ds0ScfegvMr1mEGZC872hiUMZCbYSr8RUFZBZBB8vteMefp8vWepUjMJ342AkxzDv6JFgW7ZAMRsU1x8KlvZBZBf
2026-08-07,1063715696054750,Coral Travel Lithuania,https://www.facebook.com/ads/archive/render_ad/?id=1063715696054752&access_token=EAATnrmoQyC4BRtlStZCpnUVOAiZAI7ia41GvW0Sam17UPHT0rfwpjZCnFZBVOUsAhLc76Al3mcLeT1xzOtMTgxR2aBJrWIwVIZCkzD8dXjjeybLndMrBmf41ds0ScfegvMr1mEGZC872hiUMZCbYSr8RUFZBZBB8vteMefp8vWepUjMJ342AkxzDv6JFgW7ZAMRsU1x8KlvZBZBf
2026-08-07,1600271964779280,TEZ TOUR Lietuva,https://www.facebook.com/ads/archive/render_ad/?id=1600271964779282&access_token=EAATnrmoQyC4BRtlStZCpnUVOAiZAI7ia41GvW0Sam17UPHT0rfwpjZCnFZBVOUsAhLc76Al3mcLeT1xzOtMTgxR2aBJrWIwVIZCkzD8dXjjeybLndMrBmf41ds0ScfegvMr1mEGZC872hiUMZCbYSr8RUFZBZBB8vteMefp8vWepUjMJ342AkxzDv6JFgW7ZAMRsU1x8KlvZBZBf
2026-08-07,2341359909729600,Sportland Latvija,https://www.facebook.com/ads/archive/render_ad/?id=2341359909729600&access_token=EAATnrmoQyC4BRtlStZCpnUVOAiZAI7ia41GvW0Sam17UPHT0rfwpjZCnFZBVOUsAhLc76Al3mcLeT1xzOtMTgxR2aBJrWIwVIZCkzD8dXjjeybLndMrBmf41ds0ScfegvMr1mEGZC872hiUMZCbYSr8RUFZBZBB8vteMefp8vWepUjMJ342AkxzDv6JFgW7ZAMRsU1x8KlvZBZBf
2026-08-07,1807620127070530,TEZ TOUR Lietuva,https://www.facebook.com/ads/archive/render_ad/?id=1807620127070526&access_token=EAATnrmoQyC4BRtlStZCpnUVOAiZAI7ia41GvW0Sam17UPHT0rfwpjZCnFZBVOUsAhLc76Al3mcLeT1xzOtMTgxR2aBJrWIwVIZCkzD8dXjjeybLndMrBmf41ds0ScfegvMr1mEGZC872hiUMZCbYSr8RUFZBZBB8vteMefp8vWepUjMJ342AkxzDv6JFgW7ZAMRsU1x8KlvZBZBf
2026-08-07,1998420917508180,Boozt.com,https://www.facebook.com/ads/archive/render_ad/?id=1998420917508176&access_token=EAATnrmoQyC4BRtlStZCpnUVOAiZAI7ia41GvW0Sam17UPHT0rfwpjZCnFZBVOUsAhLc76Al3mcLeT1xzOtMTgxR2aBJrWIwVIZCkzD8dXjjeybLndMrBmf41ds0ScfegvMr1mEGZC872hiUMZCbYSr8RUFZBZBB8vteMefp8vWepUjMJ342AkxzDv6JFgW7ZAMRsU1x8KlvZBZBf
2026-08-07,2248638775899490,Bonava,https://www.facebook.com/ads/archive/render_ad/?id=2248638775899489&access_token=EAATnrmoQyC4BRtlStZCpnUVOAiZAI7ia41GvW0Sam17UPHT0rfwpjZCnFZBVOUsAhLc76Al3mcLeT1xzOtMTgxR2aBJrWIwVIZCkzD8dXjjeybLndMrBmf41ds0ScfegvMr1mEGZC872hiUMZCbYSr8RUFZBZBB8vteMefp8vWepUjMJ342AkxzDv6JFgW7ZAMRsU1x8KlvZBZBf
2026-08-07,1040739405595540,Weekend.ee,https://www.facebook.com/ads/archive/render_ad/?id=1040739405595541&access_token=EAATnrmoQyC4BRtlStZCpnUVOAiZAI7ia41GvW0Sam17UPHT0rfwpjZCnFZBVOUsAhLc76Al3mcLeT1xzOtMTgxR2aBJrWIwVIZCkzD8dXjjeybLndMrBmf41ds0ScfegvMr1mEGZC872hiUMZCbYSr8RUFZBZBB8vteMefp8vWepUjMJ342AkxzDv6JFgW7ZAMRsU1x8KlvZBZBf
2026-08-07,1032333052735810,TEZ TOUR Lietuva,https://www.facebook.com/ads/archive/render_ad/?id=1032333052735813&access_token=EAATnrmoQyC4BRtlStZCpnUVOAiZAI7ia41GvW0Sam17UPHT0rfwpjZCnFZBVOUsAhLc76Al3mcLeT1xzOtMTgxR2aBJrWIwVIZCkzD8dXjjeybLndMrBmf41ds0ScfegvMr1mEGZC872hiUMZCbYSr8RUFZBZBB8vteMefp8vWepUjMJ342AkxzDv6JFgW7ZAMRsU1x8KlvZBZBf
2026-08-07,1423598149832650,Endover Kinnisvara,https://www.facebook.com/ads/archive/render_ad/?id=1423598149832647&access_token=EAATnrmoQyC4BRtlStZCpnUVOAiZAI7ia41GvW0Sam17UPHT0rfwpjZCnFZBVOUsAhLc76Al3mcLeT1xzOtMTgxR2aBJrWIwVIZCkzD8dXjjeybLndMrBmf41ds0ScfegvMr1mEGZC872hiUMZCbYSr8RUFZBZBB8vteMefp8vWepUjMJ342AkxzDv6JFgW7ZAMRsU1x8KlvZBZBf
2026-08-07,4470969883223290,Enefit Eesti,https://www.facebook.com/ads/archive/render_ad/?id=4470969883223290&access_token=EAATnrmoQyC4BRtlStZCpnUVOAiZAI7ia41GvW0Sam17UPHT0rfwpjZCnFZBVOUsAhLc76Al3mcLeT1xzOtMTgxR2aBJrWIwVIZCkzD8dXjjeybLndMrBmf41ds0ScfegvMr1mEGZC872hiUMZCbYSr8RUFZBZBB8vteMefp8vWepUjMJ342AkxzDv6JFgW7ZAMRsU1x8KlvZBZBf
2026-08-07,1408237351373100,If Kindlustus,https://www.facebook.com/ads/archive/render_ad/?id=1408237351373100&access_token=EAATnrmoQyC4BRtlStZCpnUVOAiZAI7ia41GvW0Sam17UPHT0rfwpjZCnFZBVOUsAhLc76Al3mcLeT1xzOtMTgxR2aBJrWIwVIZCkzD8dXjjeybLndMrBmf41ds0ScfegvMr1mEGZC872hiUMZCbYSr8RUFZBZBB8vteMefp8vWepUjMJ342AkxzDv6JFgW7ZAMRsU1x8KlvZBZBf
2026-08-07,1667137614347660,TEZ TOUR Lietuva,https://www.facebook.com/ads/archive/render_ad/?id=1667137614347659&access_token=EAATnrmoQyC4BRtlStZCpnUVOAiZAI7ia41GvW0Sam17UPHT0rfwpjZCnFZBVOUsAhLc76Al3mcLeT1xzOtMTgxR2aBJrWIwVIZCkzD8dXjjeybLndMrBmf41ds0ScfegvMr1mEGZC872hiUMZCbYSr8RUFZBZBB8vteMefp8vWepUjMJ342AkxzDv6JFgW7ZAMRsU1x8KlvZBZBf
2026-08-07,1032773336403880,Boozt.com,https://www.facebook.com/ads/archive/render_ad/?id=1032773336403875&access_token=EAATnrmoQyC4BRtlStZCpnUVOAiZAI7ia41GvW0Sam17UPHT0rfwpjZCnFZBVOUsAhLc76Al3mcLeT1xzOtMTgxR2aBJrWIwVIZCkzD8dXjjeybLndMrBmf41ds0ScfegvMr1mEGZC872hiUMZCbYSr8RUFZBZBB8vteMefp8vWepUjMJ342AkxzDv6JFgW7ZAMRsU1x8KlvZBZBf
2026-08-07,1588288713040740,Coop Eesti,https://www.facebook.com/ads/archive/render_ad/?id=1588288713040743&access_token=EAATnrmoQyC4BRtlStZCpnUVOAiZAI7ia41GvW0Sam17UPHT0rfwpjZCnFZBVOUsAhLc76Al3mcLeT1xzOtMTgxR2aBJrWIwVIZCkzD8dXjjeybLndMrBmf41ds0ScfegvMr1mEGZC872hiUMZCbYSr8RUFZBZBB8vteMefp8vWepUjMJ342AkxzDv6JFgW7ZAMRsU1x8KlvZBZBf
2026-08-07,1031459806401160,Boozt.com,https://www.facebook.com/ads/archive/render_ad/?id=1031459806401163&access_token=EAATnrmoQyC4BRtlStZCpnUVOAiZAI7ia41GvW0Sam17UPHT0rfwpjZCnFZBVOUsAhLc76Al3mcLeT1xzOtMTgxR2aBJrWIwVIZCkzD8dXjjeybLndMrBmf41ds0ScfegvMr1mEGZC872hiUMZCbYSr8RUFZBZBB8vteMefp8vWepUjMJ342AkxzDv6JFgW7ZAMRsU1x8KlvZBZBf
2026-08-07,1383465270401700,TEZ TOUR Lietuva,https://www.facebook.com/ads/archive/render_ad/?id=1383465270401695&access_token=EAATnrmoQyC4BRtlStZCpnUVOAiZAI7ia41GvW0Sam17UPHT0rfwpjZCnFZBVOUsAhLc76Al3mcLeT1xzOtMTgxR2aBJrWIwVIZCkzD8dXjjeybLndMrBmf41ds0ScfegvMr1mEGZC872hiUMZCbYSr8RUFZBZBB8vteMefp8vWepUjMJ342AkxzDv6JFgW7ZAMRsU1x8KlvZBZBf
2026-08-07,3113107045547240,Enefit Eesti,https://www.facebook.com/ads/archive/render_ad/?id=3113107045547238&access_token=EAATnrmoQyC4BRtlStZCpnUVOAiZAI7ia41GvW0Sam17UPHT0rfwpjZCnFZBVOUsAhLc76Al3mcLeT1xzOtMTgxR2aBJrWIwVIZCkzD8dXjjeybLndMrBmf41ds0ScfegvMr1mEGZC872hiUMZCbYSr8RUFZBZBB8vteMefp8vWepUjMJ342AkxzDv6JFgW7ZAMRsU1x8KlvZBZBf
2026-08-07,1587694410068590,If Kindlustus,https://www.facebook.com/ads/archive/render_ad/?id=1587694410068592&access_token=EAATnrmoQyC4BRtlStZCpnUVOAiZAI7ia41GvW0Sam17UPHT0rfwpjZCnFZBVOUsAhLc76Al3mcLeT1xzOtMTgxR2aBJrWIwVIZCkzD8dXjjeybLndMrBmf41ds0ScfegvMr1mEGZC872hiUMZCbYSr8RUFZBZBB8vteMefp8vWepUjMJ342AkxzDv6JFgW7ZAMRsU1x8KlvZBZBf
2026-08-07,1671428613918520,Coral Travel Latvia,https://www.facebook.com/ads/archive/render_ad/?id=1671428613918522&access_token=EAATnrmoQyC4BRtlStZCpnUVOAiZAI7ia41GvW0Sam17UPHT0rfwpjZCnFZBVOUsAhLc76Al3mcLeT1xzOtMTgxR2aBJrWIwVIZCkzD8dXjjeybLndMrBmf41ds0ScfegvMr1mEGZC872hiUMZCbYSr8RUFZBZBB8vteMefp8vWepUjMJ342AkxzDv6JFgW7ZAMRsU1x8KlvZBZBf
2026-08-07,1309477604356360,Endover Kinnisvara,https://www.facebook.com/ads/archive/render_ad/?id=1309477604356364&access_token=EAATnrmoQyC4BRtlStZCpnUVOAiZAI7ia41GvW0Sam17UPHT0rfwpjZCnFZBVOUsAhLc76Al3mcLeT1xzOtMTgxR2aBJrWIwVIZCkzD8dXjjeybLndMrBmf41ds0ScfegvMr1mEGZC872hiUMZCbYSr8RUFZBZBB8vteMefp8vWepUjMJ342AkxzDv6JFgW7ZAMRsU1x8KlvZBZBf
2026-08-07,1033069309334950,Boozt.com,https://www.facebook.com/ads/archive/render_ad/?id=1033069309334954&access_token=EAATnrmoQyC4BRtlStZCpnUVOAiZAI7ia41GvW0Sam17UPHT0rfwpjZCnFZBVOUsAhLc76Al3mcLeT1xzOtMTgxR2aBJrWIwVIZCkzD8dXjjeybLndMrBmf41ds0ScfegvMr1mEGZC872hiUMZCbYSr8RUFZBZBB8vteMefp8vWepUjMJ342AkxzDv6JFgW7ZAMRsU1x8KlvZBZBf
2026-08-07,1035640285848320,Boozt.com,https://www.facebook.com/ads/archive/render_ad/?id=1035640285848317&access_token=EAATnrmoQyC4BRtlStZCpnUVOAiZAI7ia41GvW0Sam17UPHT0rfwpjZCnFZBVOUsAhLc76Al3mcLeT1xzOtMTgxR2aBJrWIwVIZCkzD8dXjjeybLndMrBmf41ds0ScfegvMr1mEGZC872hiUMZCbYSr8RUFZBZBB8vteMefp8vWepUjMJ342AkxzDv6JFgW7ZAMRsU1x8KlvZBZBf
2026-08-07,2329630730904570,Tuleva,https://www.facebook.com/ads/archive/render_ad/?id=2329630730904573&access_token=EAATnrmoQyC4BRtlStZCpnUVOAiZAI7ia41GvW0Sam17UPHT0rfwpjZCnFZBVOUsAhLc76Al3mcLeT1xzOtMTgxR2aBJrWIwVIZCkzD8dXjjeybLndMrBmf41ds0ScfegvMr1mEGZC872hiUMZCbYSr8RUFZBZBB8vteMefp8vWepUjMJ342AkxzDv6JFgW7ZAMRsU1x8KlvZBZBf
2026-08-07,1042554455403390,Boozt.com,https://www.facebook.com/ads/archive/render_ad/?id=1042554455403388&access_token=EAATnrmoQyC4BRtlStZCpnUVOAiZAI7ia41GvW0Sam17UPHT0rfwpjZCnFZBVOUsAhLc76Al3mcLeT1xzOtMTgxR2aBJrWIwVIZCkzD8dXjjeybLndMrBmf41ds0ScfegvMr1mEGZC872hiUMZCbYSr8RUFZBZBB8vteMefp8vWepUjMJ342AkxzDv6JFgW7ZAMRsU1x8KlvZBZBf
2026-08-07,1710184283529800,Boozt.com,https://www.facebook.com/ads/archive/render_ad/?id=1710184283529798&access_token=EAATnrmoQyC4BRtlStZCpnUVOAiZAI7ia41GvW0Sam17UPHT0rfwpjZCnFZBVOUsAhLc76Al3mcLeT1xzOtMTgxR2aBJrWIwVIZCkzD8dXjjeybLndMrBmf41ds0ScfegvMr1mEGZC872hiUMZCbYSr8RUFZBZBB8vteMefp8vWepUjMJ342AkxzDv6JFgW7ZAMRsU1x8KlvZBZBf
2026-08-06,1599992635085590,Balcia Kindlustus,https://www.facebook.com/ads/archive/render_ad/?id=1599992635085592&access_token=EAATnrmoQyC4BRtlStZCpnUVOAiZAI7ia41GvW0Sam17UPHT0rfwpjZCnFZBVOUsAhLc76Al3mcLeT1xzOtMTgxR2aBJrWIwVIZCkzD8dXjjeybLndMrBmf41ds0ScfegvMr1mEGZC872hiUMZCbYSr8RUFZBZBB8vteMefp8vWepUjMJ342AkxzDv6JFgW7ZAMRsU1x8KlvZBZBf
2026-08-06,1406218358155650,Sportland Eesti,https://www.facebook.com/ads/archive/render_ad/?id=1406218358155652&access_token=EAATnrmoQyC4BRtlStZCpnUVOAiZAI7ia41GvW0Sam17UPHT0rfwpjZCnFZBVOUsAhLc76Al3mcLeT1xzOtMTgxR2aBJrWIwVIZCkzD8dXjjeybLndMrBmf41ds0ScfegvMr1mEGZC872hiUMZCbYSr8RUFZBZBB8vteMefp8vWepUjMJ342AkxzDv6JFgW7ZAMRsU1x8KlvZBZBf
2026-08-06,2628411584283810,TEZ TOUR Lietuva,https://www.facebook.com/ads/archive/render_ad/?id=2628411584283806&access_token=EAATnrmoQyC4BRtlStZCpnUVOAiZAI7ia41GvW0Sam17UPHT0rfwpjZCnFZBVOUsAhLc76Al3mcLeT1xzOtMTgxR2aBJrWIwVIZCkzD8dXjjeybLndMrBmf41ds0ScfegvMr1mEGZC872hiUMZCbYSr8RUFZBZBB8vteMefp8vWepUjMJ342AkxzDv6JFgW7ZAMRsU1x8KlvZBZBf
2026-08-06,2215465029285910,Coop Eesti,https://www.facebook.com/ads/archive/render_ad/?id=2215465029285905&access_token=EAATnrmoQyC4BRtlStZCpnUVOAiZAI7ia41GvW0Sam17UPHT0rfwpjZCnFZBVOUsAhLc76Al3mcLeT1xzOtMTgxR2aBJrWIwVIZCkzD8dXjjeybLndMrBmf41ds0ScfegvMr1mEGZC872hiUMZCbYSr8RUFZBZBB8vteMefp8vWepUjMJ342AkxzDv6JFgW7ZAMRsU1x8KlvZBZBf
2026-08-06,1067486322290360,Coop Eesti,https://www.facebook.com/ads/archive/render_ad/?id=1067486322290361&access_token=EAATnrmoQyC4BRtlStZCpnUVOAiZAI7ia41GvW0Sam17UPHT0rfwpjZCnFZBVOUsAhLc76Al3mcLeT1xzOtMTgxR2aBJrWIwVIZCkzD8dXjjeybLndMrBmf41ds0ScfegvMr1mEGZC872hiUMZCbYSr8RUFZBZBB8vteMefp8vWepUjMJ342AkxzDv6JFgW7ZAMRsU1x8KlvZBZBf
2026-08-06,1080417367878990,TEZ TOUR Lietuva,https://www.facebook.com/ads/archive/render_ad/?id=1080417367878986&access_token=EAATnrmoQyC4BRtlStZCpnUVOAiZAI7ia41GvW0Sam17UPHT0rfwpjZCnFZBVOUsAhLc76Al3mcLeT1xzOtMTgxR2aBJrWIwVIZCkzD8dXjjeybLndMrBmf41ds0ScfegvMr1mEGZC872hiUMZCbYSr8RUFZBZBB8vteMefp8vWepUjMJ342AkxzDv6JFgW7ZAMRsU1x8KlvZBZBf
2026-08-06,1037752228659990,Coop Eesti,https://www.facebook.com/ads/archive/render_ad/?id=1037752228659990&access_token=EAATnrmoQyC4BRtlStZCpnUVOAiZAI7ia41GvW0Sam17UPHT0rfwpjZCnFZBVOUsAhLc76Al3mcLeT1xzOtMTgxR2aBJrWIwVIZCkzD8dXjjeybLndMrBmf41ds0ScfegvMr1mEGZC872hiUMZCbYSr8RUFZBZBB8vteMefp8vWepUjMJ342AkxzDv6JFgW7ZAMRsU1x8KlvZBZBf
2026-08-06,979442928479931,TEZ TOUR Lietuva,https://www.facebook.com/ads/archive/render_ad/?id=979442928479931&access_token=EAATnrmoQyC4BRtlStZCpnUVOAiZAI7ia41GvW0Sam17UPHT0rfwpjZCnFZBVOUsAhLc76Al3mcLeT1xzOtMTgxR2aBJrWIwVIZCkzD8dXjjeybLndMrBmf41ds0ScfegvMr1mEGZC872hiUMZCbYSr8RUFZBZBB8vteMefp8vWepUjMJ342AkxzDv6JFgW7ZAMRsU1x8KlvZBZBf
2026-08-06,1803955134077520,Boozt.com,https://www.facebook.com/ads/archive/render_ad/?id=1803955134077518&access_token=EAATnrmoQyC4BRtlStZCpnUVOAiZAI7ia41GvW0Sam17UPHT0rfwpjZCnFZBVOUsAhLc76Al3mcLeT1xzOtMTgxR2aBJrWIwVIZCkzD8dXjjeybLndMrBmf41ds0ScfegvMr1mEGZC872hiUMZCbYSr8RUFZBZBB8vteMefp8vWepUjMJ342AkxzDv6JFgW7ZAMRsU1x8KlvZBZBf
2026-08-06,1376171734616010,Coop Eesti,https://www.facebook.com/ads/archive/render_ad/?id=1376171734616014&access_token=EAATnrmoQyC4BRtlStZCpnUVOAiZAI7ia41GvW0Sam17UPHT0rfwpjZCnFZBVOUsAhLc76Al3mcLeT1xzOtMTgxR2aBJrWIwVIZCkzD8dXjjeybLndMrBmf41ds0ScfegvMr1mEGZC872hiUMZCbYSr8RUFZBZBB8vteMefp8vWepUjMJ342AkxzDv6JFgW7ZAMRsU1x8KlvZBZBf
2026-08-06,2923938184612540,Coop Eesti,https://www.facebook.com/ads/archive/render_ad/?id=2923938184612536&access_token=EAATnrmoQyC4BRtlStZCpnUVOAiZAI7ia41GvW0Sam17UPHT0rfwpjZCnFZBVOUsAhLc76Al3mcLeT1xzOtMTgxR2aBJrWIwVIZCkzD8dXjjeybLndMrBmf41ds0ScfegvMr1mEGZC872hiUMZCbYSr8RUFZBZBB8vteMefp8vWepUjMJ342AkxzDv6JFgW7ZAMRsU1x8KlvZBZBf
2026-08-06,1759579468326710,Sportland Eesti,https://www.facebook.com/ads/archive/render_ad/?id=1759579468326714&access_token=EAATnrmoQyC4BRtlStZCpnUVOAiZAI7ia41GvW0Sam17UPHT0rfwpjZCnFZBVOUsAhLc76Al3mcLeT1xzOtMTgxR2aBJrWIwVIZCkzD8dXjjeybLndMrBmf41ds0ScfegvMr1mEGZC872hiUMZCbYSr8RUFZBZBB8vteMefp8vWepUjMJ342AkxzDv6JFgW7ZAMRsU1x8KlvZBZBf
2026-08-06,1043210068597490,Weekend.ee,https://www.facebook.com/ads/archive/render_ad/?id=1043210068597493&access_token=EAATnrmoQyC4BRtlStZCpnUVOAiZAI7ia41GvW0Sam17UPHT0rfwpjZCnFZBVOUsAhLc76Al3mcLeT1xzOtMTgxR2aBJrWIwVIZCkzD8dXjjeybLndMrBmf41ds0ScfegvMr1mEGZC872hiUMZCbYSr8RUFZBZBB8vteMefp8vWepUjMJ342AkxzDv6JFgW7ZAMRsU1x8KlvZBZBf
2026-08-06,1028869263361190,Boozt.com,https://www.facebook.com/ads/archive/render_ad/?id=1028869263361189&access_token=EAATnrmoQyC4BRtlStZCpnUVOAiZAI7ia41GvW0Sam17UPHT0rfwpjZCnFZBVOUsAhLc76Al3mcLeT1xzOtMTgxR2aBJrWIwVIZCkzD8dXjjeybLndMrBmf41ds0ScfegvMr1mEGZC872hiUMZCbYSr8RUFZBZBB8vteMefp8vWepUjMJ342AkxzDv6JFgW7ZAMRsU1x8KlvZBZBf
2026-08-06,1762469908085930,Enefit Eesti,https://www.facebook.com/ads/archive/render_ad/?id=1762469908085930&access_token=EAATnrmoQyC4BRtlStZCpnUVOAiZAI7ia41GvW0Sam17UPHT0rfwpjZCnFZBVOUsAhLc76Al3mcLeT1xzOtMTgxR2aBJrWIwVIZCkzD8dXjjeybLndMrBmf41ds0ScfegvMr1mEGZC872hiUMZCbYSr8RUFZBZBB8vteMefp8vWepUjMJ342AkxzDv6JFgW7ZAMRsU1x8KlvZBZBf
2026-08-06,2277352076409280,Boozt.com,https://www.facebook.com/ads/archive/render_ad/?id=2277352076409281&access_token=EAATnrmoQyC4BRtlStZCpnUVOAiZAI7ia41GvW0Sam17UPHT0rfwpjZCnFZBVOUsAhLc76Al3mcLeT1xzOtMTgxR2aBJrWIwVIZCkzD8dXjjeybLndMrBmf41ds0ScfegvMr1mEGZC872hiUMZCbYSr8RUFZBZBB8vteMefp8vWepUjMJ342AkxzDv6JFgW7ZAMRsU1x8KlvZBZBf
2026-08-06,1774392837031190,Weekend.ee,https://www.facebook.com/ads/archive/render_ad/?id=1774392837031194&access_token=EAATnrmoQyC4BRtlStZCpnUVOAiZAI7ia41GvW0Sam17UPHT0rfwpjZCnFZBVOUsAhLc76Al3mcLeT1xzOtMTgxR2aBJrWIwVIZCkzD8dXjjeybLndMrBmf41ds0ScfegvMr1mEGZC872hiUMZCbYSr8RUFZBZBB8vteMefp8vWepUjMJ342AkxzDv6JFgW7ZAMRsU1x8KlvZBZBf
2026-08-06,2299422250860170,TEZ TOUR Lietuva,https://www.facebook.com/ads/archive/render_ad/?id=2299422250860172&access_token=EAATnrmoQyC4BRtlStZCpnUVOAiZAI7ia41GvW0Sam17UPHT0rfwpjZCnFZBVOUsAhLc76Al3mcLeT1xzOtMTgxR2aBJrWIwVIZCkzD8dXjjeybLndMrBmf41ds0ScfegvMr1mEGZC872hiUMZCbYSr8RUFZBZBB8vteMefp8vWepUjMJ342AkxzDv6JFgW7ZAMRsU1x8KlvZBZBf
2026-08-06,1626893445821890,Weekend.ee,https://www.facebook.com/ads/archive/render_ad/?id=1626893445821888&access_token=EAATnrmoQyC4BRtlStZCpnUVOAiZAI7ia41GvW0Sam17UPHT0rfwpjZCnFZBVOUsAhLc76Al3mcLeT1xzOtMTgxR2aBJrWIwVIZCkzD8dXjjeybLndMrBmf41ds0ScfegvMr1mEGZC872hiUMZCbYSr8RUFZBZBB8vteMefp8vWepUjMJ342AkxzDv6JFgW7ZAMRsU1x8KlvZBZBf
2026-08-06,1603608064721490,Boozt.com,https://www.facebook.com/ads/archive/render_ad/?id=1603608064721486&access_token=EAATnrmoQyC4BRtlStZCpnUVOAiZAI7ia41GvW0Sam17UPHT0rfwpjZCnFZBVOUsAhLc76Al3mcLeT1xzOtMTgxR2aBJrWIwVIZCkzD8dXjjeybLndMrBmf41ds0ScfegvMr1mEGZC872hiUMZCbYSr8RUFZBZBB8vteMefp8vWepUjMJ342AkxzDv6JFgW7ZAMRsU1x8KlvZBZBf
2026-08-06,2116637492567800,Boozt.com,https://www.facebook.com/ads/archive/render_ad/?id=2116637492567800&access_token=EAATnrmoQyC4BRtlStZCpnUVOAiZAI7ia41GvW0Sam17UPHT0rfwpjZCnFZBVOUsAhLc76Al3mcLeT1xzOtMTgxR2aBJrWIwVIZCkzD8dXjjeybLndMrBmf41ds0ScfegvMr1mEGZC872hiUMZCbYSr8RUFZBZBB8vteMefp8vWepUjMJ342AkxzDv6JFgW7ZAMRsU1x8KlvZBZBf
2026-08-06,1583790193276720,Luminor Eesti,https://www.facebook.com/ads/archive/render_ad/?id=1583790193276723&access_token=EAATnrmoQyC4BRtlStZCpnUVOAiZAI7ia41GvW0Sam17UPHT0rfwpjZCnFZBVOUsAhLc76Al3mcLeT1xzOtMTgxR2aBJrWIwVIZCkzD8dXjjeybLndMrBmf41ds0ScfegvMr1mEGZC872hiUMZCbYSr8RUFZBZBB8vteMefp8vWepUjMJ342AkxzDv6JFgW7ZAMRsU1x8KlvZBZBf
2026-08-06,900081253173669,Coral Travel Latvia,https://www.facebook.com/ads/archive/render_ad/?id=900081253173669&access_token=EAATnrmoQyC4BRtlStZCpnUVOAiZAI7ia41GvW0Sam17UPHT0rfwpjZCnFZBVOUsAhLc76Al3mcLeT1xzOtMTgxR2aBJrWIwVIZCkzD8dXjjeybLndMrBmf41ds0ScfegvMr1mEGZC872hiUMZCbYSr8RUFZBZBB8vteMefp8vWepUjMJ342AkxzDv6JFgW7ZAMRsU1x8KlvZBZBf
2026-08-06,1752775522811700,Join Up Lietuva,https://www.facebook.com/ads/archive/render_ad/?id=1752775522811695&access_token=EAATnrmoQyC4BRtlStZCpnUVOAiZAI7ia41GvW0Sam17UPHT0rfwpjZCnFZBVOUsAhLc76Al3mcLeT1xzOtMTgxR2aBJrWIwVIZCkzD8dXjjeybLndMrBmf41ds0ScfegvMr1mEGZC872hiUMZCbYSr8RUFZBZBB8vteMefp8vWepUjMJ342AkxzDv6JFgW7ZAMRsU1x8KlvZBZBf
2026-08-06,2093385664885480,Sportland Eesti,https://www.facebook.com/ads/archive/render_ad/?id=2093385664885484&access_token=EAATnrmoQyC4BRtlStZCpnUVOAiZAI7ia41GvW0Sam17UPHT0rfwpjZCnFZBVOUsAhLc76Al3mcLeT1xzOtMTgxR2aBJrWIwVIZCkzD8dXjjeybLndMrBmf41ds0ScfegvMr1mEGZC872hiUMZCbYSr8RUFZBZBB8vteMefp8vWepUjMJ342AkxzDv6JFgW7ZAMRsU1x8KlvZBZBf
2026-08-06,1396079269140860,Boozt.com,https://www.facebook.com/ads/archive/render_ad/?id=1396079269140856&access_token=EAATnrmoQyC4BRtlStZCpnUVOAiZAI7ia41GvW0Sam17UPHT0rfwpjZCnFZBVOUsAhLc76Al3mcLeT1xzOtMTgxR2aBJrWIwVIZCkzD8dXjjeybLndMrBmf41ds0ScfegvMr1mEGZC872hiUMZCbYSr8RUFZBZBB8vteMefp8vWepUjMJ342AkxzDv6JFgW7ZAMRsU1x8KlvZBZBf
2026-08-06,1597323208578620,Weekend.ee,https://www.facebook.com/ads/archive/render_ad/?id=1597323208578616&access_token=EAATnrmoQyC4BRtlStZCpnUVOAiZAI7ia41GvW0Sam17UPHT0rfwpjZCnFZBVOUsAhLc76Al3mcLeT1xzOtMTgxR2aBJrWIwVIZCkzD8dXjjeybLndMrBmf41ds0ScfegvMr1mEGZC872hiUMZCbYSr8RUFZBZBB8vteMefp8vWepUjMJ342AkxzDv6JFgW7ZAMRsU1x8KlvZBZBf
2026-08-06,1078359151215370,Weekend.ee,https://www.facebook.com/ads/archive/render_ad/?id=1078359151215373&access_token=EAATnrmoQyC4BRtlStZCpnUVOAiZAI7ia41GvW0Sam17UPHT0rfwpjZCnFZBVOUsAhLc76Al3mcLeT1xzOtMTgxR2aBJrWIwVIZCkzD8dXjjeybLndMrBmf41ds0ScfegvMr1mEGZC872hiUMZCbYSr8RUFZBZBB8vteMefp8vWepUjMJ342AkxzDv6JFgW7ZAMRsU1x8KlvZBZBf
2026-08-06,1406259391378060,Weekend.lv,https://www.facebook.com/ads/archive/render_ad/?id=1406259391378061&access_token=EAATnrmoQyC4BRtlStZCpnUVOAiZAI7ia41GvW0Sam17UPHT0rfwpjZCnFZBVOUsAhLc76Al3mcLeT1xzOtMTgxR2aBJrWIwVIZCkzD8dXjjeybLndMrBmf41ds0ScfegvMr1mEGZC872hiUMZCbYSr8RUFZBZBB8vteMefp8vWepUjMJ342AkxzDv6JFgW7ZAMRsU1x8KlvZBZBf
2026-08-06,2352628858823540,Invego,https://www.facebook.com/ads/archive/render_ad/?id=2352628858823539&access_token=EAATnrmoQyC4BRtlStZCpnUVOAiZAI7ia41GvW0Sam17UPHT0rfwpjZCnFZBVOUsAhLc76Al3mcLeT1xzOtMTgxR2aBJrWIwVIZCkzD8dXjjeybLndMrBmf41ds0ScfegvMr1mEGZC872hiUMZCbYSr8RUFZBZBB8vteMefp8vWepUjMJ342AkxzDv6JFgW7ZAMRsU1x8KlvZBZBf
2026-08-06,1649685863824540,TEZ TOUR Lietuva,https://www.facebook.com/ads/archive/render_ad/?id=1649685863824541&access_token=EAATnrmoQyC4BRtlStZCpnUVOAiZAI7ia41GvW0Sam17UPHT0rfwpjZCnFZBVOUsAhLc76Al3mcLeT1xzOtMTgxR2aBJrWIwVIZCkzD8dXjjeybLndMrBmf41ds0ScfegvMr1mEGZC872hiUMZCbYSr8RUFZBZBB8vteMefp8vWepUjMJ342AkxzDv6JFgW7ZAMRsU1x8KlvZBZBf
2026-08-06,1648585226835150,Sportland Eesti,https://www.facebook.com/ads/archive/render_ad/?id=1648585226835153&access_token=EAATnrmoQyC4BRtlStZCpnUVOAiZAI7ia41GvW0Sam17UPHT0rfwpjZCnFZBVOUsAhLc76Al3mcLeT1xzOtMTgxR2aBJrWIwVIZCkzD8dXjjeybLndMrBmf41ds0ScfegvMr1mEGZC872hiUMZCbYSr8RUFZBZBB8vteMefp8vWepUjMJ342AkxzDv6JFgW7ZAMRsU1x8KlvZBZBf
2026-08-06,2142510263350450,Coral Travel Latvia,https://www.facebook.com/ads/archive/render_ad/?id=2142510263350445&access_token=EAATnrmoQyC4BRtlStZCpnUVOAiZAI7ia41GvW0Sam17UPHT0rfwpjZCnFZBVOUsAhLc76Al3mcLeT1xzOtMTgxR2aBJrWIwVIZCkzD8dXjjeybLndMrBmf41ds0ScfegvMr1mEGZC872hiUMZCbYSr8RUFZBZBB8vteMefp8vWepUjMJ342AkxzDv6JFgW7ZAMRsU1x8KlvZBZBf
2026-08-06,1378140254251820,TEZ TOUR Lietuva,https://www.facebook.com/ads/archive/render_ad/?id=1378140254251820&access_token=EAATnrmoQyC4BRtlStZCpnUVOAiZAI7ia41GvW0Sam17UPHT0rfwpjZCnFZBVOUsAhLc76Al3mcLeT1xzOtMTgxR2aBJrWIwVIZCkzD8dXjjeybLndMrBmf41ds0ScfegvMr1mEGZC872hiUMZCbYSr8RUFZBZBB8vteMefp8vWepUjMJ342AkxzDv6JFgW7ZAMRsU1x8KlvZBZBf
2026-08-06,2003374213640620,TEZ TOUR Lietuva,https://www.facebook.com/ads/archive/render_ad/?id=2003374213640620&access_token=EAATnrmoQyC4BRtlStZCpnUVOAiZAI7ia41GvW0Sam17UPHT0rfwpjZCnFZBVOUsAhLc76Al3mcLeT1xzOtMTgxR2aBJrWIwVIZCkzD8dXjjeybLndMrBmf41ds0ScfegvMr1mEGZC872hiUMZCbYSr8RUFZBZBB8vteMefp8vWepUjMJ342AkxzDv6JFgW7ZAMRsU1x8KlvZBZBf
2026-08-06,1270119761777620,Weekend.ee,https://www.facebook.com/ads/archive/render_ad/?id=1270119761777623&access_token=EAATnrmoQyC4BRtlStZCpnUVOAiZAI7ia41GvW0Sam17UPHT0rfwpjZCnFZBVOUsAhLc76Al3mcLeT1xzOtMTgxR2aBJrWIwVIZCkzD8dXjjeybLndMrBmf41ds0ScfegvMr1mEGZC872hiUMZCbYSr8RUFZBZBB8vteMefp8vWepUjMJ342AkxzDv6JFgW7ZAMRsU1x8KlvZBZBf
2026-08-06,1754126015781520,Weekend.lt,https://www.facebook.com/ads/archive/render_ad/?id=1754126015781522&access_token=EAATnrmoQyC4BRtlStZCpnUVOAiZAI7ia41GvW0Sam17UPHT0rfwpjZCnFZBVOUsAhLc76Al3mcLeT1xzOtMTgxR2aBJrWIwVIZCkzD8dXjjeybLndMrBmf41ds0ScfegvMr1mEGZC872hiUMZCbYSr8RUFZBZBB8vteMefp8vWepUjMJ342AkxzDv6JFgW7ZAMRsU1x8KlvZBZBf
2026-08-06,1593726162153720,TEZ TOUR Lietuva,https://www.facebook.com/ads/archive/render_ad/?id=1593726162153724&access_token=EAATnrmoQyC4BRtlStZCpnUVOAiZAI7ia41GvW0Sam17UPHT0rfwpjZCnFZBVOUsAhLc76Al3mcLeT1xzOtMTgxR2aBJrWIwVIZCkzD8dXjjeybLndMrBmf41ds0ScfegvMr1mEGZC872hiUMZCbYSr8RUFZBZBB8vteMefp8vWepUjMJ342AkxzDv6JFgW7ZAMRsU1x8KlvZBZBf
2026-08-06,1337252698477680,Boozt.com,https://www.facebook.com/ads/archive/render_ad/?id=1337252698477682&access_token=EAATnrmoQyC4BRtlStZCpnUVOAiZAI7ia41GvW0Sam17UPHT0rfwpjZCnFZBVOUsAhLc76Al3mcLeT1xzOtMTgxR2aBJrWIwVIZCkzD8dXjjeybLndMrBmf41ds0ScfegvMr1mEGZC872hiUMZCbYSr8RUFZBZBB8vteMefp8vWepUjMJ342AkxzDv6JFgW7ZAMRsU1x8KlvZBZBf
2026-08-06,1254472486727800,TEZ TOUR Lietuva,https://www.facebook.com/ads/archive/render_ad/?id=1254472486727801&access_token=EAATnrmoQyC4BRtlStZCpnUVOAiZAI7ia41GvW0Sam17UPHT0rfwpjZCnFZBVOUsAhLc76Al3mcLeT1xzOtMTgxR2aBJrWIwVIZCkzD8dXjjeybLndMrBmf41ds0ScfegvMr1mEGZC872hiUMZCbYSr8RUFZBZBB8vteMefp8vWepUjMJ342AkxzDv6JFgW7ZAMRsU1x8KlvZBZBf
2026-08-06,1940367179985400,TEZ TOUR Lietuva,https://www.facebook.com/ads/archive/render_ad/?id=1940367179985402&access_token=EAATnrmoQyC4BRtlStZCpnUVOAiZAI7ia41GvW0Sam17UPHT0rfwpjZCnFZBVOUsAhLc76Al3mcLeT1xzOtMTgxR2aBJrWIwVIZCkzD8dXjjeybLndMrBmf41ds0ScfegvMr1mEGZC872hiUMZCbYSr8RUFZBZBB8vteMefp8vWepUjMJ342AkxzDv6JFgW7ZAMRsU1x8KlvZBZBf
2026-08-06,1799682541387460,reterra,https://www.facebook.com/ads/archive/render_ad/?id=1799682541387456&access_token=EAATnrmoQyC4BRtlStZCpnUVOAiZAI7ia41GvW0Sam17UPHT0rfwpjZCnFZBVOUsAhLc76Al3mcLeT1xzOtMTgxR2aBJrWIwVIZCkzD8dXjjeybLndMrBmf41ds0ScfegvMr1mEGZC872hiUMZCbYSr8RUFZBZBB8vteMefp8vWepUjMJ342AkxzDv6JFgW7ZAMRsU1x8KlvZBZBf
2026-08-06,1368492695389630,Sportland Eesti,https://www.facebook.com/ads/archive/render_ad/?id=1368492695389633&access_token=EAATnrmoQyC4BRtlStZCpnUVOAiZAI7ia41GvW0Sam17UPHT0rfwpjZCnFZBVOUsAhLc76Al3mcLeT1xzOtMTgxR2aBJrWIwVIZCkzD8dXjjeybLndMrBmf41ds0ScfegvMr1mEGZC872hiUMZCbYSr8RUFZBZBB8vteMefp8vWepUjMJ342AkxzDv6JFgW7ZAMRsU1x8KlvZBZBf
2026-08-06,1034862132595560,TEZ TOUR Lietuva,https://www.facebook.com/ads/archive/render_ad/?id=1034862132595564&access_token=EAATnrmoQyC4BRtlStZCpnUVOAiZAI7ia41GvW0Sam17UPHT0rfwpjZCnFZBVOUsAhLc76Al3mcLeT1xzOtMTgxR2aBJrWIwVIZCkzD8dXjjeybLndMrBmf41ds0ScfegvMr1mEGZC872hiUMZCbYSr8RUFZBZBB8vteMefp8vWepUjMJ342AkxzDv6JFgW7ZAMRsU1x8KlvZBZBf
2026-08-06,1049835187434350,Boozt.com,https://www.facebook.com/ads/archive/render_ad/?id=1049835187434353&access_token=EAATnrmoQyC4BRtlStZCpnUVOAiZAI7ia41GvW0Sam17UPHT0rfwpjZCnFZBVOUsAhLc76Al3mcLeT1xzOtMTgxR2aBJrWIwVIZCkzD8dXjjeybLndMrBmf41ds0ScfegvMr1mEGZC872hiUMZCbYSr8RUFZBZBB8vteMefp8vWepUjMJ342AkxzDv6JFgW7ZAMRsU1x8KlvZBZBf
2026-08-06,3603747149776780,Boozt.com,https://www.facebook.com/ads/archive/render_ad/?id=3603747149776783&access_token=EAATnrmoQyC4BRtlStZCpnUVOAiZAI7ia41GvW0Sam17UPHT0rfwpjZCnFZBVOUsAhLc76Al3mcLeT1xzOtMTgxR2aBJrWIwVIZCkzD8dXjjeybLndMrBmf41ds0ScfegvMr1mEGZC872hiUMZCbYSr8RUFZBZBB8vteMefp8vWepUjMJ342AkxzDv6JFgW7ZAMRsU1x8KlvZBZBf
2026-08-06,1699148067968780,Weekend.lv,https://www.facebook.com/ads/archive/render_ad/?id=1699148067968782&access_token=EAATnrmoQyC4BRtlStZCpnUVOAiZAI7ia41GvW0Sam17UPHT0rfwpjZCnFZBVOUsAhLc76Al3mcLeT1xzOtMTgxR2aBJrWIwVIZCkzD8dXjjeybLndMrBmf41ds0ScfegvMr1mEGZC872hiUMZCbYSr8RUFZBZBB8vteMefp8vWepUjMJ342AkxzDv6JFgW7ZAMRsU1x8KlvZBZBf
2026-08-06,1351758497040740,Boozt.com,https://www.facebook.com/ads/archive/render_ad/?id=1351758497040743&access_token=EAATnrmoQyC4BRtlStZCpnUVOAiZAI7ia41GvW0Sam17UPHT0rfwpjZCnFZBVOUsAhLc76Al3mcLeT1xzOtMTgxR2aBJrWIwVIZCkzD8dXjjeybLndMrBmf41ds0ScfegvMr1mEGZC872hiUMZCbYSr8RUFZBZBB8vteMefp8vWepUjMJ342AkxzDv6JFgW7ZAMRsU1x8KlvZBZBf
2026-08-06,914857464391585,Boozt.com,https://www.facebook.com/ads/archive/render_ad/?id=914857464391585&access_token=EAATnrmoQyC4BRtlStZCpnUVOAiZAI7ia41GvW0Sam17UPHT0rfwpjZCnFZBVOUsAhLc76Al3mcLeT1xzOtMTgxR2aBJrWIwVIZCkzD8dXjjeybLndMrBmf41ds0ScfegvMr1mEGZC872hiUMZCbYSr8RUFZBZBB8vteMefp8vWepUjMJ342AkxzDv6JFgW7ZAMRsU1x8KlvZBZBf
2026-08-06,1051337280630540,Boozt.com,https://www.facebook.com/ads/archive/render_ad/?id=1051337280630541&access_token=EAATnrmoQyC4BRtlStZCpnUVOAiZAI7ia41GvW0Sam17UPHT0rfwpjZCnFZBVOUsAhLc76Al3mcLeT1xzOtMTgxR2aBJrWIwVIZCkzD8dXjjeybLndMrBmf41ds0ScfegvMr1mEGZC872hiUMZCbYSr8RUFZBZBB8vteMefp8vWepUjMJ342AkxzDv6JFgW7ZAMRsU1x8KlvZBZBf
2026-08-06,1025996446697880,Boozt.com,https://www.facebook.com/ads/archive/render_ad/?id=1025996446697878&access_token=EAATnrmoQyC4BRtlStZCpnUVOAiZAI7ia41GvW0Sam17UPHT0rfwpjZCnFZBVOUsAhLc76Al3mcLeT1xzOtMTgxR2aBJrWIwVIZCkzD8dXjjeybLndMrBmf41ds0ScfegvMr1mEGZC872hiUMZCbYSr8RUFZBZBB8vteMefp8vWepUjMJ342AkxzDv6JFgW7ZAMRsU1x8KlvZBZBf
2026-08-06,1392267719574260,Coop Eesti,https://www.facebook.com/ads/archive/render_ad/?id=1392267719574255&access_token=EAATnrmoQyC4BRtlStZCpnUVOAiZAI7ia41GvW0Sam17UPHT0rfwpjZCnFZBVOUsAhLc76Al3mcLeT1xzOtMTgxR2aBJrWIwVIZCkzD8dXjjeybLndMrBmf41ds0ScfegvMr1mEGZC872hiUMZCbYSr8RUFZBZBB8vteMefp8vWepUjMJ342AkxzDv6JFgW7ZAMRsU1x8KlvZBZBf
2026-08-06,1071920971834270,Weekend.lv,https://www.facebook.com/ads/archive/render_ad/?id=1071920971834273&access_token=EAATnrmoQyC4BRtlStZCpnUVOAiZAI7ia41GvW0Sam17UPHT0rfwpjZCnFZBVOUsAhLc76Al3mcLeT1xzOtMTgxR2aBJrWIwVIZCkzD8dXjjeybLndMrBmf41ds0ScfegvMr1mEGZC872hiUMZCbYSr8RUFZBZBB8vteMefp8vWepUjMJ342AkxzDv6JFgW7ZAMRsU1x8KlvZBZBf
2026-08-06,2847219835658330,Ballzy Latvija,https://www.facebook.com/ads/archive/render_ad/?id=2847219835658326&access_token=EAATnrmoQyC4BRtlStZCpnUVOAiZAI7ia41GvW0Sam17UPHT0rfwpjZCnFZBVOUsAhLc76Al3mcLeT1xzOtMTgxR2aBJrWIwVIZCkzD8dXjjeybLndMrBmf41ds0ScfegvMr1mEGZC872hiUMZCbYSr8RUFZBZBB8vteMefp8vWepUjMJ342AkxzDv6JFgW7ZAMRsU1x8KlvZBZBf
2026-08-06,37367216996256500,Sportland Eesti,https://www.facebook.com/ads/archive/render_ad/?id=37367216996256580&access_token=EAATnrmoQyC4BRtlStZCpnUVOAiZAI7ia41GvW0Sam17UPHT0rfwpjZCnFZBVOUsAhLc76Al3mcLeT1xzOtMTgxR2aBJrWIwVIZCkzD8dXjjeybLndMrBmf41ds0ScfegvMr1mEGZC872hiUMZCbYSr8RUFZBZBB8vteMefp8vWepUjMJ342AkxzDv6JFgW7ZAMRsU1x8KlvZBZBf
2026-08-06,1525513515988900,Weekend.lv,https://www.facebook.com/ads/archive/render_ad/?id=1525513515988895&access_token=EAATnrmoQyC4BRtlStZCpnUVOAiZAI7ia41GvW0Sam17UPHT0rfwpjZCnFZBVOUsAhLc76Al3mcLeT1xzOtMTgxR2aBJrWIwVIZCkzD8dXjjeybLndMrBmf41ds0ScfegvMr1mEGZC872hiUMZCbYSr8RUFZBZBB8vteMefp8vWepUjMJ342AkxzDv6JFgW7ZAMRsU1x8KlvZBZBf
2026-08-06,2245646072914760,Boozt.com,https://www.facebook.com/ads/archive/render_ad/?id=2245646072914761&access_token=EAATnrmoQyC4BRtlStZCpnUVOAiZAI7ia41GvW0Sam17UPHT0rfwpjZCnFZBVOUsAhLc76Al3mcLeT1xzOtMTgxR2aBJrWIwVIZCkzD8dXjjeybLndMrBmf41ds0ScfegvMr1mEGZC872hiUMZCbYSr8RUFZBZBB8vteMefp8vWepUjMJ342AkxzDv6JFgW7ZAMRsU1x8KlvZBZBf
2026-08-06,1570125421237200,Weekend.lt,https://www.facebook.com/ads/archive/render_ad/?id=1570125421237197&access_token=EAATnrmoQyC4BRtlStZCpnUVOAiZAI7ia41GvW0Sam17UPHT0rfwpjZCnFZBVOUsAhLc76Al3mcLeT1xzOtMTgxR2aBJrWIwVIZCkzD8dXjjeybLndMrBmf41ds0ScfegvMr1mEGZC872hiUMZCbYSr8RUFZBZBB8vteMefp8vWepUjMJ342AkxzDv6JFgW7ZAMRsU1x8KlvZBZBf
2026-08-06,1960243244654110,TEZ TOUR Lietuva,https://www.facebook.com/ads/archive/render_ad/?id=1960243244654110&access_token=EAATnrmoQyC4BRtlStZCpnUVOAiZAI7ia41GvW0Sam17UPHT0rfwpjZCnFZBVOUsAhLc76Al3mcLeT1xzOtMTgxR2aBJrWIwVIZCkzD8dXjjeybLndMrBmf41ds0ScfegvMr1mEGZC872hiUMZCbYSr8RUFZBZBB8vteMefp8vWepUjMJ342AkxzDv6JFgW7ZAMRsU1x8KlvZBZBf
2026-08-06,3194901237349510,Sportland Eesti,https://www.facebook.com/ads/archive/render_ad/?id=3194901237349507&access_token=EAATnrmoQyC4BRtlStZCpnUVOAiZAI7ia41GvW0Sam17UPHT0rfwpjZCnFZBVOUsAhLc76Al3mcLeT1xzOtMTgxR2aBJrWIwVIZCkzD8dXjjeybLndMrBmf41ds0ScfegvMr1mEGZC872hiUMZCbYSr8RUFZBZBB8vteMefp8vWepUjMJ342AkxzDv6JFgW7ZAMRsU1x8KlvZBZBf
2026-08-06,1590738155748780,TEZ TOUR Lietuva,https://www.facebook.com/ads/archive/render_ad/?id=1590738155748775&access_token=EAATnrmoQyC4BRtlStZCpnUVOAiZAI7ia41GvW0Sam17UPHT0rfwpjZCnFZBVOUsAhLc76Al3mcLeT1xzOtMTgxR2aBJrWIwVIZCkzD8dXjjeybLndMrBmf41ds0ScfegvMr1mEGZC872hiUMZCbYSr8RUFZBZBB8vteMefp8vWepUjMJ342AkxzDv6JFgW7ZAMRsU1x8KlvZBZBf
2026-08-06,906451705852020,ABOUT YOU,https://www.facebook.com/ads/archive/render_ad/?id=906451705852020&access_token=EAATnrmoQyC4BRtlStZCpnUVOAiZAI7ia41GvW0Sam17UPHT0rfwpjZCnFZBVOUsAhLc76Al3mcLeT1xzOtMTgxR2aBJrWIwVIZCkzD8dXjjeybLndMrBmf41ds0ScfegvMr1mEGZC872hiUMZCbYSr8RUFZBZBB8vteMefp8vWepUjMJ342AkxzDv6JFgW7ZAMRsU1x8KlvZBZBf
2026-08-06,1753287876006210,Weekend.lt,https://www.facebook.com/ads/archive/render_ad/?id=1753287876006212&access_token=EAATnrmoQyC4BRtlStZCpnUVOAiZAI7ia41GvW0Sam17UPHT0rfwpjZCnFZBVOUsAhLc76Al3mcLeT1xzOtMTgxR2aBJrWIwVIZCkzD8dXjjeybLndMrBmf41ds0ScfegvMr1mEGZC872hiUMZCbYSr8RUFZBZBB8vteMefp8vWepUjMJ342AkxzDv6JFgW7ZAMRsU1x8KlvZBZBf
2026-08-06,1030558046626640,Boozt.com,https://www.facebook.com/ads/archive/render_ad/?id=1030558046626640&access_token=EAATnrmoQyC4BRtlStZCpnUVOAiZAI7ia41GvW0Sam17UPHT0rfwpjZCnFZBVOUsAhLc76Al3mcLeT1xzOtMTgxR2aBJrWIwVIZCkzD8dXjjeybLndMrBmf41ds0ScfegvMr1mEGZC872hiUMZCbYSr8RUFZBZBB8vteMefp8vWepUjMJ342AkxzDv6JFgW7ZAMRsU1x8KlvZBZBf
2026-08-06,1324860269418000,reterra,https://www.facebook.com/ads/archive/render_ad/?id=1324860269417999&access_token=EAATnrmoQyC4BRtlStZCpnUVOAiZAI7ia41GvW0Sam17UPHT0rfwpjZCnFZBVOUsAhLc76Al3mcLeT1xzOtMTgxR2aBJrWIwVIZCkzD8dXjjeybLndMrBmf41ds0ScfegvMr1mEGZC872hiUMZCbYSr8RUFZBZBB8vteMefp8vWepUjMJ342AkxzDv6JFgW7ZAMRsU1x8KlvZBZBf
2026-08-06,2130421691202170,TEZ TOUR Lietuva,https://www.facebook.com/ads/archive/render_ad/?id=2130421691202174&access_token=EAATnrmoQyC4BRtlStZCpnUVOAiZAI7ia41GvW0Sam17UPHT0rfwpjZCnFZBVOUsAhLc76Al3mcLeT1xzOtMTgxR2aBJrWIwVIZCkzD8dXjjeybLndMrBmf41ds0ScfegvMr1mEGZC872hiUMZCbYSr8RUFZBZBB8vteMefp8vWepUjMJ342AkxzDv6JFgW7ZAMRsU1x8KlvZBZBf
2026-08-06,1726129128662220,Sportland Eesti,https://www.facebook.com/ads/archive/render_ad/?id=1726129128662220&access_token=EAATnrmoQyC4BRtlStZCpnUVOAiZAI7ia41GvW0Sam17UPHT0rfwpjZCnFZBVOUsAhLc76Al3mcLeT1xzOtMTgxR2aBJrWIwVIZCkzD8dXjjeybLndMrBmf41ds0ScfegvMr1mEGZC872hiUMZCbYSr8RUFZBZBB8vteMefp8vWepUjMJ342AkxzDv6JFgW7ZAMRsU1x8KlvZBZBf
2026-08-06,1425170142870420,Boozt.com,https://www.facebook.com/ads/archive/render_ad/?id=1425170142870416&access_token=EAATnrmoQyC4BRtlStZCpnUVOAiZAI7ia41GvW0Sam17UPHT0rfwpjZCnFZBVOUsAhLc76Al3mcLeT1xzOtMTgxR2aBJrWIwVIZCkzD8dXjjeybLndMrBmf41ds0ScfegvMr1mEGZC872hiUMZCbYSr8RUFZBZBB8vteMefp8vWepUjMJ342AkxzDv6JFgW7ZAMRsU1x8KlvZBZBf
2026-08-06,1036663082289160,Weekend.ee,https://www.facebook.com/ads/archive/render_ad/?id=1036663082289162&access_token=EAATnrmoQyC4BRtlStZCpnUVOAiZAI7ia41GvW0Sam17UPHT0rfwpjZCnFZBVOUsAhLc76Al3mcLeT1xzOtMTgxR2aBJrWIwVIZCkzD8dXjjeybLndMrBmf41ds0ScfegvMr1mEGZC872hiUMZCbYSr8RUFZBZBB8vteMefp8vWepUjMJ342AkxzDv6JFgW7ZAMRsU1x8KlvZBZBf
2026-08-06,1075577618239850,Luminor Eesti,https://www.facebook.com/ads/archive/render_ad/?id=1075577618239850&access_token=EAATnrmoQyC4BRtlStZCpnUVOAiZAI7ia41GvW0Sam17UPHT0rfwpjZCnFZBVOUsAhLc76Al3mcLeT1xzOtMTgxR2aBJrWIwVIZCkzD8dXjjeybLndMrBmf41ds0ScfegvMr1mEGZC872hiUMZCbYSr8RUFZBZBB8vteMefp8vWepUjMJ342AkxzDv6JFgW7ZAMRsU1x8KlvZBZBf
2026-08-06,4464054207186030,Weekend.ee,https://www.facebook.com/ads/archive/render_ad/?id=4464054207186031&access_token=EAATnrmoQyC4BRtlStZCpnUVOAiZAI7ia41GvW0Sam17UPHT0rfwpjZCnFZBVOUsAhLc76Al3mcLeT1xzOtMTgxR2aBJrWIwVIZCkzD8dXjjeybLndMrBmf41ds0ScfegvMr1mEGZC872hiUMZCbYSr8RUFZBZBB8vteMefp8vWepUjMJ342AkxzDv6JFgW7ZAMRsU1x8KlvZBZBf
2026-08-06,1015911494598270,Sportland Eesti,https://www.facebook.com/ads/archive/render_ad/?id=1015911494598272&access_token=EAATnrmoQyC4BRtlStZCpnUVOAiZAI7ia41GvW0Sam17UPHT0rfwpjZCnFZBVOUsAhLc76Al3mcLeT1xzOtMTgxR2aBJrWIwVIZCkzD8dXjjeybLndMrBmf41ds0ScfegvMr1mEGZC872hiUMZCbYSr8RUFZBZBB8vteMefp8vWepUjMJ342AkxzDv6JFgW7ZAMRsU1x8KlvZBZBf
2026-08-06,2961947907497930,TEZ TOUR Lietuva,https://www.facebook.com/ads/archive/render_ad/?id=2961947907497931&access_token=EAATnrmoQyC4BRtlStZCpnUVOAiZAI7ia41GvW0Sam17UPHT0rfwpjZCnFZBVOUsAhLc76Al3mcLeT1xzOtMTgxR2aBJrWIwVIZCkzD8dXjjeybLndMrBmf41ds0ScfegvMr1mEGZC872hiUMZCbYSr8RUFZBZBB8vteMefp8vWepUjMJ342AkxzDv6JFgW7ZAMRsU1x8KlvZBZBf
2026-08-06,1063031819605630,Sportland Eesti,https://www.facebook.com/ads/archive/render_ad/?id=1063031819605629&access_token=EAATnrmoQyC4BRtlStZCpnUVOAiZAI7ia41GvW0Sam17UPHT0rfwpjZCnFZBVOUsAhLc76Al3mcLeT1xzOtMTgxR2aBJrWIwVIZCkzD8dXjjeybLndMrBmf41ds0ScfegvMr1mEGZC872hiUMZCbYSr8RUFZBZBB8vteMefp8vWepUjMJ342AkxzDv6JFgW7ZAMRsU1x8KlvZBZBf
2026-08-06,1074604718284410,LHV,https://www.facebook.com/ads/archive/render_ad/?id=1074604718284406&access_token=EAATnrmoQyC4BRtlStZCpnUVOAiZAI7ia41GvW0Sam17UPHT0rfwpjZCnFZBVOUsAhLc76Al3mcLeT1xzOtMTgxR2aBJrWIwVIZCkzD8dXjjeybLndMrBmf41ds0ScfegvMr1mEGZC872hiUMZCbYSr8RUFZBZBB8vteMefp8vWepUjMJ342AkxzDv6JFgW7ZAMRsU1x8KlvZBZBf
2026-08-06,1034995829131180,TEZ TOUR Lietuva,https://www.facebook.com/ads/archive/render_ad/?id=1034995829131179&access_token=EAATnrmoQyC4BRtlStZCpnUVOAiZAI7ia41GvW0Sam17UPHT0rfwpjZCnFZBVOUsAhLc76Al3mcLeT1xzOtMTgxR2aBJrWIwVIZCkzD8dXjjeybLndMrBmf41ds0ScfegvMr1mEGZC872hiUMZCbYSr8RUFZBZBB8vteMefp8vWepUjMJ342AkxzDv6JFgW7ZAMRsU1x8KlvZBZBf
2026-08-06,2582603148838690,Boozt.com,https://www.facebook.com/ads/archive/render_ad/?id=2582603148838694&access_token=EAATnrmoQyC4BRtlStZCpnUVOAiZAI7ia41GvW0Sam17UPHT0rfwpjZCnFZBVOUsAhLc76Al3mcLeT1xzOtMTgxR2aBJrWIwVIZCkzD8dXjjeybLndMrBmf41ds0ScfegvMr1mEGZC872hiUMZCbYSr8RUFZBZBB8vteMefp8vWepUjMJ342AkxzDv6JFgW7ZAMRsU1x8KlvZBZBf
2026-08-06,1562357035269630,Boozt.com,https://www.facebook.com/ads/archive/render_ad/?id=1562357035269629&access_token=EAATnrmoQyC4BRtlStZCpnUVOAiZAI7ia41GvW0Sam17UPHT0rfwpjZCnFZBVOUsAhLc76Al3mcLeT1xzOtMTgxR2aBJrWIwVIZCkzD8dXjjeybLndMrBmf41ds0ScfegvMr1mEGZC872hiUMZCbYSr8RUFZBZBB8vteMefp8vWepUjMJ342AkxzDv6JFgW7ZAMRsU1x8KlvZBZBf
2026-08-06,2545374912599260,Holm Bank,https://www.facebook.com/ads/archive/render_ad/?id=2545374912599264&access_token=EAATnrmoQyC4BRtlStZCpnUVOAiZAI7ia41GvW0Sam17UPHT0rfwpjZCnFZBVOUsAhLc76Al3mcLeT1xzOtMTgxR2aBJrWIwVIZCkzD8dXjjeybLndMrBmf41ds0ScfegvMr1mEGZC872hiUMZCbYSr8RUFZBZBB8vteMefp8vWepUjMJ342AkxzDv6JFgW7ZAMRsU1x8KlvZBZBf
2026-08-06,1603821651129340,TEZ TOUR Lietuva,https://www.facebook.com/ads/archive/render_ad/?id=1603821651129344&access_token=EAATnrmoQyC4BRtlStZCpnUVOAiZAI7ia41GvW0Sam17UPHT0rfwpjZCnFZBVOUsAhLc76Al3mcLeT1xzOtMTgxR2aBJrWIwVIZCkzD8dXjjeybLndMrBmf41ds0ScfegvMr1mEGZC872hiUMZCbYSr8RUFZBZBB8vteMefp8vWepUjMJ342AkxzDv6JFgW7ZAMRsU1x8KlvZBZBf
2026-08-06,1367610378681880,Boozt.com,https://www.facebook.com/ads/archive/render_ad/?id=1367610378681878&access_token=EAATnrmoQyC4BRtlStZCpnUVOAiZAI7ia41GvW0Sam17UPHT0rfwpjZCnFZBVOUsAhLc76Al3mcLeT1xzOtMTgxR2aBJrWIwVIZCkzD8dXjjeybLndMrBmf41ds0ScfegvMr1mEGZC872hiUMZCbYSr8RUFZBZBB8vteMefp8vWepUjMJ342AkxzDv6JFgW7ZAMRsU1x8KlvZBZBf
2026-08-06,1312560890680930,TEZ TOUR Lietuva,https://www.facebook.com/ads/archive/render_ad/?id=1312560890680928&access_token=EAATnrmoQyC4BRtlStZCpnUVOAiZAI7ia41GvW0Sam17UPHT0rfwpjZCnFZBVOUsAhLc76Al3mcLeT1xzOtMTgxR2aBJrWIwVIZCkzD8dXjjeybLndMrBmf41ds0ScfegvMr1mEGZC872hiUMZCbYSr8RUFZBZBB8vteMefp8vWepUjMJ342AkxzDv6JFgW7ZAMRsU1x8KlvZBZBf
2026-08-06,1271720734929650,Boozt.com,https://www.facebook.com/ads/archive/render_ad/?id=1271720734929654&access_token=EAATnrmoQyC4BRtlStZCpnUVOAiZAI7ia41GvW0Sam17UPHT0rfwpjZCnFZBVOUsAhLc76Al3mcLeT1xzOtMTgxR2aBJrWIwVIZCkzD8dXjjeybLndMrBmf41ds0ScfegvMr1mEGZC872hiUMZCbYSr8RUFZBZBB8vteMefp8vWepUjMJ342AkxzDv6JFgW7ZAMRsU1x8KlvZBZBf
2026-08-06,1368261462162420,Weekend.lv,https://www.facebook.com/ads/archive/render_ad/?id=1368261462162416&access_token=EAATnrmoQyC4BRtlStZCpnUVOAiZAI7ia41GvW0Sam17UPHT0rfwpjZCnFZBVOUsAhLc76Al3mcLeT1xzOtMTgxR2aBJrWIwVIZCkzD8dXjjeybLndMrBmf41ds0ScfegvMr1mEGZC872hiUMZCbYSr8RUFZBZBB8vteMefp8vWepUjMJ342AkxzDv6JFgW7ZAMRsU1x8KlvZBZBf
2026-08-06,4634571933439940,Ballzy Eesti,https://www.facebook.com/ads/archive/render_ad/?id=4634571933439936&access_token=EAATnrmoQyC4BRtlStZCpnUVOAiZAI7ia41GvW0Sam17UPHT0rfwpjZCnFZBVOUsAhLc76Al3mcLeT1xzOtMTgxR2aBJrWIwVIZCkzD8dXjjeybLndMrBmf41ds0ScfegvMr1mEGZC872hiUMZCbYSr8RUFZBZBB8vteMefp8vWepUjMJ342AkxzDv6JFgW7ZAMRsU1x8KlvZBZBf
2026-08-06,1265478105588300,Weekend.lt,https://www.facebook.com/ads/archive/render_ad/?id=1265478105588300&access_token=EAATnrmoQyC4BRtlStZCpnUVOAiZAI7ia41GvW0Sam17UPHT0rfwpjZCnFZBVOUsAhLc76Al3mcLeT1xzOtMTgxR2aBJrWIwVIZCkzD8dXjjeybLndMrBmf41ds0ScfegvMr1mEGZC872hiUMZCbYSr8RUFZBZBB8vteMefp8vWepUjMJ342AkxzDv6JFgW7ZAMRsU1x8KlvZBZBf
2026-08-06,1024447737009050,Coop Eesti,https://www.facebook.com/ads/archive/render_ad/?id=1024447737009051&access_token=EAATnrmoQyC4BRtlStZCpnUVOAiZAI7ia41GvW0Sam17UPHT0rfwpjZCnFZBVOUsAhLc76Al3mcLeT1xzOtMTgxR2aBJrWIwVIZCkzD8dXjjeybLndMrBmf41ds0ScfegvMr1mEGZC872hiUMZCbYSr8RUFZBZBB8vteMefp8vWepUjMJ342AkxzDv6JFgW7ZAMRsU1x8KlvZBZBf
2026-08-06,2111320519734810,Sportland Eesti,https://www.facebook.com/ads/archive/render_ad/?id=2111320519734808&access_token=EAATnrmoQyC4BRtlStZCpnUVOAiZAI7ia41GvW0Sam17UPHT0rfwpjZCnFZBVOUsAhLc76Al3mcLeT1xzOtMTgxR2aBJrWIwVIZCkzD8dXjjeybLndMrBmf41ds0ScfegvMr1mEGZC872hiUMZCbYSr8RUFZBZBB8vteMefp8vWepUjMJ342AkxzDv6JFgW7ZAMRsU1x8KlvZBZBf
2026-08-06,1071006895381490,TEZ TOUR Lietuva,https://www.facebook.com/ads/archive/render_ad/?id=1071006895381486&access_token=EAATnrmoQyC4BRtlStZCpnUVOAiZAI7ia41GvW0Sam17UPHT0rfwpjZCnFZBVOUsAhLc76Al3mcLeT1xzOtMTgxR2aBJrWIwVIZCkzD8dXjjeybLndMrBmf41ds0ScfegvMr1mEGZC872hiUMZCbYSr8RUFZBZBB8vteMefp8vWepUjMJ342AkxzDv6JFgW7ZAMRsU1x8KlvZBZBf
2026-08-06,2218377632280180,Weekend.lt,https://www.facebook.com/ads/archive/render_ad/?id=2218377632280176&access_token=EAATnrmoQyC4BRtlStZCpnUVOAiZAI7ia41GvW0Sam17UPHT0rfwpjZCnFZBVOUsAhLc76Al3mcLeT1xzOtMTgxR2aBJrWIwVIZCkzD8dXjjeybLndMrBmf41ds0ScfegvMr1mEGZC872hiUMZCbYSr8RUFZBZBB8vteMefp8vWepUjMJ342AkxzDv6JFgW7ZAMRsU1x8KlvZBZBf
2026-08-06,1403876631621670,LHV,https://www.facebook.com/ads/archive/render_ad/?id=1403876631621668&access_token=EAATnrmoQyC4BRtlStZCpnUVOAiZAI7ia41GvW0Sam17UPHT0rfwpjZCnFZBVOUsAhLc76Al3mcLeT1xzOtMTgxR2aBJrWIwVIZCkzD8dXjjeybLndMrBmf41ds0ScfegvMr1mEGZC872hiUMZCbYSr8RUFZBZBB8vteMefp8vWepUjMJ342AkxzDv6JFgW7ZAMRsU1x8KlvZBZBf
2026-08-06,1025883190260210,TEZ TOUR Lietuva,https://www.facebook.com/ads/archive/render_ad/?id=1025883190260205&access_token=EAATnrmoQyC4BRtlStZCpnUVOAiZAI7ia41GvW0Sam17UPHT0rfwpjZCnFZBVOUsAhLc76Al3mcLeT1xzOtMTgxR2aBJrWIwVIZCkzD8dXjjeybLndMrBmf41ds0ScfegvMr1mEGZC872hiUMZCbYSr8RUFZBZBB8vteMefp8vWepUjMJ342AkxzDv6JFgW7ZAMRsU1x8KlvZBZBf
2026-08-06,3634216400067240,TEZ TOUR Lietuva,https://www.facebook.com/ads/archive/render_ad/?id=3634216400067240&access_token=EAATnrmoQyC4BRtlStZCpnUVOAiZAI7ia41GvW0Sam17UPHT0rfwpjZCnFZBVOUsAhLc76Al3mcLeT1xzOtMTgxR2aBJrWIwVIZCkzD8dXjjeybLndMrBmf41ds0ScfegvMr1mEGZC872hiUMZCbYSr8RUFZBZBB8vteMefp8vWepUjMJ342AkxzDv6JFgW7ZAMRsU1x8KlvZBZBf
2026-08-06,1687737845643220,Weekend.ee,https://www.facebook.com/ads/archive/render_ad/?id=1687737845643219&access_token=EAATnrmoQyC4BRtlStZCpnUVOAiZAI7ia41GvW0Sam17UPHT0rfwpjZCnFZBVOUsAhLc76Al3mcLeT1xzOtMTgxR2aBJrWIwVIZCkzD8dXjjeybLndMrBmf41ds0ScfegvMr1mEGZC872hiUMZCbYSr8RUFZBZBB8vteMefp8vWepUjMJ342AkxzDv6JFgW7ZAMRsU1x8KlvZBZBf
2026-08-06,1040795515473250,Boozt.com,https://www.facebook.com/ads/archive/render_ad/?id=1040795515473250&access_token=EAATnrmoQyC4BRtlStZCpnUVOAiZAI7ia41GvW0Sam17UPHT0rfwpjZCnFZBVOUsAhLc76Al3mcLeT1xzOtMTgxR2aBJrWIwVIZCkzD8dXjjeybLndMrBmf41ds0ScfegvMr1mEGZC872hiUMZCbYSr8RUFZBZBB8vteMefp8vWepUjMJ342AkxzDv6JFgW7ZAMRsU1x8KlvZBZBf
2026-08-06,1360782062786870,Invego,https://www.facebook.com/ads/archive/render_ad/?id=1360782062786870&access_token=EAATnrmoQyC4BRtlStZCpnUVOAiZAI7ia41GvW0Sam17UPHT0rfwpjZCnFZBVOUsAhLc76Al3mcLeT1xzOtMTgxR2aBJrWIwVIZCkzD8dXjjeybLndMrBmf41ds0ScfegvMr1mEGZC872hiUMZCbYSr8RUFZBZBB8vteMefp8vWepUjMJ342AkxzDv6JFgW7ZAMRsU1x8KlvZBZBf
2026-08-06,1630253341992050,Weekend.ee,https://www.facebook.com/ads/archive/render_ad/?id=1630253341992050&access_token=EAATnrmoQyC4BRtlStZCpnUVOAiZAI7ia41GvW0Sam17UPHT0rfwpjZCnFZBVOUsAhLc76Al3mcLeT1xzOtMTgxR2aBJrWIwVIZCkzD8dXjjeybLndMrBmf41ds0ScfegvMr1mEGZC872hiUMZCbYSr8RUFZBZBB8vteMefp8vWepUjMJ342AkxzDv6JFgW7ZAMRsU1x8KlvZBZBf
2026-08-06,2225033121607190,Sportland Eesti,https://www.facebook.com/ads/archive/render_ad/?id=2225033121607190&access_token=EAATnrmoQyC4BRtlStZCpnUVOAiZAI7ia41GvW0Sam17UPHT0rfwpjZCnFZBVOUsAhLc76Al3mcLeT1xzOtMTgxR2aBJrWIwVIZCkzD8dXjjeybLndMrBmf41ds0ScfegvMr1mEGZC872hiUMZCbYSr8RUFZBZBB8vteMefp8vWepUjMJ342AkxzDv6JFgW7ZAMRsU1x8KlvZBZBf
2026-08-06,1029263749896100,TEZ TOUR Lietuva,https://www.facebook.com/ads/archive/render_ad/?id=1029263749896096&access_token=EAATnrmoQyC4BRtlStZCpnUVOAiZAI7ia41GvW0Sam17UPHT0rfwpjZCnFZBVOUsAhLc76Al3mcLeT1xzOtMTgxR2aBJrWIwVIZCkzD8dXjjeybLndMrBmf41ds0ScfegvMr1mEGZC872hiUMZCbYSr8RUFZBZBB8vteMefp8vWepUjMJ342AkxzDv6JFgW7ZAMRsU1x8KlvZBZBf
2026-08-06,911207694817848,Confido,https://www.facebook.com/ads/archive/render_ad/?id=911207694817848&access_token=EAATnrmoQyC4BRtlStZCpnUVOAiZAI7ia41GvW0Sam17UPHT0rfwpjZCnFZBVOUsAhLc76Al3mcLeT1xzOtMTgxR2aBJrWIwVIZCkzD8dXjjeybLndMrBmf41ds0ScfegvMr1mEGZC872hiUMZCbYSr8RUFZBZBB8vteMefp8vWepUjMJ342AkxzDv6JFgW7ZAMRsU1x8KlvZBZBf
2026-08-06,2520864481765140,Coop Eesti,https://www.facebook.com/ads/archive/render_ad/?id=2520864481765141&access_token=EAATnrmoQyC4BRtlStZCpnUVOAiZAI7ia41GvW0Sam17UPHT0rfwpjZCnFZBVOUsAhLc76Al3mcLeT1xzOtMTgxR2aBJrWIwVIZCkzD8dXjjeybLndMrBmf41ds0ScfegvMr1mEGZC872hiUMZCbYSr8RUFZBZBB8vteMefp8vWepUjMJ342AkxzDv6JFgW7ZAMRsU1x8KlvZBZBf
2026-08-06,1058841556798420,Boozt.com,https://www.facebook.com/ads/archive/render_ad/?id=1058841556798422&access_token=EAATnrmoQyC4BRtlStZCpnUVOAiZAI7ia41GvW0Sam17UPHT0rfwpjZCnFZBVOUsAhLc76Al3mcLeT1xzOtMTgxR2aBJrWIwVIZCkzD8dXjjeybLndMrBmf41ds0ScfegvMr1mEGZC872hiUMZCbYSr8RUFZBZBB8vteMefp8vWepUjMJ342AkxzDv6JFgW7ZAMRsU1x8KlvZBZBf
2026-08-06,1750453309510590,Coral Travel Latvia,https://www.facebook.com/ads/archive/render_ad/?id=1750453309510586&access_token=EAATnrmoQyC4BRtlStZCpnUVOAiZAI7ia41GvW0Sam17UPHT0rfwpjZCnFZBVOUsAhLc76Al3mcLeT1xzOtMTgxR2aBJrWIwVIZCkzD8dXjjeybLndMrBmf41ds0ScfegvMr1mEGZC872hiUMZCbYSr8RUFZBZBB8vteMefp8vWepUjMJ342AkxzDv6JFgW7ZAMRsU1x8KlvZBZBf
2026-08-06,27332153389820900,Luminor Eesti,https://www.facebook.com/ads/archive/render_ad/?id=27332153389820908&access_token=EAATnrmoQyC4BRtlStZCpnUVOAiZAI7ia41GvW0Sam17UPHT0rfwpjZCnFZBVOUsAhLc76Al3mcLeT1xzOtMTgxR2aBJrWIwVIZCkzD8dXjjeybLndMrBmf41ds0ScfegvMr1mEGZC872hiUMZCbYSr8RUFZBZBB8vteMefp8vWepUjMJ342AkxzDv6JFgW7ZAMRsU1x8KlvZBZBf
2026-08-06,1707258847060190,Coop Eesti,https://www.facebook.com/ads/archive/render_ad/?id=1707258847060191&access_token=EAATnrmoQyC4BRtlStZCpnUVOAiZAI7ia41GvW0Sam17UPHT0rfwpjZCnFZBVOUsAhLc76Al3mcLeT1xzOtMTgxR2aBJrWIwVIZCkzD8dXjjeybLndMrBmf41ds0ScfegvMr1mEGZC872hiUMZCbYSr8RUFZBZBB8vteMefp8vWepUjMJ342AkxzDv6JFgW7ZAMRsU1x8KlvZBZBf
2026-08-06,1801432997900910,Luminor Eesti,https://www.facebook.com/ads/archive/render_ad/?id=1801432997900911&access_token=EAATnrmoQyC4BRtlStZCpnUVOAiZAI7ia41GvW0Sam17UPHT0rfwpjZCnFZBVOUsAhLc76Al3mcLeT1xzOtMTgxR2aBJrWIwVIZCkzD8dXjjeybLndMrBmf41ds0ScfegvMr1mEGZC872hiUMZCbYSr8RUFZBZBB8vteMefp8vWepUjMJ342AkxzDv6JFgW7ZAMRsU1x8KlvZBZBf
2026-08-06,2093962018171880,Coop Eesti,https://www.facebook.com/ads/archive/render_ad/?id=2093962018171878&access_token=EAATnrmoQyC4BRtlStZCpnUVOAiZAI7ia41GvW0Sam17UPHT0rfwpjZCnFZBVOUsAhLc76Al3mcLeT1xzOtMTgxR2aBJrWIwVIZCkzD8dXjjeybLndMrBmf41ds0ScfegvMr1mEGZC872hiUMZCbYSr8RUFZBZBB8vteMefp8vWepUjMJ342AkxzDv6JFgW7ZAMRsU1x8KlvZBZBf
2026-08-06,2053070421976420,Boozt.com,https://www.facebook.com/ads/archive/render_ad/?id=2053070421976418&access_token=EAATnrmoQyC4BRtlStZCpnUVOAiZAI7ia41GvW0Sam17UPHT0rfwpjZCnFZBVOUsAhLc76Al3mcLeT1xzOtMTgxR2aBJrWIwVIZCkzD8dXjjeybLndMrBmf41ds0ScfegvMr1mEGZC872hiUMZCbYSr8RUFZBZBB8vteMefp8vWepUjMJ342AkxzDv6JFgW7ZAMRsU1x8KlvZBZBf
2026-08-06,1721842642480430,Ballzy Suomi,https://www.facebook.com/ads/archive/render_ad/?id=1721842642480428&access_token=EAATnrmoQyC4BRtlStZCpnUVOAiZAI7ia41GvW0Sam17UPHT0rfwpjZCnFZBVOUsAhLc76Al3mcLeT1xzOtMTgxR2aBJrWIwVIZCkzD8dXjjeybLndMrBmf41ds0ScfegvMr1mEGZC872hiUMZCbYSr8RUFZBZBB8vteMefp8vWepUjMJ342AkxzDv6JFgW7ZAMRsU1x8KlvZBZBf
2026-08-06,928532543624641,Sportland Eesti,https://www.facebook.com/ads/archive/render_ad/?id=928532543624641&access_token=EAATnrmoQyC4BRtlStZCpnUVOAiZAI7ia41GvW0Sam17UPHT0rfwpjZCnFZBVOUsAhLc76Al3mcLeT1xzOtMTgxR2aBJrWIwVIZCkzD8dXjjeybLndMrBmf41ds0ScfegvMr1mEGZC872hiUMZCbYSr8RUFZBZBB8vteMefp8vWepUjMJ342AkxzDv6JFgW7ZAMRsU1x8KlvZBZBf
2026-08-06,1553332763158260,ABOUT YOU,https://www.facebook.com/ads/archive/render_ad/?id=1553332763158264&access_token=EAATnrmoQyC4BRtlStZCpnUVOAiZAI7ia41GvW0Sam17UPHT0rfwpjZCnFZBVOUsAhLc76Al3mcLeT1xzOtMTgxR2aBJrWIwVIZCkzD8dXjjeybLndMrBmf41ds0ScfegvMr1mEGZC872hiUMZCbYSr8RUFZBZBB8vteMefp8vWepUjMJ342AkxzDv6JFgW7ZAMRsU1x8KlvZBZBf
2026-08-06,1443252418002330,Sportland Eesti,https://www.facebook.com/ads/archive/render_ad/?id=1443252418002330&access_token=EAATnrmoQyC4BRtlStZCpnUVOAiZAI7ia41GvW0Sam17UPHT0rfwpjZCnFZBVOUsAhLc76Al3mcLeT1xzOtMTgxR2aBJrWIwVIZCkzD8dXjjeybLndMrBmf41ds0ScfegvMr1mEGZC872hiUMZCbYSr8RUFZBZBB8vteMefp8vWepUjMJ342AkxzDv6JFgW7ZAMRsU1x8KlvZBZBf
2026-08-06,2585648415205800,Join Up Lietuva,https://www.facebook.com/ads/archive/render_ad/?id=2585648415205801&access_token=EAATnrmoQyC4BRtlStZCpnUVOAiZAI7ia41GvW0Sam17UPHT0rfwpjZCnFZBVOUsAhLc76Al3mcLeT1xzOtMTgxR2aBJrWIwVIZCkzD8dXjjeybLndMrBmf41ds0ScfegvMr1mEGZC872hiUMZCbYSr8RUFZBZBB8vteMefp8vWepUjMJ342AkxzDv6JFgW7ZAMRsU1x8KlvZBZBf
2026-08-06,1734888027655480,SEB Eesti,https://www.facebook.com/ads/archive/render_ad/?id=1734888027655484&access_token=EAATnrmoQyC4BRtlStZCpnUVOAiZAI7ia41GvW0Sam17UPHT0rfwpjZCnFZBVOUsAhLc76Al3mcLeT1xzOtMTgxR2aBJrWIwVIZCkzD8dXjjeybLndMrBmf41ds0ScfegvMr1mEGZC872hiUMZCbYSr8RUFZBZBB8vteMefp8vWepUjMJ342AkxzDv6JFgW7ZAMRsU1x8KlvZBZBf
2026-08-06,1780447819963800,Boozt.com,https://www.facebook.com/ads/archive/render_ad/?id=1780447819963801&access_token=EAATnrmoQyC4BRtlStZCpnUVOAiZAI7ia41GvW0Sam17UPHT0rfwpjZCnFZBVOUsAhLc76Al3mcLeT1xzOtMTgxR2aBJrWIwVIZCkzD8dXjjeybLndMrBmf41ds0ScfegvMr1mEGZC872hiUMZCbYSr8RUFZBZBB8vteMefp8vWepUjMJ342AkxzDv6JFgW7ZAMRsU1x8KlvZBZBf
2026-08-06,4270926226385690,Boozt.com,https://www.facebook.com/ads/archive/render_ad/?id=4270926226385685&access_token=EAATnrmoQyC4BRtlStZCpnUVOAiZAI7ia41GvW0Sam17UPHT0rfwpjZCnFZBVOUsAhLc76Al3mcLeT1xzOtMTgxR2aBJrWIwVIZCkzD8dXjjeybLndMrBmf41ds0ScfegvMr1mEGZC872hiUMZCbYSr8RUFZBZBB8vteMefp8vWepUjMJ342AkxzDv6JFgW7ZAMRsU1x8KlvZBZBf
2026-08-06,1427020405994050,Sportland Eesti,https://www.facebook.com/ads/archive/render_ad/?id=1427020405994045&access_token=EAATnrmoQyC4BRtlStZCpnUVOAiZAI7ia41GvW0Sam17UPHT0rfwpjZCnFZBVOUsAhLc76Al3mcLeT1xzOtMTgxR2aBJrWIwVIZCkzD8dXjjeybLndMrBmf41ds0ScfegvMr1mEGZC872hiUMZCbYSr8RUFZBZBB8vteMefp8vWepUjMJ342AkxzDv6JFgW7ZAMRsU1x8KlvZBZBf
2026-08-06,1319190600012640,Coop Eesti,https://www.facebook.com/ads/archive/render_ad/?id=1319190600012643&access_token=EAATnrmoQyC4BRtlStZCpnUVOAiZAI7ia41GvW0Sam17UPHT0rfwpjZCnFZBVOUsAhLc76Al3mcLeT1xzOtMTgxR2aBJrWIwVIZCkzD8dXjjeybLndMrBmf41ds0ScfegvMr1mEGZC872hiUMZCbYSr8RUFZBZBB8vteMefp8vWepUjMJ342AkxzDv6JFgW7ZAMRsU1x8KlvZBZBf
2026-08-06,1067163855826090,Boozt.com,https://www.facebook.com/ads/archive/render_ad/?id=1067163855826093&access_token=EAATnrmoQyC4BRtlStZCpnUVOAiZAI7ia41GvW0Sam17UPHT0rfwpjZCnFZBVOUsAhLc76Al3mcLeT1xzOtMTgxR2aBJrWIwVIZCkzD8dXjjeybLndMrBmf41ds0ScfegvMr1mEGZC872hiUMZCbYSr8RUFZBZBB8vteMefp8vWepUjMJ342AkxzDv6JFgW7ZAMRsU1x8KlvZBZBf
2026-08-06,1604395894360670,Sportland Eesti,https://www.facebook.com/ads/archive/render_ad/?id=1604395894360669&access_token=EAATnrmoQyC4BRtlStZCpnUVOAiZAI7ia41GvW0Sam17UPHT0rfwpjZCnFZBVOUsAhLc76Al3mcLeT1xzOtMTgxR2aBJrWIwVIZCkzD8dXjjeybLndMrBmf41ds0ScfegvMr1mEGZC872hiUMZCbYSr8RUFZBZBB8vteMefp8vWepUjMJ342AkxzDv6JFgW7ZAMRsU1x8KlvZBZBf
2026-08-06,1417953433574280,Boozt.com,https://www.facebook.com/ads/archive/render_ad/?id=1417953433574276&access_token=EAATnrmoQyC4BRtlStZCpnUVOAiZAI7ia41GvW0Sam17UPHT0rfwpjZCnFZBVOUsAhLc76Al3mcLeT1xzOtMTgxR2aBJrWIwVIZCkzD8dXjjeybLndMrBmf41ds0ScfegvMr1mEGZC872hiUMZCbYSr8RUFZBZBB8vteMefp8vWepUjMJ342AkxzDv6JFgW7ZAMRsU1x8KlvZBZBf
2026-08-06,1043014455316390,Enefit Eesti,https://www.facebook.com/ads/archive/render_ad/?id=1043014455316386&access_token=EAATnrmoQyC4BRtlStZCpnUVOAiZAI7ia41GvW0Sam17UPHT0rfwpjZCnFZBVOUsAhLc76Al3mcLeT1xzOtMTgxR2aBJrWIwVIZCkzD8dXjjeybLndMrBmf41ds0ScfegvMr1mEGZC872hiUMZCbYSr8RUFZBZBB8vteMefp8vWepUjMJ342AkxzDv6JFgW7ZAMRsU1x8KlvZBZBf
2026-08-06,28214395598186700,Weekend.ee,https://www.facebook.com/ads/archive/render_ad/?id=28214395598186770&access_token=EAATnrmoQyC4BRtlStZCpnUVOAiZAI7ia41GvW0Sam17UPHT0rfwpjZCnFZBVOUsAhLc76Al3mcLeT1xzOtMTgxR2aBJrWIwVIZCkzD8dXjjeybLndMrBmf41ds0ScfegvMr1mEGZC872hiUMZCbYSr8RUFZBZBB8vteMefp8vWepUjMJ342AkxzDv6JFgW7ZAMRsU1x8KlvZBZBf
2026-08-06,1656044179247210,TEZ TOUR Lietuva,https://www.facebook.com/ads/archive/render_ad/?id=1656044179247210&access_token=EAATnrmoQyC4BRtlStZCpnUVOAiZAI7ia41GvW0Sam17UPHT0rfwpjZCnFZBVOUsAhLc76Al3mcLeT1xzOtMTgxR2aBJrWIwVIZCkzD8dXjjeybLndMrBmf41ds0ScfegvMr1mEGZC872hiUMZCbYSr8RUFZBZBB8vteMefp8vWepUjMJ342AkxzDv6JFgW7ZAMRsU1x8KlvZBZBf
2026-08-06,1052175120678140,TEZ TOUR Lietuva,https://www.facebook.com/ads/archive/render_ad/?id=1052175120678143&access_token=EAATnrmoQyC4BRtlStZCpnUVOAiZAI7ia41GvW0Sam17UPHT0rfwpjZCnFZBVOUsAhLc76Al3mcLeT1xzOtMTgxR2aBJrWIwVIZCkzD8dXjjeybLndMrBmf41ds0ScfegvMr1mEGZC872hiUMZCbYSr8RUFZBZBB8vteMefp8vWepUjMJ342AkxzDv6JFgW7ZAMRsU1x8KlvZBZBf
2026-08-06,1316428411544530,Boozt.com,https://www.facebook.com/ads/archive/render_ad/?id=1316428411544528&access_token=EAATnrmoQyC4BRtlStZCpnUVOAiZAI7ia41GvW0Sam17UPHT0rfwpjZCnFZBVOUsAhLc76Al3mcLeT1xzOtMTgxR2aBJrWIwVIZCkzD8dXjjeybLndMrBmf41ds0ScfegvMr1mEGZC872hiUMZCbYSr8RUFZBZBB8vteMefp8vWepUjMJ342AkxzDv6JFgW7ZAMRsU1x8KlvZBZBf
2026-08-06,1361938435360130,Coop Eesti,https://www.facebook.com/ads/archive/render_ad/?id=1361938435360130&access_token=EAATnrmoQyC4BRtlStZCpnUVOAiZAI7ia41GvW0Sam17UPHT0rfwpjZCnFZBVOUsAhLc76Al3mcLeT1xzOtMTgxR2aBJrWIwVIZCkzD8dXjjeybLndMrBmf41ds0ScfegvMr1mEGZC872hiUMZCbYSr8RUFZBZBB8vteMefp8vWepUjMJ342AkxzDv6JFgW7ZAMRsU1x8KlvZBZBf
2026-08-06,1073701845346630,Boozt.com,https://www.facebook.com/ads/archive/render_ad/?id=1073701845346630&access_token=EAATnrmoQyC4BRtlStZCpnUVOAiZAI7ia41GvW0Sam17UPHT0rfwpjZCnFZBVOUsAhLc76Al3mcLeT1xzOtMTgxR2aBJrWIwVIZCkzD8dXjjeybLndMrBmf41ds0ScfegvMr1mEGZC872hiUMZCbYSr8RUFZBZBB8vteMefp8vWepUjMJ342AkxzDv6JFgW7ZAMRsU1x8KlvZBZBf
2026-08-06,1343363274678100,Holm Bank,https://www.facebook.com/ads/archive/render_ad/?id=1343363274678101&access_token=EAATnrmoQyC4BRtlStZCpnUVOAiZAI7ia41GvW0Sam17UPHT0rfwpjZCnFZBVOUsAhLc76Al3mcLeT1xzOtMTgxR2aBJrWIwVIZCkzD8dXjjeybLndMrBmf41ds0ScfegvMr1mEGZC872hiUMZCbYSr8RUFZBZBB8vteMefp8vWepUjMJ342AkxzDv6JFgW7ZAMRsU1x8KlvZBZBf
2026-08-06,1020377424301650,Coral Travel Latvia,https://www.facebook.com/ads/archive/render_ad/?id=1020377424301652&access_token=EAATnrmoQyC4BRtlStZCpnUVOAiZAI7ia41GvW0Sam17UPHT0rfwpjZCnFZBVOUsAhLc76Al3mcLeT1xzOtMTgxR2aBJrWIwVIZCkzD8dXjjeybLndMrBmf41ds0ScfegvMr1mEGZC872hiUMZCbYSr8RUFZBZBB8vteMefp8vWepUjMJ342AkxzDv6JFgW7ZAMRsU1x8KlvZBZBf
2026-08-06,1531486218992370,Weekend.ee,https://www.facebook.com/ads/archive/render_ad/?id=1531486218992365&access_token=EAATnrmoQyC4BRtlStZCpnUVOAiZAI7ia41GvW0Sam17UPHT0rfwpjZCnFZBVOUsAhLc76Al3mcLeT1xzOtMTgxR2aBJrWIwVIZCkzD8dXjjeybLndMrBmf41ds0ScfegvMr1mEGZC872hiUMZCbYSr8RUFZBZBB8vteMefp8vWepUjMJ342AkxzDv6JFgW7ZAMRsU1x8KlvZBZBf
2026-08-06,1374150281321430,Boozt.com,https://www.facebook.com/ads/archive/render_ad/?id=1374150281321425&access_token=EAATnrmoQyC4BRtlStZCpnUVOAiZAI7ia41GvW0Sam17UPHT0rfwpjZCnFZBVOUsAhLc76Al3mcLeT1xzOtMTgxR2aBJrWIwVIZCkzD8dXjjeybLndMrBmf41ds0ScfegvMr1mEGZC872hiUMZCbYSr8RUFZBZBB8vteMefp8vWepUjMJ342AkxzDv6JFgW7ZAMRsU1x8KlvZBZBf
2026-08-06,1987436468635730,Rimi Eesti,https://www.facebook.com/ads/archive/render_ad/?id=1987436468635728&access_token=EAATnrmoQyC4BRtlStZCpnUVOAiZAI7ia41GvW0Sam17UPHT0rfwpjZCnFZBVOUsAhLc76Al3mcLeT1xzOtMTgxR2aBJrWIwVIZCkzD8dXjjeybLndMrBmf41ds0ScfegvMr1mEGZC872hiUMZCbYSr8RUFZBZBB8vteMefp8vWepUjMJ342AkxzDv6JFgW7ZAMRsU1x8KlvZBZBf
2026-08-06,1541679074405060,Coop Eesti,https://www.facebook.com/ads/archive/render_ad/?id=1541679074405056&access_token=EAATnrmoQyC4BRtlStZCpnUVOAiZAI7ia41GvW0Sam17UPHT0rfwpjZCnFZBVOUsAhLc76Al3mcLeT1xzOtMTgxR2aBJrWIwVIZCkzD8dXjjeybLndMrBmf41ds0ScfegvMr1mEGZC872hiUMZCbYSr8RUFZBZBB8vteMefp8vWepUjMJ342AkxzDv6JFgW7ZAMRsU1x8KlvZBZBf
2026-08-06,2967708320249930,ABOUT YOU,https://www.facebook.com/ads/archive/render_ad/?id=2967708320249931&access_token=EAATnrmoQyC4BRtlStZCpnUVOAiZAI7ia41GvW0Sam17UPHT0rfwpjZCnFZBVOUsAhLc76Al3mcLeT1xzOtMTgxR2aBJrWIwVIZCkzD8dXjjeybLndMrBmf41ds0ScfegvMr1mEGZC872hiUMZCbYSr8RUFZBZBB8vteMefp8vWepUjMJ342AkxzDv6JFgW7ZAMRsU1x8KlvZBZBf
2026-08-06,1998103530909010,TEZ TOUR Lietuva,https://www.facebook.com/ads/archive/render_ad/?id=1998103530909005&access_token=EAATnrmoQyC4BRtlStZCpnUVOAiZAI7ia41GvW0Sam17UPHT0rfwpjZCnFZBVOUsAhLc76Al3mcLeT1xzOtMTgxR2aBJrWIwVIZCkzD8dXjjeybLndMrBmf41ds0ScfegvMr1mEGZC872hiUMZCbYSr8RUFZBZBB8vteMefp8vWepUjMJ342AkxzDv6JFgW7ZAMRsU1x8KlvZBZBf
2026-08-06,1582761786592910,Balcia Kindlustus,https://www.facebook.com/ads/archive/render_ad/?id=1582761786592908&access_token=EAATnrmoQyC4BRtlStZCpnUVOAiZAI7ia41GvW0Sam17UPHT0rfwpjZCnFZBVOUsAhLc76Al3mcLeT1xzOtMTgxR2aBJrWIwVIZCkzD8dXjjeybLndMrBmf41ds0ScfegvMr1mEGZC872hiUMZCbYSr8RUFZBZBB8vteMefp8vWepUjMJ342AkxzDv6JFgW7ZAMRsU1x8KlvZBZBf
2026-08-06,1081962867599950,Coop Eesti,https://www.facebook.com/ads/archive/render_ad/?id=1081962867599947&access_token=EAATnrmoQyC4BRtlStZCpnUVOAiZAI7ia41GvW0Sam17UPHT0rfwpjZCnFZBVOUsAhLc76Al3mcLeT1xzOtMTgxR2aBJrWIwVIZCkzD8dXjjeybLndMrBmf41ds0ScfegvMr1mEGZC872hiUMZCbYSr8RUFZBZBB8vteMefp8vWepUjMJ342AkxzDv6JFgW7ZAMRsU1x8KlvZBZBf
2026-08-06,3950467728595350,TEZ TOUR Lietuva,https://www.facebook.com/ads/archive/render_ad/?id=3950467728595346&access_token=EAATnrmoQyC4BRtlStZCpnUVOAiZAI7ia41GvW0Sam17UPHT0rfwpjZCnFZBVOUsAhLc76Al3mcLeT1xzOtMTgxR2aBJrWIwVIZCkzD8dXjjeybLndMrBmf41ds0ScfegvMr1mEGZC872hiUMZCbYSr8RUFZBZBB8vteMefp8vWepUjMJ342AkxzDv6JFgW7ZAMRsU1x8KlvZBZBf
2026-08-06,2133814574148510,Boozt.com,https://www.facebook.com/ads/archive/render_ad/?id=2133814574148512&access_token=EAATnrmoQyC4BRtlStZCpnUVOAiZAI7ia41GvW0Sam17UPHT0rfwpjZCnFZBVOUsAhLc76Al3mcLeT1xzOtMTgxR2aBJrWIwVIZCkzD8dXjjeybLndMrBmf41ds0ScfegvMr1mEGZC872hiUMZCbYSr8RUFZBZBB8vteMefp8vWepUjMJ342AkxzDv6JFgW7ZAMRsU1x8KlvZBZBf
2026-08-06,1847788656626820,Boozt.com,https://www.facebook.com/ads/archive/render_ad/?id=1847788656626822&access_token=EAATnrmoQyC4BRtlStZCpnUVOAiZAI7ia41GvW0Sam17UPHT0rfwpjZCnFZBVOUsAhLc76Al3mcLeT1xzOtMTgxR2aBJrWIwVIZCkzD8dXjjeybLndMrBmf41ds0ScfegvMr1mEGZC872hiUMZCbYSr8RUFZBZBB8vteMefp8vWepUjMJ342AkxzDv6JFgW7ZAMRsU1x8KlvZBZBf
2026-08-06,1909271639739230,Boozt.com,https://www.facebook.com/ads/archive/render_ad/?id=1909271639739232&access_token=EAATnrmoQyC4BRtlStZCpnUVOAiZAI7ia41GvW0Sam17UPHT0rfwpjZCnFZBVOUsAhLc76Al3mcLeT1xzOtMTgxR2aBJrWIwVIZCkzD8dXjjeybLndMrBmf41ds0ScfegvMr1mEGZC872hiUMZCbYSr8RUFZBZBB8vteMefp8vWepUjMJ342AkxzDv6JFgW7ZAMRsU1x8KlvZBZBf
2026-08-06,2284324425716580,Invego,https://www.facebook.com/ads/archive/render_ad/?id=2284324425716577&access_token=EAATnrmoQyC4BRtlStZCpnUVOAiZAI7ia41GvW0Sam17UPHT0rfwpjZCnFZBVOUsAhLc76Al3mcLeT1xzOtMTgxR2aBJrWIwVIZCkzD8dXjjeybLndMrBmf41ds0ScfegvMr1mEGZC872hiUMZCbYSr8RUFZBZBB8vteMefp8vWepUjMJ342AkxzDv6JFgW7ZAMRsU1x8KlvZBZBf
2026-08-06,1411591560783430,Boozt.com,https://www.facebook.com/ads/archive/render_ad/?id=1411591560783425&access_token=EAATnrmoQyC4BRtlStZCpnUVOAiZAI7ia41GvW0Sam17UPHT0rfwpjZCnFZBVOUsAhLc76Al3mcLeT1xzOtMTgxR2aBJrWIwVIZCkzD8dXjjeybLndMrBmf41ds0ScfegvMr1mEGZC872hiUMZCbYSr8RUFZBZBB8vteMefp8vWepUjMJ342AkxzDv6JFgW7ZAMRsU1x8KlvZBZBf
2026-08-06,4393776917604980,Boozt.com,https://www.facebook.com/ads/archive/render_ad/?id=4393776917604980&access_token=EAATnrmoQyC4BRtlStZCpnUVOAiZAI7ia41GvW0Sam17UPHT0rfwpjZCnFZBVOUsAhLc76Al3mcLeT1xzOtMTgxR2aBJrWIwVIZCkzD8dXjjeybLndMrBmf41ds0ScfegvMr1mEGZC872hiUMZCbYSr8RUFZBZBB8vteMefp8vWepUjMJ342AkxzDv6JFgW7ZAMRsU1x8KlvZBZBf
2026-08-06,1388503883206660,Holm Bank,https://www.facebook.com/ads/archive/render_ad/?id=1388503883206664&access_token=EAATnrmoQyC4BRtlStZCpnUVOAiZAI7ia41GvW0Sam17UPHT0rfwpjZCnFZBVOUsAhLc76Al3mcLeT1xzOtMTgxR2aBJrWIwVIZCkzD8dXjjeybLndMrBmf41ds0ScfegvMr1mEGZC872hiUMZCbYSr8RUFZBZBB8vteMefp8vWepUjMJ342AkxzDv6JFgW7ZAMRsU1x8KlvZBZBf
2026-08-06,1080691017970260,Sportland Eesti,https://www.facebook.com/ads/archive/render_ad/?id=1080691017970264&access_token=EAATnrmoQyC4BRtlStZCpnUVOAiZAI7ia41GvW0Sam17UPHT0rfwpjZCnFZBVOUsAhLc76Al3mcLeT1xzOtMTgxR2aBJrWIwVIZCkzD8dXjjeybLndMrBmf41ds0ScfegvMr1mEGZC872hiUMZCbYSr8RUFZBZBB8vteMefp8vWepUjMJ342AkxzDv6JFgW7ZAMRsU1x8KlvZBZBf
2026-08-06,1717467106136540,Boozt.com,https://www.facebook.com/ads/archive/render_ad/?id=1717467106136542&access_token=EAATnrmoQyC4BRtlStZCpnUVOAiZAI7ia41GvW0Sam17UPHT0rfwpjZCnFZBVOUsAhLc76Al3mcLeT1xzOtMTgxR2aBJrWIwVIZCkzD8dXjjeybLndMrBmf41ds0ScfegvMr1mEGZC872hiUMZCbYSr8RUFZBZBB8vteMefp8vWepUjMJ342AkxzDv6JFgW7ZAMRsU1x8KlvZBZBf
2026-08-06,1455590839702500,Ballzy Latvija,https://www.facebook.com/ads/archive/render_ad/?id=1455590839702498&access_token=EAATnrmoQyC4BRtlStZCpnUVOAiZAI7ia41GvW0Sam17UPHT0rfwpjZCnFZBVOUsAhLc76Al3mcLeT1xzOtMTgxR2aBJrWIwVIZCkzD8dXjjeybLndMrBmf41ds0ScfegvMr1mEGZC872hiUMZCbYSr8RUFZBZBB8vteMefp8vWepUjMJ342AkxzDv6JFgW7ZAMRsU1x8KlvZBZBf
2026-08-06,1601406438365500,Ballzy Lietuva,https://www.facebook.com/ads/archive/render_ad/?id=1601406438365496&access_token=EAATnrmoQyC4BRtlStZCpnUVOAiZAI7ia41GvW0Sam17UPHT0rfwpjZCnFZBVOUsAhLc76Al3mcLeT1xzOtMTgxR2aBJrWIwVIZCkzD8dXjjeybLndMrBmf41ds0ScfegvMr1mEGZC872hiUMZCbYSr8RUFZBZBB8vteMefp8vWepUjMJ342AkxzDv6JFgW7ZAMRsU1x8KlvZBZBf
2026-08-06,1733920374590980,Lidl Eesti,https://www.facebook.com/ads/archive/render_ad/?id=1733920374590982&access_token=EAATnrmoQyC4BRtlStZCpnUVOAiZAI7ia41GvW0Sam17UPHT0rfwpjZCnFZBVOUsAhLc76Al3mcLeT1xzOtMTgxR2aBJrWIwVIZCkzD8dXjjeybLndMrBmf41ds0ScfegvMr1mEGZC872hiUMZCbYSr8RUFZBZBB8vteMefp8vWepUjMJ342AkxzDv6JFgW7ZAMRsU1x8KlvZBZBf
2026-08-06,1687089979058850,Weekend.ee,https://www.facebook.com/ads/archive/render_ad/?id=1687089979058852&access_token=EAATnrmoQyC4BRtlStZCpnUVOAiZAI7ia41GvW0Sam17UPHT0rfwpjZCnFZBVOUsAhLc76Al3mcLeT1xzOtMTgxR2aBJrWIwVIZCkzD8dXjjeybLndMrBmf41ds0ScfegvMr1mEGZC872hiUMZCbYSr8RUFZBZBB8vteMefp8vWepUjMJ342AkxzDv6JFgW7ZAMRsU1x8KlvZBZBf
2026-08-06,1372351731664870,Weekend.ee,https://www.facebook.com/ads/archive/render_ad/?id=1372351731664871&access_token=EAATnrmoQyC4BRtlStZCpnUVOAiZAI7ia41GvW0Sam17UPHT0rfwpjZCnFZBVOUsAhLc76Al3mcLeT1xzOtMTgxR2aBJrWIwVIZCkzD8dXjjeybLndMrBmf41ds0ScfegvMr1mEGZC872hiUMZCbYSr8RUFZBZBB8vteMefp8vWepUjMJ342AkxzDv6JFgW7ZAMRsU1x8KlvZBZBf
2026-08-06,1075676692066410,Barbora.ee,https://www.facebook.com/ads/archive/render_ad/?id=1075676692066414&access_token=EAATnrmoQyC4BRtlStZCpnUVOAiZAI7ia41GvW0Sam17UPHT0rfwpjZCnFZBVOUsAhLc76Al3mcLeT1xzOtMTgxR2aBJrWIwVIZCkzD8dXjjeybLndMrBmf41ds0ScfegvMr1mEGZC872hiUMZCbYSr8RUFZBZBB8vteMefp8vWepUjMJ342AkxzDv6JFgW7ZAMRsU1x8KlvZBZBf
2026-08-06,4497248277263070,PZU Kindlustus,https://www.facebook.com/ads/archive/render_ad/?id=4497248277263074&access_token=EAATnrmoQyC4BRtlStZCpnUVOAiZAI7ia41GvW0Sam17UPHT0rfwpjZCnFZBVOUsAhLc76Al3mcLeT1xzOtMTgxR2aBJrWIwVIZCkzD8dXjjeybLndMrBmf41ds0ScfegvMr1mEGZC872hiUMZCbYSr8RUFZBZBB8vteMefp8vWepUjMJ342AkxzDv6JFgW7ZAMRsU1x8KlvZBZBf
2026-08-06,1032769676300360,Boozt.com,https://www.facebook.com/ads/archive/render_ad/?id=1032769676300357&access_token=EAATnrmoQyC4BRtlStZCpnUVOAiZAI7ia41GvW0Sam17UPHT0rfwpjZCnFZBVOUsAhLc76Al3mcLeT1xzOtMTgxR2aBJrWIwVIZCkzD8dXjjeybLndMrBmf41ds0ScfegvMr1mEGZC872hiUMZCbYSr8RUFZBZBB8vteMefp8vWepUjMJ342AkxzDv6JFgW7ZAMRsU1x8KlvZBZBf
2026-08-06,1597051915404240,Coop Eesti,https://www.facebook.com/ads/archive/render_ad/?id=1597051915404235&access_token=EAATnrmoQyC4BRtlStZCpnUVOAiZAI7ia41GvW0Sam17UPHT0rfwpjZCnFZBVOUsAhLc76Al3mcLeT1xzOtMTgxR2aBJrWIwVIZCkzD8dXjjeybLndMrBmf41ds0ScfegvMr1mEGZC872hiUMZCbYSr8RUFZBZBB8vteMefp8vWepUjMJ342AkxzDv6JFgW7ZAMRsU1x8KlvZBZBf
2026-08-06,1906590720299930,Sportland Eesti,https://www.facebook.com/ads/archive/render_ad/?id=1906590720299931&access_token=EAATnrmoQyC4BRtlStZCpnUVOAiZAI7ia41GvW0Sam17UPHT0rfwpjZCnFZBVOUsAhLc76Al3mcLeT1xzOtMTgxR2aBJrWIwVIZCkzD8dXjjeybLndMrBmf41ds0ScfegvMr1mEGZC872hiUMZCbYSr8RUFZBZBB8vteMefp8vWepUjMJ342AkxzDv6JFgW7ZAMRsU1x8KlvZBZBf
2026-08-06,1436503191649520,Coop Eesti,https://www.facebook.com/ads/archive/render_ad/?id=1436503191649517&access_token=EAATnrmoQyC4BRtlStZCpnUVOAiZAI7ia41GvW0Sam17UPHT0rfwpjZCnFZBVOUsAhLc76Al3mcLeT1xzOtMTgxR2aBJrWIwVIZCkzD8dXjjeybLndMrBmf41ds0ScfegvMr1mEGZC872hiUMZCbYSr8RUFZBZBB8vteMefp8vWepUjMJ342AkxzDv6JFgW7ZAMRsU1x8KlvZBZBf
2026-08-06,1031229516363500,Coop Eesti,https://www.facebook.com/ads/archive/render_ad/?id=1031229516363495&access_token=EAATnrmoQyC4BRtlStZCpnUVOAiZAI7ia41GvW0Sam17UPHT0rfwpjZCnFZBVOUsAhLc76Al3mcLeT1xzOtMTgxR2aBJrWIwVIZCkzD8dXjjeybLndMrBmf41ds0ScfegvMr1mEGZC872hiUMZCbYSr8RUFZBZBB8vteMefp8vWepUjMJ342AkxzDv6JFgW7ZAMRsU1x8KlvZBZBf
2026-08-06,1540486013677550,Lidl Eesti,https://www.facebook.com/ads/archive/render_ad/?id=1540486013677546&access_token=EAATnrmoQyC4BRtlStZCpnUVOAiZAI7ia41GvW0Sam17UPHT0rfwpjZCnFZBVOUsAhLc76Al3mcLeT1xzOtMTgxR2aBJrWIwVIZCkzD8dXjjeybLndMrBmf41ds0ScfegvMr1mEGZC872hiUMZCbYSr8RUFZBZBB8vteMefp8vWepUjMJ342AkxzDv6JFgW7ZAMRsU1x8KlvZBZBf
2026-08-06,1042689601683290,Lidl Eesti,https://www.facebook.com/ads/archive/render_ad/?id=1042689601683287&access_token=EAATnrmoQyC4BRtlStZCpnUVOAiZAI7ia41GvW0Sam17UPHT0rfwpjZCnFZBVOUsAhLc76Al3mcLeT1xzOtMTgxR2aBJrWIwVIZCkzD8dXjjeybLndMrBmf41ds0ScfegvMr1mEGZC872hiUMZCbYSr8RUFZBZBB8vteMefp8vWepUjMJ342AkxzDv6JFgW7ZAMRsU1x8KlvZBZBf
2026-08-06,1718145186064570,Coral Travel Latvia,https://www.facebook.com/ads/archive/render_ad/?id=1718145186064572&access_token=EAATnrmoQyC4BRtlStZCpnUVOAiZAI7ia41GvW0Sam17UPHT0rfwpjZCnFZBVOUsAhLc76Al3mcLeT1xzOtMTgxR2aBJrWIwVIZCkzD8dXjjeybLndMrBmf41ds0ScfegvMr1mEGZC872hiUMZCbYSr8RUFZBZBB8vteMefp8vWepUjMJ342AkxzDv6JFgW7ZAMRsU1x8KlvZBZBf
2026-08-06,2094056198155320,Boozt.com,https://www.facebook.com/ads/archive/render_ad/?id=2094056198155319&access_token=EAATnrmoQyC4BRtlStZCpnUVOAiZAI7ia41GvW0Sam17UPHT0rfwpjZCnFZBVOUsAhLc76Al3mcLeT1xzOtMTgxR2aBJrWIwVIZCkzD8dXjjeybLndMrBmf41ds0ScfegvMr1mEGZC872hiUMZCbYSr8RUFZBZBB8vteMefp8vWepUjMJ342AkxzDv6JFgW7ZAMRsU1x8KlvZBZBf
2026-08-06,1399484802124080,Rimi Eesti,https://www.facebook.com/ads/archive/render_ad/?id=1399484802124079&access_token=EAATnrmoQyC4BRtlStZCpnUVOAiZAI7ia41GvW0Sam17UPHT0rfwpjZCnFZBVOUsAhLc76Al3mcLeT1xzOtMTgxR2aBJrWIwVIZCkzD8dXjjeybLndMrBmf41ds0ScfegvMr1mEGZC872hiUMZCbYSr8RUFZBZBB8vteMefp8vWepUjMJ342AkxzDv6JFgW7ZAMRsU1x8KlvZBZBf
2026-08-06,1070566055498460,Weekend.lt,https://www.facebook.com/ads/archive/render_ad/?id=1070566055498463&access_token=EAATnrmoQyC4BRtlStZCpnUVOAiZAI7ia41GvW0Sam17UPHT0rfwpjZCnFZBVOUsAhLc76Al3mcLeT1xzOtMTgxR2aBJrWIwVIZCkzD8dXjjeybLndMrBmf41ds0ScfegvMr1mEGZC872hiUMZCbYSr8RUFZBZBB8vteMefp8vWepUjMJ342AkxzDv6JFgW7ZAMRsU1x8KlvZBZBf
2026-08-06,1036329365878240,Coral Travel Estonia,https://www.facebook.com/ads/archive/render_ad/?id=1036329365878238&access_token=EAATnrmoQyC4BRtlStZCpnUVOAiZAI7ia41GvW0Sam17UPHT0rfwpjZCnFZBVOUsAhLc76Al3mcLeT1xzOtMTgxR2aBJrWIwVIZCkzD8dXjjeybLndMrBmf41ds0ScfegvMr1mEGZC872hiUMZCbYSr8RUFZBZBB8vteMefp8vWepUjMJ342AkxzDv6JFgW7ZAMRsU1x8KlvZBZBf
2026-08-06,1399045999089720,Boozt.com,https://www.facebook.com/ads/archive/render_ad/?id=1399045999089720&access_token=EAATnrmoQyC4BRtlStZCpnUVOAiZAI7ia41GvW0Sam17UPHT0rfwpjZCnFZBVOUsAhLc76Al3mcLeT1xzOtMTgxR2aBJrWIwVIZCkzD8dXjjeybLndMrBmf41ds0ScfegvMr1mEGZC872hiUMZCbYSr8RUFZBZBB8vteMefp8vWepUjMJ342AkxzDv6JFgW7ZAMRsU1x8KlvZBZBf
2026-08-06,1037176488958200,JD Sports Lithuania,https://www.facebook.com/ads/archive/render_ad/?id=1037176488958201&access_token=EAATnrmoQyC4BRtlStZCpnUVOAiZAI7ia41GvW0Sam17UPHT0rfwpjZCnFZBVOUsAhLc76Al3mcLeT1xzOtMTgxR2aBJrWIwVIZCkzD8dXjjeybLndMrBmf41ds0ScfegvMr1mEGZC872hiUMZCbYSr8RUFZBZBB8vteMefp8vWepUjMJ342AkxzDv6JFgW7ZAMRsU1x8KlvZBZBf
2026-08-06,2128069968054500,Boozt.com,https://www.facebook.com/ads/archive/render_ad/?id=2128069968054496&access_token=EAATnrmoQyC4BRtlStZCpnUVOAiZAI7ia41GvW0Sam17UPHT0rfwpjZCnFZBVOUsAhLc76Al3mcLeT1xzOtMTgxR2aBJrWIwVIZCkzD8dXjjeybLndMrBmf41ds0ScfegvMr1mEGZC872hiUMZCbYSr8RUFZBZBB8vteMefp8vWepUjMJ342AkxzDv6JFgW7ZAMRsU1x8KlvZBZBf
2026-08-06,1724855405119920,Enefit Eesti,https://www.facebook.com/ads/archive/render_ad/?id=1724855405119922&access_token=EAATnrmoQyC4BRtlStZCpnUVOAiZAI7ia41GvW0Sam17UPHT0rfwpjZCnFZBVOUsAhLc76Al3mcLeT1xzOtMTgxR2aBJrWIwVIZCkzD8dXjjeybLndMrBmf41ds0ScfegvMr1mEGZC872hiUMZCbYSr8RUFZBZBB8vteMefp8vWepUjMJ342AkxzDv6JFgW7ZAMRsU1x8KlvZBZBf
2026-08-06,1042816375157680,Weekend.ee,https://www.facebook.com/ads/archive/render_ad/?id=1042816375157679&access_token=EAATnrmoQyC4BRtlStZCpnUVOAiZAI7ia41GvW0Sam17UPHT0rfwpjZCnFZBVOUsAhLc76Al3mcLeT1xzOtMTgxR2aBJrWIwVIZCkzD8dXjjeybLndMrBmf41ds0ScfegvMr1mEGZC872hiUMZCbYSr8RUFZBZBB8vteMefp8vWepUjMJ342AkxzDv6JFgW7ZAMRsU1x8KlvZBZBf
2026-08-06,858908640492758,Weekend.ee,https://www.facebook.com/ads/archive/render_ad/?id=858908640492758&access_token=EAATnrmoQyC4BRtlStZCpnUVOAiZAI7ia41GvW0Sam17UPHT0rfwpjZCnFZBVOUsAhLc76Al3mcLeT1xzOtMTgxR2aBJrWIwVIZCkzD8dXjjeybLndMrBmf41ds0ScfegvMr1mEGZC872hiUMZCbYSr8RUFZBZBB8vteMefp8vWepUjMJ342AkxzDv6JFgW7ZAMRsU1x8KlvZBZBf
2026-08-06,3249231385252010,Boozt.com,https://www.facebook.com/ads/archive/render_ad/?id=3249231385252008&access_token=EAATnrmoQyC4BRtlStZCpnUVOAiZAI7ia41GvW0Sam17UPHT0rfwpjZCnFZBVOUsAhLc76Al3mcLeT1xzOtMTgxR2aBJrWIwVIZCkzD8dXjjeybLndMrBmf41ds0ScfegvMr1mEGZC872hiUMZCbYSr8RUFZBZBB8vteMefp8vWepUjMJ342AkxzDv6JFgW7ZAMRsU1x8KlvZBZBf
2026-08-06,905871202593812,Rimi Eesti,https://www.facebook.com/ads/archive/render_ad/?id=905871202593812&access_token=EAATnrmoQyC4BRtlStZCpnUVOAiZAI7ia41GvW0Sam17UPHT0rfwpjZCnFZBVOUsAhLc76Al3mcLeT1xzOtMTgxR2aBJrWIwVIZCkzD8dXjjeybLndMrBmf41ds0ScfegvMr1mEGZC872hiUMZCbYSr8RUFZBZBB8vteMefp8vWepUjMJ342AkxzDv6JFgW7ZAMRsU1x8KlvZBZBf
2026-08-06,2178835272663160,Weekend.ee,https://www.facebook.com/ads/archive/render_ad/?id=2178835272663155&access_token=EAATnrmoQyC4BRtlStZCpnUVOAiZAI7ia41GvW0Sam17UPHT0rfwpjZCnFZBVOUsAhLc76Al3mcLeT1xzOtMTgxR2aBJrWIwVIZCkzD8dXjjeybLndMrBmf41ds0ScfegvMr1mEGZC872hiUMZCbYSr8RUFZBZBB8vteMefp8vWepUjMJ342AkxzDv6JFgW7ZAMRsU1x8KlvZBZBf
2026-08-05,4385421015057210,BSTN Store,https://www.facebook.com/ads/archive/render_ad/?id=4385421015057208&access_token=EAATnrmoQyC4BRtlStZCpnUVOAiZAI7ia41GvW0Sam17UPHT0rfwpjZCnFZBVOUsAhLc76Al3mcLeT1xzOtMTgxR2aBJrWIwVIZCkzD8dXjjeybLndMrBmf41ds0ScfegvMr1mEGZC872hiUMZCbYSr8RUFZBZBB8vteMefp8vWepUjMJ342AkxzDv6JFgW7ZAMRsU1x8KlvZBZBf
2026-08-05,2260018251488680,Endover Kinnisvara,https://www.facebook.com/ads/archive/render_ad/?id=2260018251488683&access_token=EAATnrmoQyC4BRtlStZCpnUVOAiZAI7ia41GvW0Sam17UPHT0rfwpjZCnFZBVOUsAhLc76Al3mcLeT1xzOtMTgxR2aBJrWIwVIZCkzD8dXjjeybLndMrBmf41ds0ScfegvMr1mEGZC872hiUMZCbYSr8RUFZBZBB8vteMefp8vWepUjMJ342AkxzDv6JFgW7ZAMRsU1x8KlvZBZBf
2026-08-05,1519812206494970,Prisma Peremarketid,https://www.facebook.com/ads/archive/render_ad/?id=1519812206494965&access_token=EAATnrmoQyC4BRtlStZCpnUVOAiZAI7ia41GvW0Sam17UPHT0rfwpjZCnFZBVOUsAhLc76Al3mcLeT1xzOtMTgxR2aBJrWIwVIZCkzD8dXjjeybLndMrBmf41ds0ScfegvMr1mEGZC872hiUMZCbYSr8RUFZBZBB8vteMefp8vWepUjMJ342AkxzDv6JFgW7ZAMRsU1x8KlvZBZBf
2026-08-05,1372453245019210,reterra,https://www.facebook.com/ads/archive/render_ad/?id=1372453245019209&access_token=EAATnrmoQyC4BRtlStZCpnUVOAiZAI7ia41GvW0Sam17UPHT0rfwpjZCnFZBVOUsAhLc76Al3mcLeT1xzOtMTgxR2aBJrWIwVIZCkzD8dXjjeybLndMrBmf41ds0ScfegvMr1mEGZC872hiUMZCbYSr8RUFZBZBB8vteMefp8vWepUjMJ342AkxzDv6JFgW7ZAMRsU1x8KlvZBZBf
2026-08-05,3319541334886480,Boozt.com,https://www.facebook.com/ads/archive/render_ad/?id=3319541334886479&access_token=EAATnrmoQyC4BRtlStZCpnUVOAiZAI7ia41GvW0Sam17UPHT0rfwpjZCnFZBVOUsAhLc76Al3mcLeT1xzOtMTgxR2aBJrWIwVIZCkzD8dXjjeybLndMrBmf41ds0ScfegvMr1mEGZC872hiUMZCbYSr8RUFZBZBB8vteMefp8vWepUjMJ342AkxzDv6JFgW7ZAMRsU1x8KlvZBZBf
2026-08-05,1402465105090830,reterra,https://www.facebook.com/ads/archive/render_ad/?id=1402465105090833&access_token=EAATnrmoQyC4BRtlStZCpnUVOAiZAI7ia41GvW0Sam17UPHT0rfwpjZCnFZBVOUsAhLc76Al3mcLeT1xzOtMTgxR2aBJrWIwVIZCkzD8dXjjeybLndMrBmf41ds0ScfegvMr1mEGZC872hiUMZCbYSr8RUFZBZBB8vteMefp8vWepUjMJ342AkxzDv6JFgW7ZAMRsU1x8KlvZBZBf
2026-08-05,1032551589528970,Endover Kinnisvara,https://www.facebook.com/ads/archive/render_ad/?id=1032551589528971&access_token=EAATnrmoQyC4BRtlStZCpnUVOAiZAI7ia41GvW0Sam17UPHT0rfwpjZCnFZBVOUsAhLc76Al3mcLeT1xzOtMTgxR2aBJrWIwVIZCkzD8dXjjeybLndMrBmf41ds0ScfegvMr1mEGZC872hiUMZCbYSr8RUFZBZBB8vteMefp8vWepUjMJ342AkxzDv6JFgW7ZAMRsU1x8KlvZBZBf
2026-08-05,1395194866126200,Boozt.com,https://www.facebook.com/ads/archive/render_ad/?id=1395194866126195&access_token=EAATnrmoQyC4BRtlStZCpnUVOAiZAI7ia41GvW0Sam17UPHT0rfwpjZCnFZBVOUsAhLc76Al3mcLeT1xzOtMTgxR2aBJrWIwVIZCkzD8dXjjeybLndMrBmf41ds0ScfegvMr1mEGZC872hiUMZCbYSr8RUFZBZBB8vteMefp8vWepUjMJ342AkxzDv6JFgW7ZAMRsU1x8KlvZBZBf
2026-08-05,2116789716380970,Endover Kinnisvara,https://www.facebook.com/ads/archive/render_ad/?id=2116789716380971&access_token=EAATnrmoQyC4BRtlStZCpnUVOAiZAI7ia41GvW0Sam17UPHT0rfwpjZCnFZBVOUsAhLc76Al3mcLeT1xzOtMTgxR2aBJrWIwVIZCkzD8dXjjeybLndMrBmf41ds0ScfegvMr1mEGZC872hiUMZCbYSr8RUFZBZBB8vteMefp8vWepUjMJ342AkxzDv6JFgW7ZAMRsU1x8KlvZBZBf
2026-08-05,998806193161306,Luminor Eesti,https://www.facebook.com/ads/archive/render_ad/?id=998806193161306&access_token=EAATnrmoQyC4BRtlStZCpnUVOAiZAI7ia41GvW0Sam17UPHT0rfwpjZCnFZBVOUsAhLc76Al3mcLeT1xzOtMTgxR2aBJrWIwVIZCkzD8dXjjeybLndMrBmf41ds0ScfegvMr1mEGZC872hiUMZCbYSr8RUFZBZBB8vteMefp8vWepUjMJ342AkxzDv6JFgW7ZAMRsU1x8KlvZBZBf
2026-08-05,932522702443633,Sportland Latvija,https://www.facebook.com/ads/archive/render_ad/?id=932522702443633&access_token=EAATnrmoQyC4BRtlStZCpnUVOAiZAI7ia41GvW0Sam17UPHT0rfwpjZCnFZBVOUsAhLc76Al3mcLeT1xzOtMTgxR2aBJrWIwVIZCkzD8dXjjeybLndMrBmf41ds0ScfegvMr1mEGZC872hiUMZCbYSr8RUFZBZBB8vteMefp8vWepUjMJ342AkxzDv6JFgW7ZAMRsU1x8KlvZBZBf
2026-08-05,2008558849790210,SELVER,https://www.facebook.com/ads/archive/render_ad/?id=2008558849790213&access_token=EAATnrmoQyC4BRtlStZCpnUVOAiZAI7ia41GvW0Sam17UPHT0rfwpjZCnFZBVOUsAhLc76Al3mcLeT1xzOtMTgxR2aBJrWIwVIZCkzD8dXjjeybLndMrBmf41ds0ScfegvMr1mEGZC872hiUMZCbYSr8RUFZBZBB8vteMefp8vWepUjMJ342AkxzDv6JFgW7ZAMRsU1x8KlvZBZBf
2026-08-05,1617292319822980,Boozt.com,https://www.facebook.com/ads/archive/render_ad/?id=1617292319822977&access_token=EAATnrmoQyC4BRtlStZCpnUVOAiZAI7ia41GvW0Sam17UPHT0rfwpjZCnFZBVOUsAhLc76Al3mcLeT1xzOtMTgxR2aBJrWIwVIZCkzD8dXjjeybLndMrBmf41ds0ScfegvMr1mEGZC872hiUMZCbYSr8RUFZBZBB8vteMefp8vWepUjMJ342AkxzDv6JFgW7ZAMRsU1x8KlvZBZBf
2026-08-05,1945486009474130,reterra,https://www.facebook.com/ads/archive/render_ad/?id=1945486009474129&access_token=EAATnrmoQyC4BRtlStZCpnUVOAiZAI7ia41GvW0Sam17UPHT0rfwpjZCnFZBVOUsAhLc76Al3mcLeT1xzOtMTgxR2aBJrWIwVIZCkzD8dXjjeybLndMrBmf41ds0ScfegvMr1mEGZC872hiUMZCbYSr8RUFZBZBB8vteMefp8vWepUjMJ342AkxzDv6JFgW7ZAMRsU1x8KlvZBZBf
2026-08-05,1046228838051050,reterra,https://www.facebook.com/ads/archive/render_ad/?id=1046228838051045&access_token=EAATnrmoQyC4BRtlStZCpnUVOAiZAI7ia41GvW0Sam17UPHT0rfwpjZCnFZBVOUsAhLc76Al3mcLeT1xzOtMTgxR2aBJrWIwVIZCkzD8dXjjeybLndMrBmf41ds0ScfegvMr1mEGZC872hiUMZCbYSr8RUFZBZBB8vteMefp8vWepUjMJ342AkxzDv6JFgW7ZAMRsU1x8KlvZBZBf
2026-08-05,1854357719304500,Rimi Eesti,https://www.facebook.com/ads/archive/render_ad/?id=1854357719304498&access_token=EAATnrmoQyC4BRtlStZCpnUVOAiZAI7ia41GvW0Sam17UPHT0rfwpjZCnFZBVOUsAhLc76Al3mcLeT1xzOtMTgxR2aBJrWIwVIZCkzD8dXjjeybLndMrBmf41ds0ScfegvMr1mEGZC872hiUMZCbYSr8RUFZBZBB8vteMefp8vWepUjMJ342AkxzDv6JFgW7ZAMRsU1x8KlvZBZBf
2026-08-05,923954903373829,Endover Kinnisvara,https://www.facebook.com/ads/archive/render_ad/?id=923954903373829&access_token=EAATnrmoQyC4BRtlStZCpnUVOAiZAI7ia41GvW0Sam17UPHT0rfwpjZCnFZBVOUsAhLc76Al3mcLeT1xzOtMTgxR2aBJrWIwVIZCkzD8dXjjeybLndMrBmf41ds0ScfegvMr1mEGZC872hiUMZCbYSr8RUFZBZBB8vteMefp8vWepUjMJ342AkxzDv6JFgW7ZAMRsU1x8KlvZBZBf
2026-08-05,1526762858658150,reterra,https://www.facebook.com/ads/archive/render_ad/?id=1526762858658150&access_token=EAATnrmoQyC4BRtlStZCpnUVOAiZAI7ia41GvW0Sam17UPHT0rfwpjZCnFZBVOUsAhLc76Al3mcLeT1xzOtMTgxR2aBJrWIwVIZCkzD8dXjjeybLndMrBmf41ds0ScfegvMr1mEGZC872hiUMZCbYSr8RUFZBZBB8vteMefp8vWepUjMJ342AkxzDv6JFgW7ZAMRsU1x8KlvZBZBf
2026-08-05,2000549924681560,Boozt.com,https://www.facebook.com/ads/archive/render_ad/?id=2000549924681555&access_token=EAATnrmoQyC4BRtlStZCpnUVOAiZAI7ia41GvW0Sam17UPHT0rfwpjZCnFZBVOUsAhLc76Al3mcLeT1xzOtMTgxR2aBJrWIwVIZCkzD8dXjjeybLndMrBmf41ds0ScfegvMr1mEGZC872hiUMZCbYSr8RUFZBZBB8vteMefp8vWepUjMJ342AkxzDv6JFgW7ZAMRsU1x8KlvZBZBf
2026-08-05,2335247447007930,Boozt.com,https://www.facebook.com/ads/archive/render_ad/?id=2335247447007932&access_token=EAATnrmoQyC4BRtlStZCpnUVOAiZAI7ia41GvW0Sam17UPHT0rfwpjZCnFZBVOUsAhLc76Al3mcLeT1xzOtMTgxR2aBJrWIwVIZCkzD8dXjjeybLndMrBmf41ds0ScfegvMr1mEGZC872hiUMZCbYSr8RUFZBZBB8vteMefp8vWepUjMJ342AkxzDv6JFgW7ZAMRsU1x8KlvZBZBf
2026-08-05,3599571000208860,Boozt.com,https://www.facebook.com/ads/archive/render_ad/?id=3599571000208859&access_token=EAATnrmoQyC4BRtlStZCpnUVOAiZAI7ia41GvW0Sam17UPHT0rfwpjZCnFZBVOUsAhLc76Al3mcLeT1xzOtMTgxR2aBJrWIwVIZCkzD8dXjjeybLndMrBmf41ds0ScfegvMr1mEGZC872hiUMZCbYSr8RUFZBZBB8vteMefp8vWepUjMJ342AkxzDv6JFgW7ZAMRsU1x8KlvZBZBf
2026-08-05,1034457142775090,Boozt.com,https://www.facebook.com/ads/archive/render_ad/?id=1034457142775089&access_token=EAATnrmoQyC4BRtlStZCpnUVOAiZAI7ia41GvW0Sam17UPHT0rfwpjZCnFZBVOUsAhLc76Al3mcLeT1xzOtMTgxR2aBJrWIwVIZCkzD8dXjjeybLndMrBmf41ds0ScfegvMr1mEGZC872hiUMZCbYSr8RUFZBZBB8vteMefp8vWepUjMJ342AkxzDv6JFgW7ZAMRsU1x8KlvZBZBf
2026-08-05,4647989442090720,Boozt.com,https://www.facebook.com/ads/archive/render_ad/?id=4647989442090721&access_token=EAATnrmoQyC4BRtlStZCpnUVOAiZAI7ia41GvW0Sam17UPHT0rfwpjZCnFZBVOUsAhLc76Al3mcLeT1xzOtMTgxR2aBJrWIwVIZCkzD8dXjjeybLndMrBmf41ds0ScfegvMr1mEGZC872hiUMZCbYSr8RUFZBZBB8vteMefp8vWepUjMJ342AkxzDv6JFgW7ZAMRsU1x8KlvZBZBf
2026-08-05,2514184849055670,Lidl Eesti,https://www.facebook.com/ads/archive/render_ad/?id=2514184849055670&access_token=EAATnrmoQyC4BRtlStZCpnUVOAiZAI7ia41GvW0Sam17UPHT0rfwpjZCnFZBVOUsAhLc76Al3mcLeT1xzOtMTgxR2aBJrWIwVIZCkzD8dXjjeybLndMrBmf41ds0ScfegvMr1mEGZC872hiUMZCbYSr8RUFZBZBB8vteMefp8vWepUjMJ342AkxzDv6JFgW7ZAMRsU1x8KlvZBZBf
2026-08-05,1970693366757190,Join Up Eesti,https://www.facebook.com/ads/archive/render_ad/?id=1970693366757192&access_token=EAATnrmoQyC4BRtlStZCpnUVOAiZAI7ia41GvW0Sam17UPHT0rfwpjZCnFZBVOUsAhLc76Al3mcLeT1xzOtMTgxR2aBJrWIwVIZCkzD8dXjjeybLndMrBmf41ds0ScfegvMr1mEGZC872hiUMZCbYSr8RUFZBZBB8vteMefp8vWepUjMJ342AkxzDv6JFgW7ZAMRsU1x8KlvZBZBf
2026-08-05,1074161088432130,Join Up Eesti,https://www.facebook.com/ads/archive/render_ad/?id=1074161088432134&access_token=EAATnrmoQyC4BRtlStZCpnUVOAiZAI7ia41GvW0Sam17UPHT0rfwpjZCnFZBVOUsAhLc76Al3mcLeT1xzOtMTgxR2aBJrWIwVIZCkzD8dXjjeybLndMrBmf41ds0ScfegvMr1mEGZC872hiUMZCbYSr8RUFZBZBB8vteMefp8vWepUjMJ342AkxzDv6JFgW7ZAMRsU1x8KlvZBZBf
2026-08-05,1893037165434180,Lidl Eesti,https://www.facebook.com/ads/archive/render_ad/?id=1893037165434180&access_token=EAATnrmoQyC4BRtlStZCpnUVOAiZAI7ia41GvW0Sam17UPHT0rfwpjZCnFZBVOUsAhLc76Al3mcLeT1xzOtMTgxR2aBJrWIwVIZCkzD8dXjjeybLndMrBmf41ds0ScfegvMr1mEGZC872hiUMZCbYSr8RUFZBZBB8vteMefp8vWepUjMJ342AkxzDv6JFgW7ZAMRsU1x8KlvZBZBf
2026-08-05,918838067293836,Join Up Latvija,https://www.facebook.com/ads/archive/render_ad/?id=918838067293836&access_token=EAATnrmoQyC4BRtlStZCpnUVOAiZAI7ia41GvW0Sam17UPHT0rfwpjZCnFZBVOUsAhLc76Al3mcLeT1xzOtMTgxR2aBJrWIwVIZCkzD8dXjjeybLndMrBmf41ds0ScfegvMr1mEGZC872hiUMZCbYSr8RUFZBZBB8vteMefp8vWepUjMJ342AkxzDv6JFgW7ZAMRsU1x8KlvZBZBf
2026-08-05,1365154485026060,ERGO,https://www.facebook.com/ads/archive/render_ad/?id=1365154485026055&access_token=EAATnrmoQyC4BRtlStZCpnUVOAiZAI7ia41GvW0Sam17UPHT0rfwpjZCnFZBVOUsAhLc76Al3mcLeT1xzOtMTgxR2aBJrWIwVIZCkzD8dXjjeybLndMrBmf41ds0ScfegvMr1mEGZC872hiUMZCbYSr8RUFZBZBB8vteMefp8vWepUjMJ342AkxzDv6JFgW7ZAMRsU1x8KlvZBZBf
2026-08-05,1306876541518860,Boozt.com,https://www.facebook.com/ads/archive/render_ad/?id=1306876541518857&access_token=EAATnrmoQyC4BRtlStZCpnUVOAiZAI7ia41GvW0Sam17UPHT0rfwpjZCnFZBVOUsAhLc76Al3mcLeT1xzOtMTgxR2aBJrWIwVIZCkzD8dXjjeybLndMrBmf41ds0ScfegvMr1mEGZC872hiUMZCbYSr8RUFZBZBB8vteMefp8vWepUjMJ342AkxzDv6JFgW7ZAMRsU1x8KlvZBZBf
2026-08-05,2213265039452800,Lidl Eesti,https://www.facebook.com/ads/archive/render_ad/?id=2213265039452803&access_token=EAATnrmoQyC4BRtlStZCpnUVOAiZAI7ia41GvW0Sam17UPHT0rfwpjZCnFZBVOUsAhLc76Al3mcLeT1xzOtMTgxR2aBJrWIwVIZCkzD8dXjjeybLndMrBmf41ds0ScfegvMr1mEGZC872hiUMZCbYSr8RUFZBZBB8vteMefp8vWepUjMJ342AkxzDv6JFgW7ZAMRsU1x8KlvZBZBf
2026-08-05,1600390948362960,Boozt.com,https://www.facebook.com/ads/archive/render_ad/?id=1600390948362959&access_token=EAATnrmoQyC4BRtlStZCpnUVOAiZAI7ia41GvW0Sam17UPHT0rfwpjZCnFZBVOUsAhLc76Al3mcLeT1xzOtMTgxR2aBJrWIwVIZCkzD8dXjjeybLndMrBmf41ds0ScfegvMr1mEGZC872hiUMZCbYSr8RUFZBZBB8vteMefp8vWepUjMJ342AkxzDv6JFgW7ZAMRsU1x8KlvZBZBf
2026-08-05,1949630822369430,Boozt.com,https://www.facebook.com/ads/archive/render_ad/?id=1949630822369433&access_token=EAATnrmoQyC4BRtlStZCpnUVOAiZAI7ia41GvW0Sam17UPHT0rfwpjZCnFZBVOUsAhLc76Al3mcLeT1xzOtMTgxR2aBJrWIwVIZCkzD8dXjjeybLndMrBmf41ds0ScfegvMr1mEGZC872hiUMZCbYSr8RUFZBZBB8vteMefp8vWepUjMJ342AkxzDv6JFgW7ZAMRsU1x8KlvZBZBf
2026-08-05,2089197708658090,Boozt.com,https://www.facebook.com/ads/archive/render_ad/?id=2089197708658093&access_token=EAATnrmoQyC4BRtlStZCpnUVOAiZAI7ia41GvW0Sam17UPHT0rfwpjZCnFZBVOUsAhLc76Al3mcLeT1xzOtMTgxR2aBJrWIwVIZCkzD8dXjjeybLndMrBmf41ds0ScfegvMr1mEGZC872hiUMZCbYSr8RUFZBZBB8vteMefp8vWepUjMJ342AkxzDv6JFgW7ZAMRsU1x8KlvZBZBf
2026-08-05,1569022044684370,Boozt.com,https://www.facebook.com/ads/archive/render_ad/?id=1569022044684373&access_token=EAATnrmoQyC4BRtlStZCpnUVOAiZAI7ia41GvW0Sam17UPHT0rfwpjZCnFZBVOUsAhLc76Al3mcLeT1xzOtMTgxR2aBJrWIwVIZCkzD8dXjjeybLndMrBmf41ds0ScfegvMr1mEGZC872hiUMZCbYSr8RUFZBZBB8vteMefp8vWepUjMJ342AkxzDv6JFgW7ZAMRsU1x8KlvZBZBf
2026-08-05,890261843736855,Boozt.com,https://www.facebook.com/ads/archive/render_ad/?id=890261843736855&access_token=EAATnrmoQyC4BRtlStZCpnUVOAiZAI7ia41GvW0Sam17UPHT0rfwpjZCnFZBVOUsAhLc76Al3mcLeT1xzOtMTgxR2aBJrWIwVIZCkzD8dXjjeybLndMrBmf41ds0ScfegvMr1mEGZC872hiUMZCbYSr8RUFZBZBB8vteMefp8vWepUjMJ342AkxzDv6JFgW7ZAMRsU1x8KlvZBZBf
2026-08-05,1058176723569380,Boozt.com,https://www.facebook.com/ads/archive/render_ad/?id=1058176723569380&access_token=EAATnrmoQyC4BRtlStZCpnUVOAiZAI7ia41GvW0Sam17UPHT0rfwpjZCnFZBVOUsAhLc76Al3mcLeT1xzOtMTgxR2aBJrWIwVIZCkzD8dXjjeybLndMrBmf41ds0ScfegvMr1mEGZC872hiUMZCbYSr8RUFZBZBB8vteMefp8vWepUjMJ342AkxzDv6JFgW7ZAMRsU1x8KlvZBZBf
2026-08-05,3507372166097450,ANEX Tour Eesti,https://www.facebook.com/ads/archive/render_ad/?id=3507372166097452&access_token=EAATnrmoQyC4BRtlStZCpnUVOAiZAI7ia41GvW0Sam17UPHT0rfwpjZCnFZBVOUsAhLc76Al3mcLeT1xzOtMTgxR2aBJrWIwVIZCkzD8dXjjeybLndMrBmf41ds0ScfegvMr1mEGZC872hiUMZCbYSr8RUFZBZBB8vteMefp8vWepUjMJ342AkxzDv6JFgW7ZAMRsU1x8KlvZBZBf
2026-08-05,882445187928735,Boozt.com,https://www.facebook.com/ads/archive/render_ad/?id=882445187928735&access_token=EAATnrmoQyC4BRtlStZCpnUVOAiZAI7ia41GvW0Sam17UPHT0rfwpjZCnFZBVOUsAhLc76Al3mcLeT1xzOtMTgxR2aBJrWIwVIZCkzD8dXjjeybLndMrBmf41ds0ScfegvMr1mEGZC872hiUMZCbYSr8RUFZBZBB8vteMefp8vWepUjMJ342AkxzDv6JFgW7ZAMRsU1x8KlvZBZBf
2026-08-05,1552690879927650,Boozt.com,https://www.facebook.com/ads/archive/render_ad/?id=1552690879927651&access_token=EAATnrmoQyC4BRtlStZCpnUVOAiZAI7ia41GvW0Sam17UPHT0rfwpjZCnFZBVOUsAhLc76Al3mcLeT1xzOtMTgxR2aBJrWIwVIZCkzD8dXjjeybLndMrBmf41ds0ScfegvMr1mEGZC872hiUMZCbYSr8RUFZBZBB8vteMefp8vWepUjMJ342AkxzDv6JFgW7ZAMRsU1x8KlvZBZBf
2026-08-05,1070835655887860,Join Up Latvija,https://www.facebook.com/ads/archive/render_ad/?id=1070835655887860&access_token=EAATnrmoQyC4BRtlStZCpnUVOAiZAI7ia41GvW0Sam17UPHT0rfwpjZCnFZBVOUsAhLc76Al3mcLeT1xzOtMTgxR2aBJrWIwVIZCkzD8dXjjeybLndMrBmf41ds0ScfegvMr1mEGZC872hiUMZCbYSr8RUFZBZBB8vteMefp8vWepUjMJ342AkxzDv6JFgW7ZAMRsU1x8KlvZBZBf
2026-08-05,888428847287679,Lidl Eesti,https://www.facebook.com/ads/archive/render_ad/?id=888428847287679&access_token=EAATnrmoQyC4BRtlStZCpnUVOAiZAI7ia41GvW0Sam17UPHT0rfwpjZCnFZBVOUsAhLc76Al3mcLeT1xzOtMTgxR2aBJrWIwVIZCkzD8dXjjeybLndMrBmf41ds0ScfegvMr1mEGZC872hiUMZCbYSr8RUFZBZBB8vteMefp8vWepUjMJ342AkxzDv6JFgW7ZAMRsU1x8KlvZBZBf
2026-08-05,1265550635579670,reterra,https://www.facebook.com/ads/archive/render_ad/?id=1265550635579672&access_token=EAATnrmoQyC4BRtlStZCpnUVOAiZAI7ia41GvW0Sam17UPHT0rfwpjZCnFZBVOUsAhLc76Al3mcLeT1xzOtMTgxR2aBJrWIwVIZCkzD8dXjjeybLndMrBmf41ds0ScfegvMr1mEGZC872hiUMZCbYSr8RUFZBZBB8vteMefp8vWepUjMJ342AkxzDv6JFgW7ZAMRsU1x8KlvZBZBf
2026-08-05,926041597195628,Boozt.com,https://www.facebook.com/ads/archive/render_ad/?id=926041597195628&access_token=EAATnrmoQyC4BRtlStZCpnUVOAiZAI7ia41GvW0Sam17UPHT0rfwpjZCnFZBVOUsAhLc76Al3mcLeT1xzOtMTgxR2aBJrWIwVIZCkzD8dXjjeybLndMrBmf41ds0ScfegvMr1mEGZC872hiUMZCbYSr8RUFZBZBB8vteMefp8vWepUjMJ342AkxzDv6JFgW7ZAMRsU1x8KlvZBZBf
2026-08-05,811993115269672,Boozt.com,https://www.facebook.com/ads/archive/render_ad/?id=811993115269672&access_token=EAATnrmoQyC4BRtlStZCpnUVOAiZAI7ia41GvW0Sam17UPHT0rfwpjZCnFZBVOUsAhLc76Al3mcLeT1xzOtMTgxR2aBJrWIwVIZCkzD8dXjjeybLndMrBmf41ds0ScfegvMr1mEGZC872hiUMZCbYSr8RUFZBZBB8vteMefp8vWepUjMJ342AkxzDv6JFgW7ZAMRsU1x8KlvZBZBf
2026-08-05,1629550718590450,reterra,https://www.facebook.com/ads/archive/render_ad/?id=1629550718590451&access_token=EAATnrmoQyC4BRtlStZCpnUVOAiZAI7ia41GvW0Sam17UPHT0rfwpjZCnFZBVOUsAhLc76Al3mcLeT1xzOtMTgxR2aBJrWIwVIZCkzD8dXjjeybLndMrBmf41ds0ScfegvMr1mEGZC872hiUMZCbYSr8RUFZBZBB8vteMefp8vWepUjMJ342AkxzDv6JFgW7ZAMRsU1x8KlvZBZBf
2026-08-05,1072142135180820,SELVER,https://www.facebook.com/ads/archive/render_ad/?id=1072142135180817&access_token=EAATnrmoQyC4BRtlStZCpnUVOAiZAI7ia41GvW0Sam17UPHT0rfwpjZCnFZBVOUsAhLc76Al3mcLeT1xzOtMTgxR2aBJrWIwVIZCkzD8dXjjeybLndMrBmf41ds0ScfegvMr1mEGZC872hiUMZCbYSr8RUFZBZBB8vteMefp8vWepUjMJ342AkxzDv6JFgW7ZAMRsU1x8KlvZBZBf
2026-08-05,1593359929040720,Lidl Eesti,https://www.facebook.com/ads/archive/render_ad/?id=1593359929040721&access_token=EAATnrmoQyC4BRtlStZCpnUVOAiZAI7ia41GvW0Sam17UPHT0rfwpjZCnFZBVOUsAhLc76Al3mcLeT1xzOtMTgxR2aBJrWIwVIZCkzD8dXjjeybLndMrBmf41ds0ScfegvMr1mEGZC872hiUMZCbYSr8RUFZBZBB8vteMefp8vWepUjMJ342AkxzDv6JFgW7ZAMRsU1x8KlvZBZBf
2026-08-05,2081940915739130,SELVER,https://www.facebook.com/ads/archive/render_ad/?id=2081940915739127&access_token=EAATnrmoQyC4BRtlStZCpnUVOAiZAI7ia41GvW0Sam17UPHT0rfwpjZCnFZBVOUsAhLc76Al3mcLeT1xzOtMTgxR2aBJrWIwVIZCkzD8dXjjeybLndMrBmf41ds0ScfegvMr1mEGZC872hiUMZCbYSr8RUFZBZBB8vteMefp8vWepUjMJ342AkxzDv6JFgW7ZAMRsU1x8KlvZBZBf
2026-08-05,1583618540041740,Boozt.com,https://www.facebook.com/ads/archive/render_ad/?id=1583618540041738&access_token=EAATnrmoQyC4BRtlStZCpnUVOAiZAI7ia41GvW0Sam17UPHT0rfwpjZCnFZBVOUsAhLc76Al3mcLeT1xzOtMTgxR2aBJrWIwVIZCkzD8dXjjeybLndMrBmf41ds0ScfegvMr1mEGZC872hiUMZCbYSr8RUFZBZBB8vteMefp8vWepUjMJ342AkxzDv6JFgW7ZAMRsU1x8KlvZBZBf
2026-08-05,1419865303526110,Luminor Eesti,https://www.facebook.com/ads/archive/render_ad/?id=1419865303526107&access_token=EAATnrmoQyC4BRtlStZCpnUVOAiZAI7ia41GvW0Sam17UPHT0rfwpjZCnFZBVOUsAhLc76Al3mcLeT1xzOtMTgxR2aBJrWIwVIZCkzD8dXjjeybLndMrBmf41ds0ScfegvMr1mEGZC872hiUMZCbYSr8RUFZBZBB8vteMefp8vWepUjMJ342AkxzDv6JFgW7ZAMRsU1x8KlvZBZBf
2026-08-05,1394696185892830,reterra,https://www.facebook.com/ads/archive/render_ad/?id=1394696185892825&access_token=EAATnrmoQyC4BRtlStZCpnUVOAiZAI7ia41GvW0Sam17UPHT0rfwpjZCnFZBVOUsAhLc76Al3mcLeT1xzOtMTgxR2aBJrWIwVIZCkzD8dXjjeybLndMrBmf41ds0ScfegvMr1mEGZC872hiUMZCbYSr8RUFZBZBB8vteMefp8vWepUjMJ342AkxzDv6JFgW7ZAMRsU1x8KlvZBZBf
2026-08-05,3045139535682540,Boozt.com,https://www.facebook.com/ads/archive/render_ad/?id=3045139535682543&access_token=EAATnrmoQyC4BRtlStZCpnUVOAiZAI7ia41GvW0Sam17UPHT0rfwpjZCnFZBVOUsAhLc76Al3mcLeT1xzOtMTgxR2aBJrWIwVIZCkzD8dXjjeybLndMrBmf41ds0ScfegvMr1mEGZC872hiUMZCbYSr8RUFZBZBB8vteMefp8vWepUjMJ342AkxzDv6JFgW7ZAMRsU1x8KlvZBZBf
2026-08-05,2175247043019050,Join Up Lietuva,https://www.facebook.com/ads/archive/render_ad/?id=2175247043019047&access_token=EAATnrmoQyC4BRtlStZCpnUVOAiZAI7ia41GvW0Sam17UPHT0rfwpjZCnFZBVOUsAhLc76Al3mcLeT1xzOtMTgxR2aBJrWIwVIZCkzD8dXjjeybLndMrBmf41ds0ScfegvMr1mEGZC872hiUMZCbYSr8RUFZBZBB8vteMefp8vWepUjMJ342AkxzDv6JFgW7ZAMRsU1x8KlvZBZBf
2026-08-05,1550991860052970,Boozt.com,https://www.facebook.com/ads/archive/render_ad/?id=1550991860052965&access_token=EAATnrmoQyC4BRtlStZCpnUVOAiZAI7ia41GvW0Sam17UPHT0rfwpjZCnFZBVOUsAhLc76Al3mcLeT1xzOtMTgxR2aBJrWIwVIZCkzD8dXjjeybLndMrBmf41ds0ScfegvMr1mEGZC872hiUMZCbYSr8RUFZBZBB8vteMefp8vWepUjMJ342AkxzDv6JFgW7ZAMRsU1x8KlvZBZBf
2026-08-05,1401607191853440,Elektrum Eesti,https://www.facebook.com/ads/archive/render_ad/?id=1401607191853440&access_token=EAATnrmoQyC4BRtlStZCpnUVOAiZAI7ia41GvW0Sam17UPHT0rfwpjZCnFZBVOUsAhLc76Al3mcLeT1xzOtMTgxR2aBJrWIwVIZCkzD8dXjjeybLndMrBmf41ds0ScfegvMr1mEGZC872hiUMZCbYSr8RUFZBZBB8vteMefp8vWepUjMJ342AkxzDv6JFgW7ZAMRsU1x8KlvZBZBf
2026-08-05,1109645731387410,reterra,https://www.facebook.com/ads/archive/render_ad/?id=1109645731387410&access_token=EAATnrmoQyC4BRtlStZCpnUVOAiZAI7ia41GvW0Sam17UPHT0rfwpjZCnFZBVOUsAhLc76Al3mcLeT1xzOtMTgxR2aBJrWIwVIZCkzD8dXjjeybLndMrBmf41ds0ScfegvMr1mEGZC872hiUMZCbYSr8RUFZBZBB8vteMefp8vWepUjMJ342AkxzDv6JFgW7ZAMRsU1x8KlvZBZBf
2026-08-05,1787493465780100,Elektrum Eesti,https://www.facebook.com/ads/archive/render_ad/?id=1787493465780096&access_token=EAATnrmoQyC4BRtlStZCpnUVOAiZAI7ia41GvW0Sam17UPHT0rfwpjZCnFZBVOUsAhLc76Al3mcLeT1xzOtMTgxR2aBJrWIwVIZCkzD8dXjjeybLndMrBmf41ds0ScfegvMr1mEGZC872hiUMZCbYSr8RUFZBZBB8vteMefp8vWepUjMJ342AkxzDv6JFgW7ZAMRsU1x8KlvZBZBf
2026-08-05,2465846300604060,Boozt.com,https://www.facebook.com/ads/archive/render_ad/?id=2465846300604060&access_token=EAATnrmoQyC4BRtlStZCpnUVOAiZAI7ia41GvW0Sam17UPHT0rfwpjZCnFZBVOUsAhLc76Al3mcLeT1xzOtMTgxR2aBJrWIwVIZCkzD8dXjjeybLndMrBmf41ds0ScfegvMr1mEGZC872hiUMZCbYSr8RUFZBZBB8vteMefp8vWepUjMJ342AkxzDv6JFgW7ZAMRsU1x8KlvZBZBf
2026-08-05,2485879058544780,Boozt.com,https://www.facebook.com/ads/archive/render_ad/?id=2485879058544779&access_token=EAATnrmoQyC4BRtlStZCpnUVOAiZAI7ia41GvW0Sam17UPHT0rfwpjZCnFZBVOUsAhLc76Al3mcLeT1xzOtMTgxR2aBJrWIwVIZCkzD8dXjjeybLndMrBmf41ds0ScfegvMr1mEGZC872hiUMZCbYSr8RUFZBZBB8vteMefp8vWepUjMJ342AkxzDv6JFgW7ZAMRsU1x8KlvZBZBf
2026-08-05,2352809632124520,Boozt.com,https://www.facebook.com/ads/archive/render_ad/?id=2352809632124515&access_token=EAATnrmoQyC4BRtlStZCpnUVOAiZAI7ia41GvW0Sam17UPHT0rfwpjZCnFZBVOUsAhLc76Al3mcLeT1xzOtMTgxR2aBJrWIwVIZCkzD8dXjjeybLndMrBmf41ds0ScfegvMr1mEGZC872hiUMZCbYSr8RUFZBZBB8vteMefp8vWepUjMJ342AkxzDv6JFgW7ZAMRsU1x8KlvZBZBf
2026-08-05,2226178674826780,Lidl Eesti,https://www.facebook.com/ads/archive/render_ad/?id=2226178674826784&access_token=EAATnrmoQyC4BRtlStZCpnUVOAiZAI7ia41GvW0Sam17UPHT0rfwpjZCnFZBVOUsAhLc76Al3mcLeT1xzOtMTgxR2aBJrWIwVIZCkzD8dXjjeybLndMrBmf41ds0ScfegvMr1mEGZC872hiUMZCbYSr8RUFZBZBB8vteMefp8vWepUjMJ342AkxzDv6JFgW7ZAMRsU1x8KlvZBZBf
2026-08-05,2269027340587230,Boozt.com,https://www.facebook.com/ads/archive/render_ad/?id=2269027340587228&access_token=EAATnrmoQyC4BRtlStZCpnUVOAiZAI7ia41GvW0Sam17UPHT0rfwpjZCnFZBVOUsAhLc76Al3mcLeT1xzOtMTgxR2aBJrWIwVIZCkzD8dXjjeybLndMrBmf41ds0ScfegvMr1mEGZC872hiUMZCbYSr8RUFZBZBB8vteMefp8vWepUjMJ342AkxzDv6JFgW7ZAMRsU1x8KlvZBZBf
2026-08-05,1826287365000970,JD Sports Lithuania,https://www.facebook.com/ads/archive/render_ad/?id=1826287365000969&access_token=EAATnrmoQyC4BRtlStZCpnUVOAiZAI7ia41GvW0Sam17UPHT0rfwpjZCnFZBVOUsAhLc76Al3mcLeT1xzOtMTgxR2aBJrWIwVIZCkzD8dXjjeybLndMrBmf41ds0ScfegvMr1mEGZC872hiUMZCbYSr8RUFZBZBB8vteMefp8vWepUjMJ342AkxzDv6JFgW7ZAMRsU1x8KlvZBZBf
2026-08-05,2023322731645910,Lidl Eesti,https://www.facebook.com/ads/archive/render_ad/?id=2023322731645906&access_token=EAATnrmoQyC4BRtlStZCpnUVOAiZAI7ia41GvW0Sam17UPHT0rfwpjZCnFZBVOUsAhLc76Al3mcLeT1xzOtMTgxR2aBJrWIwVIZCkzD8dXjjeybLndMrBmf41ds0ScfegvMr1mEGZC872hiUMZCbYSr8RUFZBZBB8vteMefp8vWepUjMJ342AkxzDv6JFgW7ZAMRsU1x8KlvZBZBf
2026-08-05,2306869880053000,BSTN Store,https://www.facebook.com/ads/archive/render_ad/?id=2306869880053000&access_token=EAATnrmoQyC4BRtlStZCpnUVOAiZAI7ia41GvW0Sam17UPHT0rfwpjZCnFZBVOUsAhLc76Al3mcLeT1xzOtMTgxR2aBJrWIwVIZCkzD8dXjjeybLndMrBmf41ds0ScfegvMr1mEGZC872hiUMZCbYSr8RUFZBZBB8vteMefp8vWepUjMJ342AkxzDv6JFgW7ZAMRsU1x8KlvZBZBf
2026-08-05,1597290281932160,Endover Kinnisvara,https://www.facebook.com/ads/archive/render_ad/?id=1597290281932162&access_token=EAATnrmoQyC4BRtlStZCpnUVOAiZAI7ia41GvW0Sam17UPHT0rfwpjZCnFZBVOUsAhLc76Al3mcLeT1xzOtMTgxR2aBJrWIwVIZCkzD8dXjjeybLndMrBmf41ds0ScfegvMr1mEGZC872hiUMZCbYSr8RUFZBZBB8vteMefp8vWepUjMJ342AkxzDv6JFgW7ZAMRsU1x8KlvZBZBf
2026-08-05,1646479079753520,Boozt.com,https://www.facebook.com/ads/archive/render_ad/?id=1646479079753521&access_token=EAATnrmoQyC4BRtlStZCpnUVOAiZAI7ia41GvW0Sam17UPHT0rfwpjZCnFZBVOUsAhLc76Al3mcLeT1xzOtMTgxR2aBJrWIwVIZCkzD8dXjjeybLndMrBmf41ds0ScfegvMr1mEGZC872hiUMZCbYSr8RUFZBZBB8vteMefp8vWepUjMJ342AkxzDv6JFgW7ZAMRsU1x8KlvZBZBf
2026-08-05,1682031632897400,Endover Kinnisvara,https://www.facebook.com/ads/archive/render_ad/?id=1682031632897399&access_token=EAATnrmoQyC4BRtlStZCpnUVOAiZAI7ia41GvW0Sam17UPHT0rfwpjZCnFZBVOUsAhLc76Al3mcLeT1xzOtMTgxR2aBJrWIwVIZCkzD8dXjjeybLndMrBmf41ds0ScfegvMr1mEGZC872hiUMZCbYSr8RUFZBZBB8vteMefp8vWepUjMJ342AkxzDv6JFgW7ZAMRsU1x8KlvZBZBf
2026-08-05,4186639291468800,SELVER,https://www.facebook.com/ads/archive/render_ad/?id=4186639291468797&access_token=EAATnrmoQyC4BRtlStZCpnUVOAiZAI7ia41GvW0Sam17UPHT0rfwpjZCnFZBVOUsAhLc76Al3mcLeT1xzOtMTgxR2aBJrWIwVIZCkzD8dXjjeybLndMrBmf41ds0ScfegvMr1mEGZC872hiUMZCbYSr8RUFZBZBB8vteMefp8vWepUjMJ342AkxzDv6JFgW7ZAMRsU1x8KlvZBZBf
2026-08-05,27140145869001400,Boozt.com,https://www.facebook.com/ads/archive/render_ad/?id=27140145869001412&access_token=EAATnrmoQyC4BRtlStZCpnUVOAiZAI7ia41GvW0Sam17UPHT0rfwpjZCnFZBVOUsAhLc76Al3mcLeT1xzOtMTgxR2aBJrWIwVIZCkzD8dXjjeybLndMrBmf41ds0ScfegvMr1mEGZC872hiUMZCbYSr8RUFZBZBB8vteMefp8vWepUjMJ342AkxzDv6JFgW7ZAMRsU1x8KlvZBZBf
2026-08-05,1284190450308900,Boozt.com,https://www.facebook.com/ads/archive/render_ad/?id=1284190450308899&access_token=EAATnrmoQyC4BRtlStZCpnUVOAiZAI7ia41GvW0Sam17UPHT0rfwpjZCnFZBVOUsAhLc76Al3mcLeT1xzOtMTgxR2aBJrWIwVIZCkzD8dXjjeybLndMrBmf41ds0ScfegvMr1mEGZC872hiUMZCbYSr8RUFZBZBB8vteMefp8vWepUjMJ342AkxzDv6JFgW7ZAMRsU1x8KlvZBZBf
2026-08-05,899425382762520,Liven,https://www.facebook.com/ads/archive/render_ad/?id=899425382762520&access_token=EAATnrmoQyC4BRtlStZCpnUVOAiZAI7ia41GvW0Sam17UPHT0rfwpjZCnFZBVOUsAhLc76Al3mcLeT1xzOtMTgxR2aBJrWIwVIZCkzD8dXjjeybLndMrBmf41ds0ScfegvMr1mEGZC872hiUMZCbYSr8RUFZBZBB8vteMefp8vWepUjMJ342AkxzDv6JFgW7ZAMRsU1x8KlvZBZBf
2026-08-05,1036336342623470,Join Up Lietuva,https://www.facebook.com/ads/archive/render_ad/?id=1036336342623473&access_token=EAATnrmoQyC4BRtlStZCpnUVOAiZAI7ia41GvW0Sam17UPHT0rfwpjZCnFZBVOUsAhLc76Al3mcLeT1xzOtMTgxR2aBJrWIwVIZCkzD8dXjjeybLndMrBmf41ds0ScfegvMr1mEGZC872hiUMZCbYSr8RUFZBZBB8vteMefp8vWepUjMJ342AkxzDv6JFgW7ZAMRsU1x8KlvZBZBf
2026-08-05,2441172289711940,Boozt.com,https://www.facebook.com/ads/archive/render_ad/?id=2441172289711942&access_token=EAATnrmoQyC4BRtlStZCpnUVOAiZAI7ia41GvW0Sam17UPHT0rfwpjZCnFZBVOUsAhLc76Al3mcLeT1xzOtMTgxR2aBJrWIwVIZCkzD8dXjjeybLndMrBmf41ds0ScfegvMr1mEGZC872hiUMZCbYSr8RUFZBZBB8vteMefp8vWepUjMJ342AkxzDv6JFgW7ZAMRsU1x8KlvZBZBf
2026-08-05,1226845592890900,Boozt.com,https://www.facebook.com/ads/archive/render_ad/?id=1226845592890902&access_token=EAATnrmoQyC4BRtlStZCpnUVOAiZAI7ia41GvW0Sam17UPHT0rfwpjZCnFZBVOUsAhLc76Al3mcLeT1xzOtMTgxR2aBJrWIwVIZCkzD8dXjjeybLndMrBmf41ds0ScfegvMr1mEGZC872hiUMZCbYSr8RUFZBZBB8vteMefp8vWepUjMJ342AkxzDv6JFgW7ZAMRsU1x8KlvZBZBf
2026-08-05,1081263677575460,Boozt.com,https://www.facebook.com/ads/archive/render_ad/?id=1081263677575462&access_token=EAATnrmoQyC4BRtlStZCpnUVOAiZAI7ia41GvW0Sam17UPHT0rfwpjZCnFZBVOUsAhLc76Al3mcLeT1xzOtMTgxR2aBJrWIwVIZCkzD8dXjjeybLndMrBmf41ds0ScfegvMr1mEGZC872hiUMZCbYSr8RUFZBZBB8vteMefp8vWepUjMJ342AkxzDv6JFgW7ZAMRsU1x8KlvZBZBf
2026-08-05,808191152284241,Boozt.com,https://www.facebook.com/ads/archive/render_ad/?id=808191152284241&access_token=EAATnrmoQyC4BRtlStZCpnUVOAiZAI7ia41GvW0Sam17UPHT0rfwpjZCnFZBVOUsAhLc76Al3mcLeT1xzOtMTgxR2aBJrWIwVIZCkzD8dXjjeybLndMrBmf41ds0ScfegvMr1mEGZC872hiUMZCbYSr8RUFZBZBB8vteMefp8vWepUjMJ342AkxzDv6JFgW7ZAMRsU1x8KlvZBZBf
2026-08-05,1538810234406170,Boozt.com,https://www.facebook.com/ads/archive/render_ad/?id=1538810234406165&access_token=EAATnrmoQyC4BRtlStZCpnUVOAiZAI7ia41GvW0Sam17UPHT0rfwpjZCnFZBVOUsAhLc76Al3mcLeT1xzOtMTgxR2aBJrWIwVIZCkzD8dXjjeybLndMrBmf41ds0ScfegvMr1mEGZC872hiUMZCbYSr8RUFZBZBB8vteMefp8vWepUjMJ342AkxzDv6JFgW7ZAMRsU1x8KlvZBZBf
2026-08-05,1012938978291540,Liven,https://www.facebook.com/ads/archive/render_ad/?id=1012938978291538&access_token=EAATnrmoQyC4BRtlStZCpnUVOAiZAI7ia41GvW0Sam17UPHT0rfwpjZCnFZBVOUsAhLc76Al3mcLeT1xzOtMTgxR2aBJrWIwVIZCkzD8dXjjeybLndMrBmf41ds0ScfegvMr1mEGZC872hiUMZCbYSr8RUFZBZBB8vteMefp8vWepUjMJ342AkxzDv6JFgW7ZAMRsU1x8KlvZBZBf
2026-08-05,1783836879736470,Lidl Eesti,https://www.facebook.com/ads/archive/render_ad/?id=1783836879736474&access_token=EAATnrmoQyC4BRtlStZCpnUVOAiZAI7ia41GvW0Sam17UPHT0rfwpjZCnFZBVOUsAhLc76Al3mcLeT1xzOtMTgxR2aBJrWIwVIZCkzD8dXjjeybLndMrBmf41ds0ScfegvMr1mEGZC872hiUMZCbYSr8RUFZBZBB8vteMefp8vWepUjMJ342AkxzDv6JFgW7ZAMRsU1x8KlvZBZBf
2026-08-05,1379802116951150,Boozt.com,https://www.facebook.com/ads/archive/render_ad/?id=1379802116951151&access_token=EAATnrmoQyC4BRtlStZCpnUVOAiZAI7ia41GvW0Sam17UPHT0rfwpjZCnFZBVOUsAhLc76Al3mcLeT1xzOtMTgxR2aBJrWIwVIZCkzD8dXjjeybLndMrBmf41ds0ScfegvMr1mEGZC872hiUMZCbYSr8RUFZBZBB8vteMefp8vWepUjMJ342AkxzDv6JFgW7ZAMRsU1x8KlvZBZBf
2026-08-05,928678673610747,Boozt.com,https://www.facebook.com/ads/archive/render_ad/?id=928678673610747&access_token=EAATnrmoQyC4BRtlStZCpnUVOAiZAI7ia41GvW0Sam17UPHT0rfwpjZCnFZBVOUsAhLc76Al3mcLeT1xzOtMTgxR2aBJrWIwVIZCkzD8dXjjeybLndMrBmf41ds0ScfegvMr1mEGZC872hiUMZCbYSr8RUFZBZBB8vteMefp8vWepUjMJ342AkxzDv6JFgW7ZAMRsU1x8KlvZBZBf
2026-08-05,2031469940813760,ERGO,https://www.facebook.com/ads/archive/render_ad/?id=2031469940813762&access_token=EAATnrmoQyC4BRtlStZCpnUVOAiZAI7ia41GvW0Sam17UPHT0rfwpjZCnFZBVOUsAhLc76Al3mcLeT1xzOtMTgxR2aBJrWIwVIZCkzD8dXjjeybLndMrBmf41ds0ScfegvMr1mEGZC872hiUMZCbYSr8RUFZBZBB8vteMefp8vWepUjMJ342AkxzDv6JFgW7ZAMRsU1x8KlvZBZBf
2026-08-05,2081390812772720,Rimi Eesti,https://www.facebook.com/ads/archive/render_ad/?id=2081390812772718&access_token=EAATnrmoQyC4BRtlStZCpnUVOAiZAI7ia41GvW0Sam17UPHT0rfwpjZCnFZBVOUsAhLc76Al3mcLeT1xzOtMTgxR2aBJrWIwVIZCkzD8dXjjeybLndMrBmf41ds0ScfegvMr1mEGZC872hiUMZCbYSr8RUFZBZBB8vteMefp8vWepUjMJ342AkxzDv6JFgW7ZAMRsU1x8KlvZBZBf
2026-08-05,2256793075112740,Lidl Eesti,https://www.facebook.com/ads/archive/render_ad/?id=2256793075112743&access_token=EAATnrmoQyC4BRtlStZCpnUVOAiZAI7ia41GvW0Sam17UPHT0rfwpjZCnFZBVOUsAhLc76Al3mcLeT1xzOtMTgxR2aBJrWIwVIZCkzD8dXjjeybLndMrBmf41ds0ScfegvMr1mEGZC872hiUMZCbYSr8RUFZBZBB8vteMefp8vWepUjMJ342AkxzDv6JFgW7ZAMRsU1x8KlvZBZBf
2026-08-05,2298873927554610,Lidl Eesti,https://www.facebook.com/ads/archive/render_ad/?id=2298873927554605&access_token=EAATnrmoQyC4BRtlStZCpnUVOAiZAI7ia41GvW0Sam17UPHT0rfwpjZCnFZBVOUsAhLc76Al3mcLeT1xzOtMTgxR2aBJrWIwVIZCkzD8dXjjeybLndMrBmf41ds0ScfegvMr1mEGZC872hiUMZCbYSr8RUFZBZBB8vteMefp8vWepUjMJ342AkxzDv6JFgW7ZAMRsU1x8KlvZBZBf
2026-08-05,27381992024816900,Endover Kinnisvara,https://www.facebook.com/ads/archive/render_ad/?id=27381992024816956&access_token=EAATnrmoQyC4BRtlStZCpnUVOAiZAI7ia41GvW0Sam17UPHT0rfwpjZCnFZBVOUsAhLc76Al3mcLeT1xzOtMTgxR2aBJrWIwVIZCkzD8dXjjeybLndMrBmf41ds0ScfegvMr1mEGZC872hiUMZCbYSr8RUFZBZBB8vteMefp8vWepUjMJ342AkxzDv6JFgW7ZAMRsU1x8KlvZBZBf
2026-08-05,1062632893370020,Lidl Eesti,https://www.facebook.com/ads/archive/render_ad/?id=1062632893370017&access_token=EAATnrmoQyC4BRtlStZCpnUVOAiZAI7ia41GvW0Sam17UPHT0rfwpjZCnFZBVOUsAhLc76Al3mcLeT1xzOtMTgxR2aBJrWIwVIZCkzD8dXjjeybLndMrBmf41ds0ScfegvMr1mEGZC872hiUMZCbYSr8RUFZBZBB8vteMefp8vWepUjMJ342AkxzDv6JFgW7ZAMRsU1x8KlvZBZBf
2026-08-05,4592119174405000,Balcia Kindlustus,https://www.facebook.com/ads/archive/render_ad/?id=4592119174405003&access_token=EAATnrmoQyC4BRtlStZCpnUVOAiZAI7ia41GvW0Sam17UPHT0rfwpjZCnFZBVOUsAhLc76Al3mcLeT1xzOtMTgxR2aBJrWIwVIZCkzD8dXjjeybLndMrBmf41ds0ScfegvMr1mEGZC872hiUMZCbYSr8RUFZBZBB8vteMefp8vWepUjMJ342AkxzDv6JFgW7ZAMRsU1x8KlvZBZBf
2026-08-05,1713235659886530,Enefit Eesti,https://www.facebook.com/ads/archive/render_ad/?id=1713235659886534&access_token=EAATnrmoQyC4BRtlStZCpnUVOAiZAI7ia41GvW0Sam17UPHT0rfwpjZCnFZBVOUsAhLc76Al3mcLeT1xzOtMTgxR2aBJrWIwVIZCkzD8dXjjeybLndMrBmf41ds0ScfegvMr1mEGZC872hiUMZCbYSr8RUFZBZBB8vteMefp8vWepUjMJ342AkxzDv6JFgW7ZAMRsU1x8KlvZBZBf
2026-08-05,2623957124736060,Bigbank Eesti,https://www.facebook.com/ads/archive/render_ad/?id=2623957124736063&access_token=EAATnrmoQyC4BRtlStZCpnUVOAiZAI7ia41GvW0Sam17UPHT0rfwpjZCnFZBVOUsAhLc76Al3mcLeT1xzOtMTgxR2aBJrWIwVIZCkzD8dXjjeybLndMrBmf41ds0ScfegvMr1mEGZC872hiUMZCbYSr8RUFZBZBB8vteMefp8vWepUjMJ342AkxzDv6JFgW7ZAMRsU1x8KlvZBZBf
2026-08-05,1071173312047850,reterra,https://www.facebook.com/ads/archive/render_ad/?id=1071173312047852&access_token=EAATnrmoQyC4BRtlStZCpnUVOAiZAI7ia41GvW0Sam17UPHT0rfwpjZCnFZBVOUsAhLc76Al3mcLeT1xzOtMTgxR2aBJrWIwVIZCkzD8dXjjeybLndMrBmf41ds0ScfegvMr1mEGZC872hiUMZCbYSr8RUFZBZBB8vteMefp8vWepUjMJ342AkxzDv6JFgW7ZAMRsU1x8KlvZBZBf
2026-08-05,1066243889309250,reterra,https://www.facebook.com/ads/archive/render_ad/?id=1066243889309250&access_token=EAATnrmoQyC4BRtlStZCpnUVOAiZAI7ia41GvW0Sam17UPHT0rfwpjZCnFZBVOUsAhLc76Al3mcLeT1xzOtMTgxR2aBJrWIwVIZCkzD8dXjjeybLndMrBmf41ds0ScfegvMr1mEGZC872hiUMZCbYSr8RUFZBZBB8vteMefp8vWepUjMJ342AkxzDv6JFgW7ZAMRsU1x8KlvZBZBf
2026-08-05,1365248175580390,reterra,https://www.facebook.com/ads/archive/render_ad/?id=1365248175580388&access_token=EAATnrmoQyC4BRtlStZCpnUVOAiZAI7ia41GvW0Sam17UPHT0rfwpjZCnFZBVOUsAhLc76Al3mcLeT1xzOtMTgxR2aBJrWIwVIZCkzD8dXjjeybLndMrBmf41ds0ScfegvMr1mEGZC872hiUMZCbYSr8RUFZBZBB8vteMefp8vWepUjMJ342AkxzDv6JFgW7ZAMRsU1x8KlvZBZBf
2026-08-05,1064256656562320,SELVER,https://www.facebook.com/ads/archive/render_ad/?id=1064256656562320&access_token=EAATnrmoQyC4BRtlStZCpnUVOAiZAI7ia41GvW0Sam17UPHT0rfwpjZCnFZBVOUsAhLc76Al3mcLeT1xzOtMTgxR2aBJrWIwVIZCkzD8dXjjeybLndMrBmf41ds0ScfegvMr1mEGZC872hiUMZCbYSr8RUFZBZBB8vteMefp8vWepUjMJ342AkxzDv6JFgW7ZAMRsU1x8KlvZBZBf
2026-08-05,1063237086074920,Boozt.com,https://www.facebook.com/ads/archive/render_ad/?id=1063237086074917&access_token=EAATnrmoQyC4BRtlStZCpnUVOAiZAI7ia41GvW0Sam17UPHT0rfwpjZCnFZBVOUsAhLc76Al3mcLeT1xzOtMTgxR2aBJrWIwVIZCkzD8dXjjeybLndMrBmf41ds0ScfegvMr1mEGZC872hiUMZCbYSr8RUFZBZBB8vteMefp8vWepUjMJ342AkxzDv6JFgW7ZAMRsU1x8KlvZBZBf
2026-08-05,935139012937415,Boozt.com,https://www.facebook.com/ads/archive/render_ad/?id=935139012937415&access_token=EAATnrmoQyC4BRtlStZCpnUVOAiZAI7ia41GvW0Sam17UPHT0rfwpjZCnFZBVOUsAhLc76Al3mcLeT1xzOtMTgxR2aBJrWIwVIZCkzD8dXjjeybLndMrBmf41ds0ScfegvMr1mEGZC872hiUMZCbYSr8RUFZBZBB8vteMefp8vWepUjMJ342AkxzDv6JFgW7ZAMRsU1x8KlvZBZBf
2026-08-05,1069370018769850,Endover Kinnisvara,https://www.facebook.com/ads/archive/render_ad/?id=1069370018769846&access_token=EAATnrmoQyC4BRtlStZCpnUVOAiZAI7ia41GvW0Sam17UPHT0rfwpjZCnFZBVOUsAhLc76Al3mcLeT1xzOtMTgxR2aBJrWIwVIZCkzD8dXjjeybLndMrBmf41ds0ScfegvMr1mEGZC872hiUMZCbYSr8RUFZBZBB8vteMefp8vWepUjMJ342AkxzDv6JFgW7ZAMRsU1x8KlvZBZBf
2026-08-05,2949016928824010,reterra,https://www.facebook.com/ads/archive/render_ad/?id=2949016928824006&access_token=EAATnrmoQyC4BRtlStZCpnUVOAiZAI7ia41GvW0Sam17UPHT0rfwpjZCnFZBVOUsAhLc76Al3mcLeT1xzOtMTgxR2aBJrWIwVIZCkzD8dXjjeybLndMrBmf41ds0ScfegvMr1mEGZC872hiUMZCbYSr8RUFZBZBB8vteMefp8vWepUjMJ342AkxzDv6JFgW7ZAMRsU1x8KlvZBZBf
2026-08-05,1009228718746180,Sportland Eesti,https://www.facebook.com/ads/archive/render_ad/?id=1009228718746184&access_token=EAATnrmoQyC4BRtlStZCpnUVOAiZAI7ia41GvW0Sam17UPHT0rfwpjZCnFZBVOUsAhLc76Al3mcLeT1xzOtMTgxR2aBJrWIwVIZCkzD8dXjjeybLndMrBmf41ds0ScfegvMr1mEGZC872hiUMZCbYSr8RUFZBZBB8vteMefp8vWepUjMJ342AkxzDv6JFgW7ZAMRsU1x8KlvZBZBf
2026-08-05,1745139273346950,Boozt.com,https://www.facebook.com/ads/archive/render_ad/?id=1745139273346945&access_token=EAATnrmoQyC4BRtlStZCpnUVOAiZAI7ia41GvW0Sam17UPHT0rfwpjZCnFZBVOUsAhLc76Al3mcLeT1xzOtMTgxR2aBJrWIwVIZCkzD8dXjjeybLndMrBmf41ds0ScfegvMr1mEGZC872hiUMZCbYSr8RUFZBZBB8vteMefp8vWepUjMJ342AkxzDv6JFgW7ZAMRsU1x8KlvZBZBf
2026-08-05,2093161917751530,Boozt.com,https://www.facebook.com/ads/archive/render_ad/?id=2093161917751527&access_token=EAATnrmoQyC4BRtlStZCpnUVOAiZAI7ia41GvW0Sam17UPHT0rfwpjZCnFZBVOUsAhLc76Al3mcLeT1xzOtMTgxR2aBJrWIwVIZCkzD8dXjjeybLndMrBmf41ds0ScfegvMr1mEGZC872hiUMZCbYSr8RUFZBZBB8vteMefp8vWepUjMJ342AkxzDv6JFgW7ZAMRsU1x8KlvZBZBf
2026-08-05,1520261686542540,SELVER,https://www.facebook.com/ads/archive/render_ad/?id=1520261686542537&access_token=EAATnrmoQyC4BRtlStZCpnUVOAiZAI7ia41GvW0Sam17UPHT0rfwpjZCnFZBVOUsAhLc76Al3mcLeT1xzOtMTgxR2aBJrWIwVIZCkzD8dXjjeybLndMrBmf41ds0ScfegvMr1mEGZC872hiUMZCbYSr8RUFZBZBB8vteMefp8vWepUjMJ342AkxzDv6JFgW7ZAMRsU1x8KlvZBZBf
2026-08-05,1676843773540850,Boozt.com,https://www.facebook.com/ads/archive/render_ad/?id=1676843773540850&access_token=EAATnrmoQyC4BRtlStZCpnUVOAiZAI7ia41GvW0Sam17UPHT0rfwpjZCnFZBVOUsAhLc76Al3mcLeT1xzOtMTgxR2aBJrWIwVIZCkzD8dXjjeybLndMrBmf41ds0ScfegvMr1mEGZC872hiUMZCbYSr8RUFZBZBB8vteMefp8vWepUjMJ342AkxzDv6JFgW7ZAMRsU1x8KlvZBZBf
2026-08-05,1592702545707660,Boozt.com,https://www.facebook.com/ads/archive/render_ad/?id=1592702545707657&access_token=EAATnrmoQyC4BRtlStZCpnUVOAiZAI7ia41GvW0Sam17UPHT0rfwpjZCnFZBVOUsAhLc76Al3mcLeT1xzOtMTgxR2aBJrWIwVIZCkzD8dXjjeybLndMrBmf41ds0ScfegvMr1mEGZC872hiUMZCbYSr8RUFZBZBB8vteMefp8vWepUjMJ342AkxzDv6JFgW7ZAMRsU1x8KlvZBZBf
2026-08-05,1572472827585290,Boozt.com,https://www.facebook.com/ads/archive/render_ad/?id=1572472827585286&access_token=EAATnrmoQyC4BRtlStZCpnUVOAiZAI7ia41GvW0Sam17UPHT0rfwpjZCnFZBVOUsAhLc76Al3mcLeT1xzOtMTgxR2aBJrWIwVIZCkzD8dXjjeybLndMrBmf41ds0ScfegvMr1mEGZC872hiUMZCbYSr8RUFZBZBB8vteMefp8vWepUjMJ342AkxzDv6JFgW7ZAMRsU1x8KlvZBZBf
2026-08-05,928427126224519,Lidl Eesti,https://www.facebook.com/ads/archive/render_ad/?id=928427126224519&access_token=EAATnrmoQyC4BRtlStZCpnUVOAiZAI7ia41GvW0Sam17UPHT0rfwpjZCnFZBVOUsAhLc76Al3mcLeT1xzOtMTgxR2aBJrWIwVIZCkzD8dXjjeybLndMrBmf41ds0ScfegvMr1mEGZC872hiUMZCbYSr8RUFZBZBB8vteMefp8vWepUjMJ342AkxzDv6JFgW7ZAMRsU1x8KlvZBZBf
2026-08-05,1051609590697980,Endover Kinnisvara,https://www.facebook.com/ads/archive/render_ad/?id=1051609590697983&access_token=EAATnrmoQyC4BRtlStZCpnUVOAiZAI7ia41GvW0Sam17UPHT0rfwpjZCnFZBVOUsAhLc76Al3mcLeT1xzOtMTgxR2aBJrWIwVIZCkzD8dXjjeybLndMrBmf41ds0ScfegvMr1mEGZC872hiUMZCbYSr8RUFZBZBB8vteMefp8vWepUjMJ342AkxzDv6JFgW7ZAMRsU1x8KlvZBZBf
2026-08-05,1056849583753060,Prisma Peremarketid,https://www.facebook.com/ads/archive/render_ad/?id=1056849583753062&access_token=EAATnrmoQyC4BRtlStZCpnUVOAiZAI7ia41GvW0Sam17UPHT0rfwpjZCnFZBVOUsAhLc76Al3mcLeT1xzOtMTgxR2aBJrWIwVIZCkzD8dXjjeybLndMrBmf41ds0ScfegvMr1mEGZC872hiUMZCbYSr8RUFZBZBB8vteMefp8vWepUjMJ342AkxzDv6JFgW7ZAMRsU1x8KlvZBZBf
2026-08-05,1767843410880160,Lidl Eesti,https://www.facebook.com/ads/archive/render_ad/?id=1767843410880158&access_token=EAATnrmoQyC4BRtlStZCpnUVOAiZAI7ia41GvW0Sam17UPHT0rfwpjZCnFZBVOUsAhLc76Al3mcLeT1xzOtMTgxR2aBJrWIwVIZCkzD8dXjjeybLndMrBmf41ds0ScfegvMr1mEGZC872hiUMZCbYSr8RUFZBZBB8vteMefp8vWepUjMJ342AkxzDv6JFgW7ZAMRsU1x8KlvZBZBf
2026-08-05,2048680575738330,reterra,https://www.facebook.com/ads/archive/render_ad/?id=2048680575738328&access_token=EAATnrmoQyC4BRtlStZCpnUVOAiZAI7ia41GvW0Sam17UPHT0rfwpjZCnFZBVOUsAhLc76Al3mcLeT1xzOtMTgxR2aBJrWIwVIZCkzD8dXjjeybLndMrBmf41ds0ScfegvMr1mEGZC872hiUMZCbYSr8RUFZBZBB8vteMefp8vWepUjMJ342AkxzDv6JFgW7ZAMRsU1x8KlvZBZBf
2026-08-05,1034148709368910,Join Up Eesti,https://www.facebook.com/ads/archive/render_ad/?id=1034148709368913&access_token=EAATnrmoQyC4BRtlStZCpnUVOAiZAI7ia41GvW0Sam17UPHT0rfwpjZCnFZBVOUsAhLc76Al3mcLeT1xzOtMTgxR2aBJrWIwVIZCkzD8dXjjeybLndMrBmf41ds0ScfegvMr1mEGZC872hiUMZCbYSr8RUFZBZBB8vteMefp8vWepUjMJ342AkxzDv6JFgW7ZAMRsU1x8KlvZBZBf
2026-08-05,1420466716601380,Join Up Eesti,https://www.facebook.com/ads/archive/render_ad/?id=1420466716601380&access_token=EAATnrmoQyC4BRtlStZCpnUVOAiZAI7ia41GvW0Sam17UPHT0rfwpjZCnFZBVOUsAhLc76Al3mcLeT1xzOtMTgxR2aBJrWIwVIZCkzD8dXjjeybLndMrBmf41ds0ScfegvMr1mEGZC872hiUMZCbYSr8RUFZBZBB8vteMefp8vWepUjMJ342AkxzDv6JFgW7ZAMRsU1x8KlvZBZBf
2026-08-04,1064442529421770,Enefit Eesti,https://www.facebook.com/ads/archive/render_ad/?id=1064442529421773&access_token=EAATnrmoQyC4BRtlStZCpnUVOAiZAI7ia41GvW0Sam17UPHT0rfwpjZCnFZBVOUsAhLc76Al3mcLeT1xzOtMTgxR2aBJrWIwVIZCkzD8dXjjeybLndMrBmf41ds0ScfegvMr1mEGZC872hiUMZCbYSr8RUFZBZBB8vteMefp8vWepUjMJ342AkxzDv6JFgW7ZAMRsU1x8KlvZBZBf
2026-08-04,1801876514304180,Enefit Eesti,https://www.facebook.com/ads/archive/render_ad/?id=1801876514304181&access_token=EAATnrmoQyC4BRtlStZCpnUVOAiZAI7ia41GvW0Sam17UPHT0rfwpjZCnFZBVOUsAhLc76Al3mcLeT1xzOtMTgxR2aBJrWIwVIZCkzD8dXjjeybLndMrBmf41ds0ScfegvMr1mEGZC872hiUMZCbYSr8RUFZBZBB8vteMefp8vWepUjMJ342AkxzDv6JFgW7ZAMRsU1x8KlvZBZBf
2026-08-04,1410821104252530,Barbora.ee,https://www.facebook.com/ads/archive/render_ad/?id=1410821104252530&access_token=EAATnrmoQyC4BRtlStZCpnUVOAiZAI7ia41GvW0Sam17UPHT0rfwpjZCnFZBVOUsAhLc76Al3mcLeT1xzOtMTgxR2aBJrWIwVIZCkzD8dXjjeybLndMrBmf41ds0ScfegvMr1mEGZC872hiUMZCbYSr8RUFZBZBB8vteMefp8vWepUjMJ342AkxzDv6JFgW7ZAMRsU1x8KlvZBZBf
2026-08-04,914331311718199,Sportland Latvija,https://www.facebook.com/ads/archive/render_ad/?id=914331311718199&access_token=EAATnrmoQyC4BRtlStZCpnUVOAiZAI7ia41GvW0Sam17UPHT0rfwpjZCnFZBVOUsAhLc76Al3mcLeT1xzOtMTgxR2aBJrWIwVIZCkzD8dXjjeybLndMrBmf41ds0ScfegvMr1mEGZC872hiUMZCbYSr8RUFZBZBB8vteMefp8vWepUjMJ342AkxzDv6JFgW7ZAMRsU1x8KlvZBZBf
2026-08-04,1078263071205650,Maxima Eesti,https://www.facebook.com/ads/archive/render_ad/?id=1078263071205649&access_token=EAATnrmoQyC4BRtlStZCpnUVOAiZAI7ia41GvW0Sam17UPHT0rfwpjZCnFZBVOUsAhLc76Al3mcLeT1xzOtMTgxR2aBJrWIwVIZCkzD8dXjjeybLndMrBmf41ds0ScfegvMr1mEGZC872hiUMZCbYSr8RUFZBZBB8vteMefp8vWepUjMJ342AkxzDv6JFgW7ZAMRsU1x8KlvZBZBf
2026-08-04,1024316943552800,Coral Travel Lithuania,https://www.facebook.com/ads/archive/render_ad/?id=1024316943552798&access_token=EAATnrmoQyC4BRtlStZCpnUVOAiZAI7ia41GvW0Sam17UPHT0rfwpjZCnFZBVOUsAhLc76Al3mcLeT1xzOtMTgxR2aBJrWIwVIZCkzD8dXjjeybLndMrBmf41ds0ScfegvMr1mEGZC872hiUMZCbYSr8RUFZBZBB8vteMefp8vWepUjMJ342AkxzDv6JFgW7ZAMRsU1x8KlvZBZBf
2026-08-04,28007467375553300,Lounge by Zalando,https://www.facebook.com/ads/archive/render_ad/?id=28007467375553376&access_token=EAATnrmoQyC4BRtlStZCpnUVOAiZAI7ia41GvW0Sam17UPHT0rfwpjZCnFZBVOUsAhLc76Al3mcLeT1xzOtMTgxR2aBJrWIwVIZCkzD8dXjjeybLndMrBmf41ds0ScfegvMr1mEGZC872hiUMZCbYSr8RUFZBZBB8vteMefp8vWepUjMJ342AkxzDv6JFgW7ZAMRsU1x8KlvZBZBf
2026-08-04,1727648521903560,Ignitis Group Eesti,https://www.facebook.com/ads/archive/render_ad/?id=1727648521903562&access_token=EAATnrmoQyC4BRtlStZCpnUVOAiZAI7ia41GvW0Sam17UPHT0rfwpjZCnFZBVOUsAhLc76Al3mcLeT1xzOtMTgxR2aBJrWIwVIZCkzD8dXjjeybLndMrBmf41ds0ScfegvMr1mEGZC872hiUMZCbYSr8RUFZBZBB8vteMefp8vWepUjMJ342AkxzDv6JFgW7ZAMRsU1x8KlvZBZBf
2026-08-04,1764386911353900,Enefit Eesti,https://www.facebook.com/ads/archive/render_ad/?id=1764386911353896&access_token=EAATnrmoQyC4BRtlStZCpnUVOAiZAI7ia41GvW0Sam17UPHT0rfwpjZCnFZBVOUsAhLc76Al3mcLeT1xzOtMTgxR2aBJrWIwVIZCkzD8dXjjeybLndMrBmf41ds0ScfegvMr1mEGZC872hiUMZCbYSr8RUFZBZBB8vteMefp8vWepUjMJ342AkxzDv6JFgW7ZAMRsU1x8KlvZBZBf
2026-08-04,1010047395194370,reterra,https://www.facebook.com/ads/archive/render_ad/?id=1010047395194367&access_token=EAATnrmoQyC4BRtlStZCpnUVOAiZAI7ia41GvW0Sam17UPHT0rfwpjZCnFZBVOUsAhLc76Al3mcLeT1xzOtMTgxR2aBJrWIwVIZCkzD8dXjjeybLndMrBmf41ds0ScfegvMr1mEGZC872hiUMZCbYSr8RUFZBZBB8vteMefp8vWepUjMJ342AkxzDv6JFgW7ZAMRsU1x8KlvZBZBf
2026-08-04,1522329759059240,reterra,https://www.facebook.com/ads/archive/render_ad/?id=1522329759059236&access_token=EAATnrmoQyC4BRtlStZCpnUVOAiZAI7ia41GvW0Sam17UPHT0rfwpjZCnFZBVOUsAhLc76Al3mcLeT1xzOtMTgxR2aBJrWIwVIZCkzD8dXjjeybLndMrBmf41ds0ScfegvMr1mEGZC872hiUMZCbYSr8RUFZBZBB8vteMefp8vWepUjMJ342AkxzDv6JFgW7ZAMRsU1x8KlvZBZBf
2026-08-04,2474415346374720,TEZ TOUR Lietuva,https://www.facebook.com/ads/archive/render_ad/?id=2474415346374715&access_token=EAATnrmoQyC4BRtlStZCpnUVOAiZAI7ia41GvW0Sam17UPHT0rfwpjZCnFZBVOUsAhLc76Al3mcLeT1xzOtMTgxR2aBJrWIwVIZCkzD8dXjjeybLndMrBmf41ds0ScfegvMr1mEGZC872hiUMZCbYSr8RUFZBZBB8vteMefp8vWepUjMJ342AkxzDv6JFgW7ZAMRsU1x8KlvZBZBf
2026-08-04,3607113396102300,Boozt.com,https://www.facebook.com/ads/archive/render_ad/?id=3607113396102297&access_token=EAATnrmoQyC4BRtlStZCpnUVOAiZAI7ia41GvW0Sam17UPHT0rfwpjZCnFZBVOUsAhLc76Al3mcLeT1xzOtMTgxR2aBJrWIwVIZCkzD8dXjjeybLndMrBmf41ds0ScfegvMr1mEGZC872hiUMZCbYSr8RUFZBZBB8vteMefp8vWepUjMJ342AkxzDv6JFgW7ZAMRsU1x8KlvZBZBf
2026-08-04,1724058978839320,Rimi Eesti,https://www.facebook.com/ads/archive/render_ad/?id=1724058978839315&access_token=EAATnrmoQyC4BRtlStZCpnUVOAiZAI7ia41GvW0Sam17UPHT0rfwpjZCnFZBVOUsAhLc76Al3mcLeT1xzOtMTgxR2aBJrWIwVIZCkzD8dXjjeybLndMrBmf41ds0ScfegvMr1mEGZC872hiUMZCbYSr8RUFZBZBB8vteMefp8vWepUjMJ342AkxzDv6JFgW7ZAMRsU1x8KlvZBZBf
2026-08-04,1064829999297470,Rimi Eesti,https://www.facebook.com/ads/archive/render_ad/?id=1064829999297468&access_token=EAATnrmoQyC4BRtlStZCpnUVOAiZAI7ia41GvW0Sam17UPHT0rfwpjZCnFZBVOUsAhLc76Al3mcLeT1xzOtMTgxR2aBJrWIwVIZCkzD8dXjjeybLndMrBmf41ds0ScfegvMr1mEGZC872hiUMZCbYSr8RUFZBZBB8vteMefp8vWepUjMJ342AkxzDv6JFgW7ZAMRsU1x8KlvZBZBf
2026-08-04,1365117735796220,Barbora.ee,https://www.facebook.com/ads/archive/render_ad/?id=1365117735796224&access_token=EAATnrmoQyC4BRtlStZCpnUVOAiZAI7ia41GvW0Sam17UPHT0rfwpjZCnFZBVOUsAhLc76Al3mcLeT1xzOtMTgxR2aBJrWIwVIZCkzD8dXjjeybLndMrBmf41ds0ScfegvMr1mEGZC872hiUMZCbYSr8RUFZBZBB8vteMefp8vWepUjMJ342AkxzDv6JFgW7ZAMRsU1x8KlvZBZBf
2026-08-04,1036391502646560,Maxima Eesti,https://www.facebook.com/ads/archive/render_ad/?id=1036391502646557&access_token=EAATnrmoQyC4BRtlStZCpnUVOAiZAI7ia41GvW0Sam17UPHT0rfwpjZCnFZBVOUsAhLc76Al3mcLeT1xzOtMTgxR2aBJrWIwVIZCkzD8dXjjeybLndMrBmf41ds0ScfegvMr1mEGZC872hiUMZCbYSr8RUFZBZBB8vteMefp8vWepUjMJ342AkxzDv6JFgW7ZAMRsU1x8KlvZBZBf
2026-08-04,1575014650871400,Endover Kinnisvara,https://www.facebook.com/ads/archive/render_ad/?id=1575014650871396&access_token=EAATnrmoQyC4BRtlStZCpnUVOAiZAI7ia41GvW0Sam17UPHT0rfwpjZCnFZBVOUsAhLc76Al3mcLeT1xzOtMTgxR2aBJrWIwVIZCkzD8dXjjeybLndMrBmf41ds0ScfegvMr1mEGZC872hiUMZCbYSr8RUFZBZBB8vteMefp8vWepUjMJ342AkxzDv6JFgW7ZAMRsU1x8KlvZBZBf
2026-08-04,1708489960438120,TEZ TOUR Lietuva,https://www.facebook.com/ads/archive/render_ad/?id=1708489960438122&access_token=EAATnrmoQyC4BRtlStZCpnUVOAiZAI7ia41GvW0Sam17UPHT0rfwpjZCnFZBVOUsAhLc76Al3mcLeT1xzOtMTgxR2aBJrWIwVIZCkzD8dXjjeybLndMrBmf41ds0ScfegvMr1mEGZC872hiUMZCbYSr8RUFZBZBB8vteMefp8vWepUjMJ342AkxzDv6JFgW7ZAMRsU1x8KlvZBZBf
2026-08-04,2143878433232430,Lounge by Zalando,https://www.facebook.com/ads/archive/render_ad/?id=2143878433232428&access_token=EAATnrmoQyC4BRtlStZCpnUVOAiZAI7ia41GvW0Sam17UPHT0rfwpjZCnFZBVOUsAhLc76Al3mcLeT1xzOtMTgxR2aBJrWIwVIZCkzD8dXjjeybLndMrBmf41ds0ScfegvMr1mEGZC872hiUMZCbYSr8RUFZBZBB8vteMefp8vWepUjMJ342AkxzDv6JFgW7ZAMRsU1x8KlvZBZBf
2026-08-04,1254215716752210,Barbora.ee,https://www.facebook.com/ads/archive/render_ad/?id=1254215716752211&access_token=EAATnrmoQyC4BRtlStZCpnUVOAiZAI7ia41GvW0Sam17UPHT0rfwpjZCnFZBVOUsAhLc76Al3mcLeT1xzOtMTgxR2aBJrWIwVIZCkzD8dXjjeybLndMrBmf41ds0ScfegvMr1mEGZC872hiUMZCbYSr8RUFZBZBB8vteMefp8vWepUjMJ342AkxzDv6JFgW7ZAMRsU1x8KlvZBZBf
2026-08-04,1447504417186670,TEZ TOUR Lietuva,https://www.facebook.com/ads/archive/render_ad/?id=1447504417186666&access_token=EAATnrmoQyC4BRtlStZCpnUVOAiZAI7ia41GvW0Sam17UPHT0rfwpjZCnFZBVOUsAhLc76Al3mcLeT1xzOtMTgxR2aBJrWIwVIZCkzD8dXjjeybLndMrBmf41ds0ScfegvMr1mEGZC872hiUMZCbYSr8RUFZBZBB8vteMefp8vWepUjMJ342AkxzDv6JFgW7ZAMRsU1x8KlvZBZBf
2026-08-04,1423901059849630,Maxima Eesti,https://www.facebook.com/ads/archive/render_ad/?id=1423901059849631&access_token=EAATnrmoQyC4BRtlStZCpnUVOAiZAI7ia41GvW0Sam17UPHT0rfwpjZCnFZBVOUsAhLc76Al3mcLeT1xzOtMTgxR2aBJrWIwVIZCkzD8dXjjeybLndMrBmf41ds0ScfegvMr1mEGZC872hiUMZCbYSr8RUFZBZBB8vteMefp8vWepUjMJ342AkxzDv6JFgW7ZAMRsU1x8KlvZBZBf
2026-08-04,1058522889985780,Rimi Eesti,https://www.facebook.com/ads/archive/render_ad/?id=1058522889985784&access_token=EAATnrmoQyC4BRtlStZCpnUVOAiZAI7ia41GvW0Sam17UPHT0rfwpjZCnFZBVOUsAhLc76Al3mcLeT1xzOtMTgxR2aBJrWIwVIZCkzD8dXjjeybLndMrBmf41ds0ScfegvMr1mEGZC872hiUMZCbYSr8RUFZBZBB8vteMefp8vWepUjMJ342AkxzDv6JFgW7ZAMRsU1x8KlvZBZBf
2026-08-04,1716724706214880,Barbora.ee,https://www.facebook.com/ads/archive/render_ad/?id=1716724706214876&access_token=EAATnrmoQyC4BRtlStZCpnUVOAiZAI7ia41GvW0Sam17UPHT0rfwpjZCnFZBVOUsAhLc76Al3mcLeT1xzOtMTgxR2aBJrWIwVIZCkzD8dXjjeybLndMrBmf41ds0ScfegvMr1mEGZC872hiUMZCbYSr8RUFZBZBB8vteMefp8vWepUjMJ342AkxzDv6JFgW7ZAMRsU1x8KlvZBZBf
2026-08-04,1635145834634320,Lounge by Zalando,https://www.facebook.com/ads/archive/render_ad/?id=1635145834634320&access_token=EAATnrmoQyC4BRtlStZCpnUVOAiZAI7ia41GvW0Sam17UPHT0rfwpjZCnFZBVOUsAhLc76Al3mcLeT1xzOtMTgxR2aBJrWIwVIZCkzD8dXjjeybLndMrBmf41ds0ScfegvMr1mEGZC872hiUMZCbYSr8RUFZBZBB8vteMefp8vWepUjMJ342AkxzDv6JFgW7ZAMRsU1x8KlvZBZBf
2026-08-04,1756741065524420,Enefit Eesti,https://www.facebook.com/ads/archive/render_ad/?id=1756741065524417&access_token=EAATnrmoQyC4BRtlStZCpnUVOAiZAI7ia41GvW0Sam17UPHT0rfwpjZCnFZBVOUsAhLc76Al3mcLeT1xzOtMTgxR2aBJrWIwVIZCkzD8dXjjeybLndMrBmf41ds0ScfegvMr1mEGZC872hiUMZCbYSr8RUFZBZBB8vteMefp8vWepUjMJ342AkxzDv6JFgW7ZAMRsU1x8KlvZBZBf
2026-08-04,885251787615029,Barbora.ee,https://www.facebook.com/ads/archive/render_ad/?id=885251787615029&access_token=EAATnrmoQyC4BRtlStZCpnUVOAiZAI7ia41GvW0Sam17UPHT0rfwpjZCnFZBVOUsAhLc76Al3mcLeT1xzOtMTgxR2aBJrWIwVIZCkzD8dXjjeybLndMrBmf41ds0ScfegvMr1mEGZC872hiUMZCbYSr8RUFZBZBB8vteMefp8vWepUjMJ342AkxzDv6JFgW7ZAMRsU1x8KlvZBZBf
2026-08-04,1751253912541400,Sportland Eesti,https://www.facebook.com/ads/archive/render_ad/?id=1751253912541396&access_token=EAATnrmoQyC4BRtlStZCpnUVOAiZAI7ia41GvW0Sam17UPHT0rfwpjZCnFZBVOUsAhLc76Al3mcLeT1xzOtMTgxR2aBJrWIwVIZCkzD8dXjjeybLndMrBmf41ds0ScfegvMr1mEGZC872hiUMZCbYSr8RUFZBZBB8vteMefp8vWepUjMJ342AkxzDv6JFgW7ZAMRsU1x8KlvZBZBf
2026-08-04,2591866194590570,Barbora.ee,https://www.facebook.com/ads/archive/render_ad/?id=2591866194590574&access_token=EAATnrmoQyC4BRtlStZCpnUVOAiZAI7ia41GvW0Sam17UPHT0rfwpjZCnFZBVOUsAhLc76Al3mcLeT1xzOtMTgxR2aBJrWIwVIZCkzD8dXjjeybLndMrBmf41ds0ScfegvMr1mEGZC872hiUMZCbYSr8RUFZBZBB8vteMefp8vWepUjMJ342AkxzDv6JFgW7ZAMRsU1x8KlvZBZBf
2026-08-04,1037734495518320,Endover Kinnisvara,https://www.facebook.com/ads/archive/render_ad/?id=1037734495518318&access_token=EAATnrmoQyC4BRtlStZCpnUVOAiZAI7ia41GvW0Sam17UPHT0rfwpjZCnFZBVOUsAhLc76Al3mcLeT1xzOtMTgxR2aBJrWIwVIZCkzD8dXjjeybLndMrBmf41ds0ScfegvMr1mEGZC872hiUMZCbYSr8RUFZBZBB8vteMefp8vWepUjMJ342AkxzDv6JFgW7ZAMRsU1x8KlvZBZBf
2026-08-04,1424212013095800,Endover Kinnisvara,https://www.facebook.com/ads/archive/render_ad/?id=1424212013095802&access_token=EAATnrmoQyC4BRtlStZCpnUVOAiZAI7ia41GvW0Sam17UPHT0rfwpjZCnFZBVOUsAhLc76Al3mcLeT1xzOtMTgxR2aBJrWIwVIZCkzD8dXjjeybLndMrBmf41ds0ScfegvMr1mEGZC872hiUMZCbYSr8RUFZBZBB8vteMefp8vWepUjMJ342AkxzDv6JFgW7ZAMRsU1x8KlvZBZBf
2026-08-04,823616790745774,Holm Bank,https://www.facebook.com/ads/archive/render_ad/?id=823616790745774&access_token=EAATnrmoQyC4BRtlStZCpnUVOAiZAI7ia41GvW0Sam17UPHT0rfwpjZCnFZBVOUsAhLc76Al3mcLeT1xzOtMTgxR2aBJrWIwVIZCkzD8dXjjeybLndMrBmf41ds0ScfegvMr1mEGZC872hiUMZCbYSr8RUFZBZBB8vteMefp8vWepUjMJ342AkxzDv6JFgW7ZAMRsU1x8KlvZBZBf
2026-08-04,1065652453064560,Maxima Eesti,https://www.facebook.com/ads/archive/render_ad/?id=1065652453064559&access_token=EAATnrmoQyC4BRtlStZCpnUVOAiZAI7ia41GvW0Sam17UPHT0rfwpjZCnFZBVOUsAhLc76Al3mcLeT1xzOtMTgxR2aBJrWIwVIZCkzD8dXjjeybLndMrBmf41ds0ScfegvMr1mEGZC872hiUMZCbYSr8RUFZBZBB8vteMefp8vWepUjMJ342AkxzDv6JFgW7ZAMRsU1x8KlvZBZBf
2026-08-04,1369764154561620,Maxima Eesti,https://www.facebook.com/ads/archive/render_ad/?id=1369764154561618&access_token=EAATnrmoQyC4BRtlStZCpnUVOAiZAI7ia41GvW0Sam17UPHT0rfwpjZCnFZBVOUsAhLc76Al3mcLeT1xzOtMTgxR2aBJrWIwVIZCkzD8dXjjeybLndMrBmf41ds0ScfegvMr1mEGZC872hiUMZCbYSr8RUFZBZBB8vteMefp8vWepUjMJ342AkxzDv6JFgW7ZAMRsU1x8KlvZBZBf
2026-08-04,2959880567692580,Maxima Eesti,https://www.facebook.com/ads/archive/render_ad/?id=2959880567692578&access_token=EAATnrmoQyC4BRtlStZCpnUVOAiZAI7ia41GvW0Sam17UPHT0rfwpjZCnFZBVOUsAhLc76Al3mcLeT1xzOtMTgxR2aBJrWIwVIZCkzD8dXjjeybLndMrBmf41ds0ScfegvMr1mEGZC872hiUMZCbYSr8RUFZBZBB8vteMefp8vWepUjMJ342AkxzDv6JFgW7ZAMRsU1x8KlvZBZBf
2026-08-04,1945307256074520,Barbora.ee,https://www.facebook.com/ads/archive/render_ad/?id=1945307256074518&access_token=EAATnrmoQyC4BRtlStZCpnUVOAiZAI7ia41GvW0Sam17UPHT0rfwpjZCnFZBVOUsAhLc76Al3mcLeT1xzOtMTgxR2aBJrWIwVIZCkzD8dXjjeybLndMrBmf41ds0ScfegvMr1mEGZC872hiUMZCbYSr8RUFZBZBB8vteMefp8vWepUjMJ342AkxzDv6JFgW7ZAMRsU1x8KlvZBZBf
2026-08-04,1366179795618300,Barbora.ee,https://www.facebook.com/ads/archive/render_ad/?id=1366179795618295&access_token=EAATnrmoQyC4BRtlStZCpnUVOAiZAI7ia41GvW0Sam17UPHT0rfwpjZCnFZBVOUsAhLc76Al3mcLeT1xzOtMTgxR2aBJrWIwVIZCkzD8dXjjeybLndMrBmf41ds0ScfegvMr1mEGZC872hiUMZCbYSr8RUFZBZBB8vteMefp8vWepUjMJ342AkxzDv6JFgW7ZAMRsU1x8KlvZBZBf
2026-08-04,1735448827488000,Barbora.ee,https://www.facebook.com/ads/archive/render_ad/?id=1735448827488001&access_token=EAATnrmoQyC4BRtlStZCpnUVOAiZAI7ia41GvW0Sam17UPHT0rfwpjZCnFZBVOUsAhLc76Al3mcLeT1xzOtMTgxR2aBJrWIwVIZCkzD8dXjjeybLndMrBmf41ds0ScfegvMr1mEGZC872hiUMZCbYSr8RUFZBZBB8vteMefp8vWepUjMJ342AkxzDv6JFgW7ZAMRsU1x8KlvZBZBf
2026-08-04,1008800848645330,If Kindlustus,https://www.facebook.com/ads/archive/render_ad/?id=1008800848645332&access_token=EAATnrmoQyC4BRtlStZCpnUVOAiZAI7ia41GvW0Sam17UPHT0rfwpjZCnFZBVOUsAhLc76Al3mcLeT1xzOtMTgxR2aBJrWIwVIZCkzD8dXjjeybLndMrBmf41ds0ScfegvMr1mEGZC872hiUMZCbYSr8RUFZBZBB8vteMefp8vWepUjMJ342AkxzDv6JFgW7ZAMRsU1x8KlvZBZBf
2026-08-04,1549275063600470,Barbora.ee,https://www.facebook.com/ads/archive/render_ad/?id=1549275063600473&access_token=EAATnrmoQyC4BRtlStZCpnUVOAiZAI7ia41GvW0Sam17UPHT0rfwpjZCnFZBVOUsAhLc76Al3mcLeT1xzOtMTgxR2aBJrWIwVIZCkzD8dXjjeybLndMrBmf41ds0ScfegvMr1mEGZC872hiUMZCbYSr8RUFZBZBB8vteMefp8vWepUjMJ342AkxzDv6JFgW7ZAMRsU1x8KlvZBZBf
2026-08-04,1863033898218940,Barbora.ee,https://www.facebook.com/ads/archive/render_ad/?id=1863033898218939&access_token=EAATnrmoQyC4BRtlStZCpnUVOAiZAI7ia41GvW0Sam17UPHT0rfwpjZCnFZBVOUsAhLc76Al3mcLeT1xzOtMTgxR2aBJrWIwVIZCkzD8dXjjeybLndMrBmf41ds0ScfegvMr1mEGZC872hiUMZCbYSr8RUFZBZBB8vteMefp8vWepUjMJ342AkxzDv6JFgW7ZAMRsU1x8KlvZBZBf
2026-08-04,1610233400433190,Endover Kinnisvara,https://www.facebook.com/ads/archive/render_ad/?id=1610233400433190&access_token=EAATnrmoQyC4BRtlStZCpnUVOAiZAI7ia41GvW0Sam17UPHT0rfwpjZCnFZBVOUsAhLc76Al3mcLeT1xzOtMTgxR2aBJrWIwVIZCkzD8dXjjeybLndMrBmf41ds0ScfegvMr1mEGZC872hiUMZCbYSr8RUFZBZBB8vteMefp8vWepUjMJ342AkxzDv6JFgW7ZAMRsU1x8KlvZBZBf
2026-08-04,1004032242635040,reterra,https://www.facebook.com/ads/archive/render_ad/?id=1004032242635035&access_token=EAATnrmoQyC4BRtlStZCpnUVOAiZAI7ia41GvW0Sam17UPHT0rfwpjZCnFZBVOUsAhLc76Al3mcLeT1xzOtMTgxR2aBJrWIwVIZCkzD8dXjjeybLndMrBmf41ds0ScfegvMr1mEGZC872hiUMZCbYSr8RUFZBZBB8vteMefp8vWepUjMJ342AkxzDv6JFgW7ZAMRsU1x8KlvZBZBf
2026-08-04,1619049122929620,Coral Travel Lithuania,https://www.facebook.com/ads/archive/render_ad/?id=1619049122929617&access_token=EAATnrmoQyC4BRtlStZCpnUVOAiZAI7ia41GvW0Sam17UPHT0rfwpjZCnFZBVOUsAhLc76Al3mcLeT1xzOtMTgxR2aBJrWIwVIZCkzD8dXjjeybLndMrBmf41ds0ScfegvMr1mEGZC872hiUMZCbYSr8RUFZBZBB8vteMefp8vWepUjMJ342AkxzDv6JFgW7ZAMRsU1x8KlvZBZBf
2026-08-04,1392749679432180,Endover Kinnisvara,https://www.facebook.com/ads/archive/render_ad/?id=1392749679432178&access_token=EAATnrmoQyC4BRtlStZCpnUVOAiZAI7ia41GvW0Sam17UPHT0rfwpjZCnFZBVOUsAhLc76Al3mcLeT1xzOtMTgxR2aBJrWIwVIZCkzD8dXjjeybLndMrBmf41ds0ScfegvMr1mEGZC872hiUMZCbYSr8RUFZBZBB8vteMefp8vWepUjMJ342AkxzDv6JFgW7ZAMRsU1x8KlvZBZBf
2026-08-04,1075189328251100,Maxima Eesti,https://www.facebook.com/ads/archive/render_ad/?id=1075189328251098&access_token=EAATnrmoQyC4BRtlStZCpnUVOAiZAI7ia41GvW0Sam17UPHT0rfwpjZCnFZBVOUsAhLc76Al3mcLeT1xzOtMTgxR2aBJrWIwVIZCkzD8dXjjeybLndMrBmf41ds0ScfegvMr1mEGZC872hiUMZCbYSr8RUFZBZBB8vteMefp8vWepUjMJ342AkxzDv6JFgW7ZAMRsU1x8KlvZBZBf
2026-08-04,1572328331275780,Barbora.ee,https://www.facebook.com/ads/archive/render_ad/?id=1572328331275783&access_token=EAATnrmoQyC4BRtlStZCpnUVOAiZAI7ia41GvW0Sam17UPHT0rfwpjZCnFZBVOUsAhLc76Al3mcLeT1xzOtMTgxR2aBJrWIwVIZCkzD8dXjjeybLndMrBmf41ds0ScfegvMr1mEGZC872hiUMZCbYSr8RUFZBZBB8vteMefp8vWepUjMJ342AkxzDv6JFgW7ZAMRsU1x8KlvZBZBf
2026-08-04,1422890589893400,TEZ TOUR Lietuva,https://www.facebook.com/ads/archive/render_ad/?id=1422890589893403&access_token=EAATnrmoQyC4BRtlStZCpnUVOAiZAI7ia41GvW0Sam17UPHT0rfwpjZCnFZBVOUsAhLc76Al3mcLeT1xzOtMTgxR2aBJrWIwVIZCkzD8dXjjeybLndMrBmf41ds0ScfegvMr1mEGZC872hiUMZCbYSr8RUFZBZBB8vteMefp8vWepUjMJ342AkxzDv6JFgW7ZAMRsU1x8KlvZBZBf
2026-08-04,2530437430760770,Boozt.com,https://www.facebook.com/ads/archive/render_ad/?id=2530437430760770&access_token=EAATnrmoQyC4BRtlStZCpnUVOAiZAI7ia41GvW0Sam17UPHT0rfwpjZCnFZBVOUsAhLc76Al3mcLeT1xzOtMTgxR2aBJrWIwVIZCkzD8dXjjeybLndMrBmf41ds0ScfegvMr1mEGZC872hiUMZCbYSr8RUFZBZBB8vteMefp8vWepUjMJ342AkxzDv6JFgW7ZAMRsU1x8KlvZBZBf
2026-08-04,1399227375454650,Holm Bank,https://www.facebook.com/ads/archive/render_ad/?id=1399227375454649&access_token=EAATnrmoQyC4BRtlStZCpnUVOAiZAI7ia41GvW0Sam17UPHT0rfwpjZCnFZBVOUsAhLc76Al3mcLeT1xzOtMTgxR2aBJrWIwVIZCkzD8dXjjeybLndMrBmf41ds0ScfegvMr1mEGZC872hiUMZCbYSr8RUFZBZBB8vteMefp8vWepUjMJ342AkxzDv6JFgW7ZAMRsU1x8KlvZBZBf
2026-08-04,1083972577623330,Endover Kinnisvara,https://www.facebook.com/ads/archive/render_ad/?id=1083972577623328&access_token=EAATnrmoQyC4BRtlStZCpnUVOAiZAI7ia41GvW0Sam17UPHT0rfwpjZCnFZBVOUsAhLc76Al3mcLeT1xzOtMTgxR2aBJrWIwVIZCkzD8dXjjeybLndMrBmf41ds0ScfegvMr1mEGZC872hiUMZCbYSr8RUFZBZBB8vteMefp8vWepUjMJ342AkxzDv6JFgW7ZAMRsU1x8KlvZBZBf
2026-08-04,1326669246119500,TEZ TOUR Lietuva,https://www.facebook.com/ads/archive/render_ad/?id=1326669246119495&access_token=EAATnrmoQyC4BRtlStZCpnUVOAiZAI7ia41GvW0Sam17UPHT0rfwpjZCnFZBVOUsAhLc76Al3mcLeT1xzOtMTgxR2aBJrWIwVIZCkzD8dXjjeybLndMrBmf41ds0ScfegvMr1mEGZC872hiUMZCbYSr8RUFZBZBB8vteMefp8vWepUjMJ342AkxzDv6JFgW7ZAMRsU1x8KlvZBZBf
2026-08-04,871940139083521,TEZ TOUR Lietuva,https://www.facebook.com/ads/archive/render_ad/?id=871940139083521&access_token=EAATnrmoQyC4BRtlStZCpnUVOAiZAI7ia41GvW0Sam17UPHT0rfwpjZCnFZBVOUsAhLc76Al3mcLeT1xzOtMTgxR2aBJrWIwVIZCkzD8dXjjeybLndMrBmf41ds0ScfegvMr1mEGZC872hiUMZCbYSr8RUFZBZBB8vteMefp8vWepUjMJ342AkxzDv6JFgW7ZAMRsU1x8KlvZBZBf
2026-08-04,1575607554200760,TEZ TOUR Lietuva,https://www.facebook.com/ads/archive/render_ad/?id=1575607554200763&access_token=EAATnrmoQyC4BRtlStZCpnUVOAiZAI7ia41GvW0Sam17UPHT0rfwpjZCnFZBVOUsAhLc76Al3mcLeT1xzOtMTgxR2aBJrWIwVIZCkzD8dXjjeybLndMrBmf41ds0ScfegvMr1mEGZC872hiUMZCbYSr8RUFZBZBB8vteMefp8vWepUjMJ342AkxzDv6JFgW7ZAMRsU1x8KlvZBZBf
2026-08-04,1356247169432250,Boozt.com,https://www.facebook.com/ads/archive/render_ad/?id=1356247169432246&access_token=EAATnrmoQyC4BRtlStZCpnUVOAiZAI7ia41GvW0Sam17UPHT0rfwpjZCnFZBVOUsAhLc76Al3mcLeT1xzOtMTgxR2aBJrWIwVIZCkzD8dXjjeybLndMrBmf41ds0ScfegvMr1mEGZC872hiUMZCbYSr8RUFZBZBB8vteMefp8vWepUjMJ342AkxzDv6JFgW7ZAMRsU1x8KlvZBZBf
2026-08-04,1528153335116650,TEZ TOUR Lietuva,https://www.facebook.com/ads/archive/render_ad/?id=1528153335116646&access_token=EAATnrmoQyC4BRtlStZCpnUVOAiZAI7ia41GvW0Sam17UPHT0rfwpjZCnFZBVOUsAhLc76Al3mcLeT1xzOtMTgxR2aBJrWIwVIZCkzD8dXjjeybLndMrBmf41ds0ScfegvMr1mEGZC872hiUMZCbYSr8RUFZBZBB8vteMefp8vWepUjMJ342AkxzDv6JFgW7ZAMRsU1x8KlvZBZBf
2026-08-04,1773062157230730,TEZ TOUR Lietuva,https://www.facebook.com/ads/archive/render_ad/?id=1773062157230725&access_token=EAATnrmoQyC4BRtlStZCpnUVOAiZAI7ia41GvW0Sam17UPHT0rfwpjZCnFZBVOUsAhLc76Al3mcLeT1xzOtMTgxR2aBJrWIwVIZCkzD8dXjjeybLndMrBmf41ds0ScfegvMr1mEGZC872hiUMZCbYSr8RUFZBZBB8vteMefp8vWepUjMJ342AkxzDv6JFgW7ZAMRsU1x8KlvZBZBf
2026-08-04,27813765741592100,Boozt.com,https://www.facebook.com/ads/archive/render_ad/?id=27813765741592164&access_token=EAATnrmoQyC4BRtlStZCpnUVOAiZAI7ia41GvW0Sam17UPHT0rfwpjZCnFZBVOUsAhLc76Al3mcLeT1xzOtMTgxR2aBJrWIwVIZCkzD8dXjjeybLndMrBmf41ds0ScfegvMr1mEGZC872hiUMZCbYSr8RUFZBZBB8vteMefp8vWepUjMJ342AkxzDv6JFgW7ZAMRsU1x8KlvZBZBf
2026-08-04,1357017525758970,Boozt.com,https://www.facebook.com/ads/archive/render_ad/?id=1357017525758968&access_token=EAATnrmoQyC4BRtlStZCpnUVOAiZAI7ia41GvW0Sam17UPHT0rfwpjZCnFZBVOUsAhLc76Al3mcLeT1xzOtMTgxR2aBJrWIwVIZCkzD8dXjjeybLndMrBmf41ds0ScfegvMr1mEGZC872hiUMZCbYSr8RUFZBZBB8vteMefp8vWepUjMJ342AkxzDv6JFgW7ZAMRsU1x8KlvZBZBf
2026-08-04,828152853716823,Boozt.com,https://www.facebook.com/ads/archive/render_ad/?id=828152853716823&access_token=EAATnrmoQyC4BRtlStZCpnUVOAiZAI7ia41GvW0Sam17UPHT0rfwpjZCnFZBVOUsAhLc76Al3mcLeT1xzOtMTgxR2aBJrWIwVIZCkzD8dXjjeybLndMrBmf41ds0ScfegvMr1mEGZC872hiUMZCbYSr8RUFZBZBB8vteMefp8vWepUjMJ342AkxzDv6JFgW7ZAMRsU1x8KlvZBZBf
2026-08-04,1031235909697180,Sportland Latvija,https://www.facebook.com/ads/archive/render_ad/?id=1031235909697181&access_token=EAATnrmoQyC4BRtlStZCpnUVOAiZAI7ia41GvW0Sam17UPHT0rfwpjZCnFZBVOUsAhLc76Al3mcLeT1xzOtMTgxR2aBJrWIwVIZCkzD8dXjjeybLndMrBmf41ds0ScfegvMr1mEGZC872hiUMZCbYSr8RUFZBZBB8vteMefp8vWepUjMJ342AkxzDv6JFgW7ZAMRsU1x8KlvZBZBf
2026-08-04,1673710313696010,Boozt.com,https://www.facebook.com/ads/archive/render_ad/?id=1673710313696009&access_token=EAATnrmoQyC4BRtlStZCpnUVOAiZAI7ia41GvW0Sam17UPHT0rfwpjZCnFZBVOUsAhLc76Al3mcLeT1xzOtMTgxR2aBJrWIwVIZCkzD8dXjjeybLndMrBmf41ds0ScfegvMr1mEGZC872hiUMZCbYSr8RUFZBZBB8vteMefp8vWepUjMJ342AkxzDv6JFgW7ZAMRsU1x8KlvZBZBf
2026-08-04,921325231013688,Boozt.com,https://www.facebook.com/ads/archive/render_ad/?id=921325231013688&access_token=EAATnrmoQyC4BRtlStZCpnUVOAiZAI7ia41GvW0Sam17UPHT0rfwpjZCnFZBVOUsAhLc76Al3mcLeT1xzOtMTgxR2aBJrWIwVIZCkzD8dXjjeybLndMrBmf41ds0ScfegvMr1mEGZC872hiUMZCbYSr8RUFZBZBB8vteMefp8vWepUjMJ342AkxzDv6JFgW7ZAMRsU1x8KlvZBZBf
2026-08-04,2082611605962300,Boozt.com,https://www.facebook.com/ads/archive/render_ad/?id=2082611605962303&access_token=EAATnrmoQyC4BRtlStZCpnUVOAiZAI7ia41GvW0Sam17UPHT0rfwpjZCnFZBVOUsAhLc76Al3mcLeT1xzOtMTgxR2aBJrWIwVIZCkzD8dXjjeybLndMrBmf41ds0ScfegvMr1mEGZC872hiUMZCbYSr8RUFZBZBB8vteMefp8vWepUjMJ342AkxzDv6JFgW7ZAMRsU1x8KlvZBZBf
2026-08-04,1762061735102160,Barbora.ee,https://www.facebook.com/ads/archive/render_ad/?id=1762061735102157&access_token=EAATnrmoQyC4BRtlStZCpnUVOAiZAI7ia41GvW0Sam17UPHT0rfwpjZCnFZBVOUsAhLc76Al3mcLeT1xzOtMTgxR2aBJrWIwVIZCkzD8dXjjeybLndMrBmf41ds0ScfegvMr1mEGZC872hiUMZCbYSr8RUFZBZBB8vteMefp8vWepUjMJ342AkxzDv6JFgW7ZAMRsU1x8KlvZBZBf