platform,advertiser_name,creative_id,for_whom,creative_page_url
Meta Ads Library,ABOUT YOU,1.00345E+15,ballzy,https://www.facebook.com/ads/archive/render_ad/?id=1003448278064874&access_token=EAATnrmoQyC4BOyPI2UlrqFMQKk5vv6XeANCnonDt4Ho3GPZCm24pBF6XxsSP0Qh3kIdZCuPUtE6BvZBSuq1WwOhhHeZC7dnXLq9u3XRiPfzaTxZBalwm2gvQPVjbAEyHImZBEa9uHUj8yB0OSaDuDsgTaLPYzvCZCd5fnGkOLIjhAkfnRyK2nOmUnAFTlG8Ujgl
Meta Ads Library,ANEX Tour Eesti,9.73052E+14,teztour,https://www.facebook.com/ads/archive/render_ad/?id=973051618318701&access_token=EAATnrmoQyC4BQPVFaEdvyWfH85nc9J1azy5Q3EZCsaaFpLOAG9mEhR1mfp8tmZAxRmBf2IRN553VRRdSaWWJUedu3OFNvLi6Jf9yHmQkSryfa7HC1lnTHUoDGLJFXNS38IeFpk3ZBBnLtpERHKOgzlznywHZAnzlGFoqmGcIcZBTiOgc4ybEkN3braKPoQgJuFpHi7zrs
Meta Ads Library,Coral Travel Estonia,2.0609E+15,teztour,https://www.facebook.com/ads/archive/render_ad/?id=2060901414411635&access_token=EAATnrmoQyC4BQPVFaEdvyWfH85nc9J1azy5Q3EZCsaaFpLOAG9mEhR1mfp8tmZAxRmBf2IRN553VRRdSaWWJUedu3OFNvLi6Jf9yHmQkSryfa7HC1lnTHUoDGLJFXNS38IeFpk3ZBBnLtpERHKOgzlznywHZAnzlGFoqmGcIcZBTiOgc4ybEkN3braKPoQgJuFpHi7zrs
Meta Ads Library,SEB Eesti,4.34055E+15,swedbank,https://www.facebook.com/ads/archive/render_ad/?id=4340553976199577&access_token=EAATnrmoQyC4BQptmsbNRdpMvgWhT9ZCeeMMlHDkxMXfJ2nK6fMZAk2p9lKk0ofSe3VJBPuz92dPfwiAVjmS2ZCoS7xLFsfFcl3R0EZAhf5ct7tPBlrxE7lxNtKKSRD4BlK1MAuYA7zjMuXKiS0o7eOkkQsTbvvT0TMpX7WoMajScg9PKRZBs3m5KGt4Um9A8HstpDdQRr
Meta Ads Library,Ballzy Eesti,1.31779E+15,ballzy,https://www.facebook.com/ads/archive/render_ad/?id=1317794639461297&access_token=EAATnrmoQyC4BQPVFaEdvyWfH85nc9J1azy5Q3EZCsaaFpLOAG9mEhR1mfp8tmZAxRmBf2IRN553VRRdSaWWJUedu3OFNvLi6Jf9yHmQkSryfa7HC1lnTHUoDGLJFXNS38IeFpk3ZBBnLtpERHKOgzlznywHZAnzlGFoqmGcIcZBTiOgc4ybEkN3braKPoQgJuFpHi7zrs
Meta Ads Library,Sportland Eesti,8.99396E+14,ballzy,https://www.facebook.com/ads/archive/render_ad/?id=899395868784582&access_token=EAATnrmoQyC4BOyPI2UlrqFMQKk5vv6XeANCnonDt4Ho3GPZCm24pBF6XxsSP0Qh3kIdZCuPUtE6BvZBSuq1WwOhhHeZC7dnXLq9u3XRiPfzaTxZBalwm2gvQPVjbAEyHImZBEa9uHUj8yB0OSaDuDsgTaLPYzvCZCd5fnGkOLIjhAkfnRyK2nOmUnAFTlG8Ujgl
Meta Ads Library,Coral Travel Lithuania,5.05773E+14,teztour,https://www.facebook.com/ads/archive/render_ad/?id=505773409104873&access_token=EAATnrmoQyC4BO5erfu0T8wppuuMsqCZCnReXzEYpZAE2SuHMabkeRUXfkbCAdlN6QqZADLZAC3kW4zSBZAUYvrEe5WEyxqd6tPkCitApLgaiLpJyZAFbsttB4ePIsz7s9dCXObDRZBE4zZCfVDCOaDzwBajqvt8tZCLyglNfHAVFymweyRxgxwtmq6IHSiwo9Nmvr3dPAXdXF
Meta Ads Library,Coop Pank,2.39121E+16,swedbank,https://www.facebook.com/ads/archive/render_ad/?id=23912123085056991&access_token=EAATnrmoQyC4BQPVFaEdvyWfH85nc9J1azy5Q3EZCsaaFpLOAG9mEhR1mfp8tmZAxRmBf2IRN553VRRdSaWWJUedu3OFNvLi6Jf9yHmQkSryfa7HC1lnTHUoDGLJFXNS38IeFpk3ZBBnLtpERHKOgzlznywHZAnzlGFoqmGcIcZBTiOgc4ybEkN3braKPoQgJuFpHi7zrs
Meta Ads Library,Swedbank Eestis,1.34133E+15,swedbank,https://www.facebook.com/ads/archive/render_ad/?id=1341327530539693&access_token=EAATnrmoQyC4BQPVFaEdvyWfH85nc9J1azy5Q3EZCsaaFpLOAG9mEhR1mfp8tmZAxRmBf2IRN553VRRdSaWWJUedu3OFNvLi6Jf9yHmQkSryfa7HC1lnTHUoDGLJFXNS38IeFpk3ZBBnLtpERHKOgzlznywHZAnzlGFoqmGcIcZBTiOgc4ybEkN3braKPoQgJuFpHi7zrs
Meta Ads Library,Weekend.lt,8.31392E+14,ballzy,https://www.facebook.com/ads/archive/render_ad/?id=831391616282050&access_token=EAATnrmoQyC4BQptmsbNRdpMvgWhT9ZCeeMMlHDkxMXfJ2nK6fMZAk2p9lKk0ofSe3VJBPuz92dPfwiAVjmS2ZCoS7xLFsfFcl3R0EZAhf5ct7tPBlrxE7lxNtKKSRD4BlK1MAuYA7zjMuXKiS0o7eOkkQsTbvvT0TMpX7WoMajScg9PKRZBs3m5KGt4Um9A8HstpDdQRr
Meta Ads Library,Weekend.lt,1.36449E+15,ballzy,https://www.facebook.com/ads/archive/render_ad/?id=1364489212130079&access_token=EAATnrmoQyC4BQptmsbNRdpMvgWhT9ZCeeMMlHDkxMXfJ2nK6fMZAk2p9lKk0ofSe3VJBPuz92dPfwiAVjmS2ZCoS7xLFsfFcl3R0EZAhf5ct7tPBlrxE7lxNtKKSRD4BlK1MAuYA7zjMuXKiS0o7eOkkQsTbvvT0TMpX7WoMajScg9PKRZBs3m5KGt4Um9A8HstpDdQRr
Meta Ads Library,Ignitis Group Eesti,2.63366E+16,enefit,https://www.facebook.com/ads/archive/render_ad/?id=26336614529322078&access_token=EAATnrmoQyC4BQptmsbNRdpMvgWhT9ZCeeMMlHDkxMXfJ2nK6fMZAk2p9lKk0ofSe3VJBPuz92dPfwiAVjmS2ZCoS7xLFsfFcl3R0EZAhf5ct7tPBlrxE7lxNtKKSRD4BlK1MAuYA7zjMuXKiS0o7eOkkQsTbvvT0TMpX7WoMajScg9PKRZBs3m5KGt4Um9A8HstpDdQRr
Meta Ads Library,Swedbank Eestis,1.13612E+15,swedbank,https://www.facebook.com/ads/archive/render_ad/?id=1136121997986508&access_token=EAATnrmoQyC4BQPVFaEdvyWfH85nc9J1azy5Q3EZCsaaFpLOAG9mEhR1mfp8tmZAxRmBf2IRN553VRRdSaWWJUedu3OFNvLi6Jf9yHmQkSryfa7HC1lnTHUoDGLJFXNS38IeFpk3ZBBnLtpERHKOgzlznywHZAnzlGFoqmGcIcZBTiOgc4ybEkN3braKPoQgJuFpHi7zrs
Meta Ads Library,Seesam kindlustus,2.0316E+15,swedbank,https://www.facebook.com/ads/archive/render_ad/?id=2031595203959859&access_token=EAATnrmoQyC4BOyPI2UlrqFMQKk5vv6XeANCnonDt4Ho3GPZCm24pBF6XxsSP0Qh3kIdZCuPUtE6BvZBSuq1WwOhhHeZC7dnXLq9u3XRiPfzaTxZBalwm2gvQPVjbAEyHImZBEa9uHUj8yB0OSaDuDsgTaLPYzvCZCd5fnGkOLIjhAkfnRyK2nOmUnAFTlG8Ujgl
Meta Ads Library,Ballzy Lietuva,3.86711E+14,ballzy,https://www.facebook.com/ads/archive/render_ad/?id=386711221061060&access_token=EAATnrmoQyC4BOyPI2UlrqFMQKk5vv6XeANCnonDt4Ho3GPZCm24pBF6XxsSP0Qh3kIdZCuPUtE6BvZBSuq1WwOhhHeZC7dnXLq9u3XRiPfzaTxZBalwm2gvQPVjbAEyHImZBEa9uHUj8yB0OSaDuDsgTaLPYzvCZCd5fnGkOLIjhAkfnRyK2nOmUnAFTlG8Ujgl
Meta Ads Library,Ballzy Suomi,3.3178E+14,ballzy,https://www.facebook.com/ads/archive/render_ad/?id=331779616631074&access_token=EAATnrmoQyC4BOyPI2UlrqFMQKk5vv6XeANCnonDt4Ho3GPZCm24pBF6XxsSP0Qh3kIdZCuPUtE6BvZBSuq1WwOhhHeZC7dnXLq9u3XRiPfzaTxZBalwm2gvQPVjbAEyHImZBEa9uHUj8yB0OSaDuDsgTaLPYzvCZCd5fnGkOLIjhAkfnRyK2nOmUnAFTlG8Ujgl
Meta Ads Library,Enefit Eesti,1.08863E+15,enefit,https://www.facebook.com/ads/archive/render_ad/?id=1088634143167595&access_token=EAATnrmoQyC4BQPVFaEdvyWfH85nc9J1azy5Q3EZCsaaFpLOAG9mEhR1mfp8tmZAxRmBf2IRN553VRRdSaWWJUedu3OFNvLi6Jf9yHmQkSryfa7HC1lnTHUoDGLJFXNS38IeFpk3ZBBnLtpERHKOgzlznywHZAnzlGFoqmGcIcZBTiOgc4ybEkN3braKPoQgJuFpHi7zrs
Meta Ads Library,Enefit Eesti,4.11187E+15,enefit,https://www.facebook.com/ads/archive/render_ad/?id=4111870415740711&access_token=EAATnrmoQyC4BQPVFaEdvyWfH85nc9J1azy5Q3EZCsaaFpLOAG9mEhR1mfp8tmZAxRmBf2IRN553VRRdSaWWJUedu3OFNvLi6Jf9yHmQkSryfa7HC1lnTHUoDGLJFXNS38IeFpk3ZBBnLtpERHKOgzlznywHZAnzlGFoqmGcIcZBTiOgc4ybEkN3braKPoQgJuFpHi7zrs
Meta Ads Library,Terminal Energia,2.09808E+15,enefit,https://www.facebook.com/ads/archive/render_ad/?id=2098075754008121&access_token=EAATnrmoQyC4BQPVFaEdvyWfH85nc9J1azy5Q3EZCsaaFpLOAG9mEhR1mfp8tmZAxRmBf2IRN553VRRdSaWWJUedu3OFNvLi6Jf9yHmQkSryfa7HC1lnTHUoDGLJFXNS38IeFpk3ZBBnLtpERHKOgzlznywHZAnzlGFoqmGcIcZBTiOgc4ybEkN3braKPoQgJuFpHi7zrs
Meta Ads Library,Citadele Eesti,1.78461E+15,swedbank,https://www.facebook.com/ads/archive/render_ad/?id=1784610428758284&access_token=EAATnrmoQyC4BQPVFaEdvyWfH85nc9J1azy5Q3EZCsaaFpLOAG9mEhR1mfp8tmZAxRmBf2IRN553VRRdSaWWJUedu3OFNvLi6Jf9yHmQkSryfa7HC1lnTHUoDGLJFXNS38IeFpk3ZBBnLtpERHKOgzlznywHZAnzlGFoqmGcIcZBTiOgc4ybEkN3braKPoQgJuFpHi7zrs
Meta Ads Library,Hepsor,8.96429E+14,liven,https://www.facebook.com/ads/archive/render_ad/?id=896428929140897&access_token=EAATnrmoQyC4BQPVFaEdvyWfH85nc9J1azy5Q3EZCsaaFpLOAG9mEhR1mfp8tmZAxRmBf2IRN553VRRdSaWWJUedu3OFNvLi6Jf9yHmQkSryfa7HC1lnTHUoDGLJFXNS38IeFpk3ZBBnLtpERHKOgzlznywHZAnzlGFoqmGcIcZBTiOgc4ybEkN3braKPoQgJuFpHi7zrs
Meta Ads Library,Ballzy Suomi,1.08105E+15,ballzy,https://www.facebook.com/ads/archive/render_ad/?id=1081045433350048&access_token=EAATnrmoQyC4BOyPI2UlrqFMQKk5vv6XeANCnonDt4Ho3GPZCm24pBF6XxsSP0Qh3kIdZCuPUtE6BvZBSuq1WwOhhHeZC7dnXLq9u3XRiPfzaTxZBalwm2gvQPVjbAEyHImZBEa9uHUj8yB0OSaDuDsgTaLPYzvCZCd5fnGkOLIjhAkfnRyK2nOmUnAFTlG8Ujgl
Meta Ads Library,BSTN Store,3.80258E+15,ballzy,https://www.facebook.com/ads/archive/render_ad/?id=3802578290003835&access_token=EAATnrmoQyC4BOyPI2UlrqFMQKk5vv6XeANCnonDt4Ho3GPZCm24pBF6XxsSP0Qh3kIdZCuPUtE6BvZBSuq1WwOhhHeZC7dnXLq9u3XRiPfzaTxZBalwm2gvQPVjbAEyHImZBEa9uHUj8yB0OSaDuDsgTaLPYzvCZCd5fnGkOLIjhAkfnRyK2nOmUnAFTlG8Ujgl
Meta Ads Library,Luminor Eesti,3.48904E+15,swedbank,https://www.facebook.com/ads/archive/render_ad/?id=3489039337909905&access_token=EAATnrmoQyC4BQptmsbNRdpMvgWhT9ZCeeMMlHDkxMXfJ2nK6fMZAk2p9lKk0ofSe3VJBPuz92dPfwiAVjmS2ZCoS7xLFsfFcl3R0EZAhf5ct7tPBlrxE7lxNtKKSRD4BlK1MAuYA7zjMuXKiS0o7eOkkQsTbvvT0TMpX7WoMajScg9PKRZBs3m5KGt4Um9A8HstpDdQRr
Meta Ads Library,Ballzy Lietuva,1.54362E+15,ballzy,https://www.facebook.com/ads/archive/render_ad/?id=1543618990372535&access_token=EAATnrmoQyC4BOyPI2UlrqFMQKk5vv6XeANCnonDt4Ho3GPZCm24pBF6XxsSP0Qh3kIdZCuPUtE6BvZBSuq1WwOhhHeZC7dnXLq9u3XRiPfzaTxZBalwm2gvQPVjbAEyHImZBEa9uHUj8yB0OSaDuDsgTaLPYzvCZCd5fnGkOLIjhAkfnRyK2nOmUnAFTlG8Ujgl
Meta Ads Library,Swedbank Eestis,1.63772E+15,swedbank,https://www.facebook.com/ads/archive/render_ad/?id=1637715300250010&access_token=EAATnrmoQyC4BQPVFaEdvyWfH85nc9J1azy5Q3EZCsaaFpLOAG9mEhR1mfp8tmZAxRmBf2IRN553VRRdSaWWJUedu3OFNvLi6Jf9yHmQkSryfa7HC1lnTHUoDGLJFXNS38IeFpk3ZBBnLtpERHKOgzlznywHZAnzlGFoqmGcIcZBTiOgc4ybEkN3braKPoQgJuFpHi7zrs
Meta Ads Library,SEB Eesti,1.13079E+15,swedbank,https://www.facebook.com/ads/archive/render_ad/?id=1130787428021631&access_token=EAATnrmoQyC4BOyPI2UlrqFMQKk5vv6XeANCnonDt4Ho3GPZCm24pBF6XxsSP0Qh3kIdZCuPUtE6BvZBSuq1WwOhhHeZC7dnXLq9u3XRiPfzaTxZBalwm2gvQPVjbAEyHImZBEa9uHUj8yB0OSaDuDsgTaLPYzvCZCd5fnGkOLIjhAkfnRyK2nOmUnAFTlG8Ujgl
Meta Ads Library,Citadele Eesti,1.52875E+15,swedbank,https://www.facebook.com/ads/archive/render_ad/?id=1528754228061989&access_token=EAATnrmoQyC4BOyPI2UlrqFMQKk5vv6XeANCnonDt4Ho3GPZCm24pBF6XxsSP0Qh3kIdZCuPUtE6BvZBSuq1WwOhhHeZC7dnXLq9u3XRiPfzaTxZBalwm2gvQPVjbAEyHImZBEa9uHUj8yB0OSaDuDsgTaLPYzvCZCd5fnGkOLIjhAkfnRyK2nOmUnAFTlG8Ujgl
Meta Ads Library,Coral Travel Latvia,6.49382E+14,teztour,https://www.facebook.com/ads/archive/render_ad/?id=649382100865868&access_token=EAATnrmoQyC4BQPVFaEdvyWfH85nc9J1azy5Q3EZCsaaFpLOAG9mEhR1mfp8tmZAxRmBf2IRN553VRRdSaWWJUedu3OFNvLi6Jf9yHmQkSryfa7HC1lnTHUoDGLJFXNS38IeFpk3ZBBnLtpERHKOgzlznywHZAnzlGFoqmGcIcZBTiOgc4ybEkN3braKPoQgJuFpHi7zrs
Meta Ads Library,BSTN Store,1.39234E+15,ballzy,https://www.facebook.com/ads/archive/render_ad/?id=1392344738732443&access_token=EAATnrmoQyC4BPs1GFkdV11JnEwK18Y8SLMH9XxyP1QZA12GZBXpFNXt4CEn7HUJVZAYL5pFEXRSZCIdgVqP5T08KTd8pQGXvNZCam0j0PqoRFCsskhbBt4ZAXMXFOpa0ECGYHZA8NTLdIW8Nry28X4W5VJDVRVvrn9v1R3X8HFx4OAx1POcTnhYscXKCiQv7yFEdGdyRtLU
Meta Ads Library,SEB Eesti,1.70644E+15,swedbank,https://www.facebook.com/ads/archive/render_ad/?id=1706444066741631&access_token=EAATnrmoQyC4BQPVFaEdvyWfH85nc9J1azy5Q3EZCsaaFpLOAG9mEhR1mfp8tmZAxRmBf2IRN553VRRdSaWWJUedu3OFNvLi6Jf9yHmQkSryfa7HC1lnTHUoDGLJFXNS38IeFpk3ZBBnLtpERHKOgzlznywHZAnzlGFoqmGcIcZBTiOgc4ybEkN3braKPoQgJuFpHi7zrs
Meta Ads Library,LHV,8.70155E+14,swedbank,https://www.facebook.com/ads/archive/render_ad/?id=870155411750789&access_token=EAATnrmoQyC4BOyPI2UlrqFMQKk5vv6XeANCnonDt4Ho3GPZCm24pBF6XxsSP0Qh3kIdZCuPUtE6BvZBSuq1WwOhhHeZC7dnXLq9u3XRiPfzaTxZBalwm2gvQPVjbAEyHImZBEa9uHUj8yB0OSaDuDsgTaLPYzvCZCd5fnGkOLIjhAkfnRyK2nOmUnAFTlG8Ujgl
Meta Ads Library,Coral Travel Lithuania,5.87248E+14,teztour,https://www.facebook.com/ads/archive/render_ad/?id=587248260983503&access_token=EAATnrmoQyC4BQPVFaEdvyWfH85nc9J1azy5Q3EZCsaaFpLOAG9mEhR1mfp8tmZAxRmBf2IRN553VRRdSaWWJUedu3OFNvLi6Jf9yHmQkSryfa7HC1lnTHUoDGLJFXNS38IeFpk3ZBBnLtpERHKOgzlznywHZAnzlGFoqmGcIcZBTiOgc4ybEkN3braKPoQgJuFpHi7zrs
Meta Ads Library,Weekend.lt,8.22328E+14,ballzy,https://www.facebook.com/ads/archive/render_ad/?id=822328063586584&access_token=EAATnrmoQyC4BQptmsbNRdpMvgWhT9ZCeeMMlHDkxMXfJ2nK6fMZAk2p9lKk0ofSe3VJBPuz92dPfwiAVjmS2ZCoS7xLFsfFcl3R0EZAhf5ct7tPBlrxE7lxNtKKSRD4BlK1MAuYA7zjMuXKiS0o7eOkkQsTbvvT0TMpX7WoMajScg9PKRZBs3m5KGt4Um9A8HstpDdQRr
Meta Ads Library,Hepsor,8.41212E+14,liven,https://www.facebook.com/ads/archive/render_ad/?id=841211718633458&access_token=EAATnrmoQyC4BQptmsbNRdpMvgWhT9ZCeeMMlHDkxMXfJ2nK6fMZAk2p9lKk0ofSe3VJBPuz92dPfwiAVjmS2ZCoS7xLFsfFcl3R0EZAhf5ct7tPBlrxE7lxNtKKSRD4BlK1MAuYA7zjMuXKiS0o7eOkkQsTbvvT0TMpX7WoMajScg9PKRZBs3m5KGt4Um9A8HstpDdQRr
Meta Ads Library,BSTN Store,1.26658E+15,ballzy,https://www.facebook.com/ads/archive/render_ad/?id=1266579855259376&access_token=EAATnrmoQyC4BPs1GFkdV11JnEwK18Y8SLMH9XxyP1QZA12GZBXpFNXt4CEn7HUJVZAYL5pFEXRSZCIdgVqP5T08KTd8pQGXvNZCam0j0PqoRFCsskhbBt4ZAXMXFOpa0ECGYHZA8NTLdIW8Nry28X4W5VJDVRVvrn9v1R3X8HFx4OAx1POcTnhYscXKCiQv7yFEdGdyRtLU
Meta Ads Library,Alexela,1.50817E+15,enefit,https://www.facebook.com/ads/archive/render_ad/?id=1508174227042896&access_token=EAATnrmoQyC4BQPVFaEdvyWfH85nc9J1azy5Q3EZCsaaFpLOAG9mEhR1mfp8tmZAxRmBf2IRN553VRRdSaWWJUedu3OFNvLi6Jf9yHmQkSryfa7HC1lnTHUoDGLJFXNS38IeFpk3ZBBnLtpERHKOgzlznywHZAnzlGFoqmGcIcZBTiOgc4ybEkN3braKPoQgJuFpHi7zrs
Meta Ads Library,LHV finantsportaal,5.35578E+14,swedbank,https://www.facebook.com/ads/archive/render_ad/?id=535578368889610&access_token=EAATnrmoQyC4BOyPI2UlrqFMQKk5vv6XeANCnonDt4Ho3GPZCm24pBF6XxsSP0Qh3kIdZCuPUtE6BvZBSuq1WwOhhHeZC7dnXLq9u3XRiPfzaTxZBalwm2gvQPVjbAEyHImZBEa9uHUj8yB0OSaDuDsgTaLPYzvCZCd5fnGkOLIjhAkfnRyK2nOmUnAFTlG8Ujgl
Meta Ads Library,Ballzy Eesti,2.32008E+15,ballzy,https://www.facebook.com/ads/archive/render_ad/?id=2320076121667364&access_token=EAATnrmoQyC4BOyPI2UlrqFMQKk5vv6XeANCnonDt4Ho3GPZCm24pBF6XxsSP0Qh3kIdZCuPUtE6BvZBSuq1WwOhhHeZC7dnXLq9u3XRiPfzaTxZBalwm2gvQPVjbAEyHImZBEa9uHUj8yB0OSaDuDsgTaLPYzvCZCd5fnGkOLIjhAkfnRyK2nOmUnAFTlG8Ujgl
Meta Ads Library,Ballzy Latvija,1.28849E+15,ballzy,https://www.facebook.com/ads/archive/render_ad/?id=1288491882978159&access_token=EAATnrmoQyC4BQPVFaEdvyWfH85nc9J1azy5Q3EZCsaaFpLOAG9mEhR1mfp8tmZAxRmBf2IRN553VRRdSaWWJUedu3OFNvLi6Jf9yHmQkSryfa7HC1lnTHUoDGLJFXNS38IeFpk3ZBBnLtpERHKOgzlznywHZAnzlGFoqmGcIcZBTiOgc4ybEkN3braKPoQgJuFpHi7zrs
Meta Ads Library,SEB Eesti,2.12505E+15,swedbank,https://www.facebook.com/ads/archive/render_ad/?id=2125051014591996&access_token=EAATnrmoQyC4BQPVFaEdvyWfH85nc9J1azy5Q3EZCsaaFpLOAG9mEhR1mfp8tmZAxRmBf2IRN553VRRdSaWWJUedu3OFNvLi6Jf9yHmQkSryfa7HC1lnTHUoDGLJFXNS38IeFpk3ZBBnLtpERHKOgzlznywHZAnzlGFoqmGcIcZBTiOgc4ybEkN3braKPoQgJuFpHi7zrs
Meta Ads Library,Luminor Eesti,1.48945E+15,swedbank,https://www.facebook.com/ads/archive/render_ad/?id=1489447332504095&access_token=EAATnrmoQyC4BQPVFaEdvyWfH85nc9J1azy5Q3EZCsaaFpLOAG9mEhR1mfp8tmZAxRmBf2IRN553VRRdSaWWJUedu3OFNvLi6Jf9yHmQkSryfa7HC1lnTHUoDGLJFXNS38IeFpk3ZBBnLtpERHKOgzlznywHZAnzlGFoqmGcIcZBTiOgc4ybEkN3braKPoQgJuFpHi7zrs
Meta Ads Library,Coral Travel Latvia,6.95798E+14,teztour,https://www.facebook.com/ads/archive/render_ad/?id=695798333186923&access_token=EAATnrmoQyC4BQPVFaEdvyWfH85nc9J1azy5Q3EZCsaaFpLOAG9mEhR1mfp8tmZAxRmBf2IRN553VRRdSaWWJUedu3OFNvLi6Jf9yHmQkSryfa7HC1lnTHUoDGLJFXNS38IeFpk3ZBBnLtpERHKOgzlznywHZAnzlGFoqmGcIcZBTiOgc4ybEkN3braKPoQgJuFpHi7zrs
Meta Ads Library,Seesam kindlustus,1.00901E+15,swedbank,https://www.facebook.com/ads/archive/render_ad/?id=1009013857783657&access_token=EAATnrmoQyC4BQPVFaEdvyWfH85nc9J1azy5Q3EZCsaaFpLOAG9mEhR1mfp8tmZAxRmBf2IRN553VRRdSaWWJUedu3OFNvLi6Jf9yHmQkSryfa7HC1lnTHUoDGLJFXNS38IeFpk3ZBBnLtpERHKOgzlznywHZAnzlGFoqmGcIcZBTiOgc4ybEkN3braKPoQgJuFpHi7zrs
Meta Ads Library,Luminor Eesti,8.53397E+14,swedbank,https://www.facebook.com/ads/archive/render_ad/?id=853397254350635&access_token=EAATnrmoQyC4BQptmsbNRdpMvgWhT9ZCeeMMlHDkxMXfJ2nK6fMZAk2p9lKk0ofSe3VJBPuz92dPfwiAVjmS2ZCoS7xLFsfFcl3R0EZAhf5ct7tPBlrxE7lxNtKKSRD4BlK1MAuYA7zjMuXKiS0o7eOkkQsTbvvT0TMpX7WoMajScg9PKRZBs3m5KGt4Um9A8HstpDdQRr
Meta Ads Library,Confido,1.94015E+15,meliva,https://www.facebook.com/ads/archive/render_ad/?id=1940152886443489&access_token=EAATnrmoQyC4BO5erfu0T8wppuuMsqCZCnReXzEYpZAE2SuHMabkeRUXfkbCAdlN6QqZADLZAC3kW4zSBZAUYvrEe5WEyxqd6tPkCitApLgaiLpJyZAFbsttB4ePIsz7s9dCXObDRZBE4zZCfVDCOaDzwBajqvt8tZCLyglNfHAVFymweyRxgxwtmq6IHSiwo9Nmvr3dPAXdXF
Meta Ads Library,Coral Travel Lithuania,1.34303E+15,teztour,https://www.facebook.com/ads/archive/render_ad/?id=1343030070805068&access_token=EAATnrmoQyC4BQptmsbNRdpMvgWhT9ZCeeMMlHDkxMXfJ2nK6fMZAk2p9lKk0ofSe3VJBPuz92dPfwiAVjmS2ZCoS7xLFsfFcl3R0EZAhf5ct7tPBlrxE7lxNtKKSRD4BlK1MAuYA7zjMuXKiS0o7eOkkQsTbvvT0TMpX7WoMajScg9PKRZBs3m5KGt4Um9A8HstpDdQRr
Meta Ads Library,Coral Travel Lithuania,1.55261E+15,teztour,https://www.facebook.com/ads/archive/render_ad/?id=1552605292816226&access_token=EAATnrmoQyC4BQptmsbNRdpMvgWhT9ZCeeMMlHDkxMXfJ2nK6fMZAk2p9lKk0ofSe3VJBPuz92dPfwiAVjmS2ZCoS7xLFsfFcl3R0EZAhf5ct7tPBlrxE7lxNtKKSRD4BlK1MAuYA7zjMuXKiS0o7eOkkQsTbvvT0TMpX7WoMajScg9PKRZBs3m5KGt4Um9A8HstpDdQRr
Meta Ads Library,Modivo,1.48584E+15,ballzy,https://www.facebook.com/ads/archive/render_ad/?id=1485838972457236&access_token=EAATnrmoQyC4BQptmsbNRdpMvgWhT9ZCeeMMlHDkxMXfJ2nK6fMZAk2p9lKk0ofSe3VJBPuz92dPfwiAVjmS2ZCoS7xLFsfFcl3R0EZAhf5ct7tPBlrxE7lxNtKKSRD4BlK1MAuYA7zjMuXKiS0o7eOkkQsTbvvT0TMpX7WoMajScg9PKRZBs3m5KGt4Um9A8HstpDdQRr
Meta Ads Library,Ballzy Suomi,2.52282E+16,ballzy,https://www.facebook.com/ads/archive/render_ad/?id=25228183573513048&access_token=EAATnrmoQyC4BQptmsbNRdpMvgWhT9ZCeeMMlHDkxMXfJ2nK6fMZAk2p9lKk0ofSe3VJBPuz92dPfwiAVjmS2ZCoS7xLFsfFcl3R0EZAhf5ct7tPBlrxE7lxNtKKSRD4BlK1MAuYA7zjMuXKiS0o7eOkkQsTbvvT0TMpX7WoMajScg9PKRZBs3m5KGt4Um9A8HstpDdQRr
Meta Ads Library,Rademar,4.2117E+14,ballzy,https://www.facebook.com/ads/archive/render_ad/?id=421170307619938&access_token=EAATnrmoQyC4BOyPI2UlrqFMQKk5vv6XeANCnonDt4Ho3GPZCm24pBF6XxsSP0Qh3kIdZCuPUtE6BvZBSuq1WwOhhHeZC7dnXLq9u3XRiPfzaTxZBalwm2gvQPVjbAEyHImZBEa9uHUj8yB0OSaDuDsgTaLPYzvCZCd5fnGkOLIjhAkfnRyK2nOmUnAFTlG8Ujgl
Meta Ads Library,Coop Pank,5.15499E+14,swedbank,https://www.facebook.com/ads/archive/render_ad/?id=515499094404401&access_token=EAATnrmoQyC4BOyPI2UlrqFMQKk5vv6XeANCnonDt4Ho3GPZCm24pBF6XxsSP0Qh3kIdZCuPUtE6BvZBSuq1WwOhhHeZC7dnXLq9u3XRiPfzaTxZBalwm2gvQPVjbAEyHImZBEa9uHUj8yB0OSaDuDsgTaLPYzvCZCd5fnGkOLIjhAkfnRyK2nOmUnAFTlG8Ujgl
Meta Ads Library,Modivo,1.51953E+15,ballzy,https://www.facebook.com/ads/archive/render_ad/?id=1519529691991343&access_token=EAATnrmoQyC4BQPVFaEdvyWfH85nc9J1azy5Q3EZCsaaFpLOAG9mEhR1mfp8tmZAxRmBf2IRN553VRRdSaWWJUedu3OFNvLi6Jf9yHmQkSryfa7HC1lnTHUoDGLJFXNS38IeFpk3ZBBnLtpERHKOgzlznywHZAnzlGFoqmGcIcZBTiOgc4ybEkN3braKPoQgJuFpHi7zrs
Meta Ads Library,Confido,1.04268E+15,meliva,https://www.facebook.com/ads/archive/render_ad/?id=1042675300681677&access_token=EAATnrmoQyC4BQPVFaEdvyWfH85nc9J1azy5Q3EZCsaaFpLOAG9mEhR1mfp8tmZAxRmBf2IRN553VRRdSaWWJUedu3OFNvLi6Jf9yHmQkSryfa7HC1lnTHUoDGLJFXNS38IeFpk3ZBBnLtpERHKOgzlznywHZAnzlGFoqmGcIcZBTiOgc4ybEkN3braKPoQgJuFpHi7zrs
Meta Ads Library,Swedbank Eestis,1.49042E+15,swedbank,https://www.facebook.com/ads/archive/render_ad/?id=1490422648858532&access_token=EAATnrmoQyC4BQptmsbNRdpMvgWhT9ZCeeMMlHDkxMXfJ2nK6fMZAk2p9lKk0ofSe3VJBPuz92dPfwiAVjmS2ZCoS7xLFsfFcl3R0EZAhf5ct7tPBlrxE7lxNtKKSRD4BlK1MAuYA7zjMuXKiS0o7eOkkQsTbvvT0TMpX7WoMajScg9PKRZBs3m5KGt4Um9A8HstpDdQRr
Meta Ads Library,SEB Eesti,8.36477E+14,swedbank,https://www.facebook.com/ads/archive/render_ad/?id=836476815630209&access_token=EAATnrmoQyC4BQptmsbNRdpMvgWhT9ZCeeMMlHDkxMXfJ2nK6fMZAk2p9lKk0ofSe3VJBPuz92dPfwiAVjmS2ZCoS7xLFsfFcl3R0EZAhf5ct7tPBlrxE7lxNtKKSRD4BlK1MAuYA7zjMuXKiS0o7eOkkQsTbvvT0TMpX7WoMajScg9PKRZBs3m5KGt4Um9A8HstpDdQRr
Meta Ads Library,Swedbank Eestis,1.69195E+15,swedbank,https://www.facebook.com/ads/archive/render_ad/?id=1691950881506108&access_token=EAATnrmoQyC4BQPVFaEdvyWfH85nc9J1azy5Q3EZCsaaFpLOAG9mEhR1mfp8tmZAxRmBf2IRN553VRRdSaWWJUedu3OFNvLi6Jf9yHmQkSryfa7HC1lnTHUoDGLJFXNS38IeFpk3ZBBnLtpERHKOgzlznywHZAnzlGFoqmGcIcZBTiOgc4ybEkN3braKPoQgJuFpHi7zrs
Meta Ads Library,ABOUT YOU,1.42187E+15,ballzy,https://www.facebook.com/ads/archive/render_ad/?id=1421874355138257&access_token=EAATnrmoQyC4BQPVFaEdvyWfH85nc9J1azy5Q3EZCsaaFpLOAG9mEhR1mfp8tmZAxRmBf2IRN553VRRdSaWWJUedu3OFNvLi6Jf9yHmQkSryfa7HC1lnTHUoDGLJFXNS38IeFpk3ZBBnLtpERHKOgzlznywHZAnzlGFoqmGcIcZBTiOgc4ybEkN3braKPoQgJuFpHi7zrs
Meta Ads Library,Coral Travel Estonia,1.14377E+15,teztour,https://www.facebook.com/ads/archive/render_ad/?id=1143766393390409&access_token=EAATnrmoQyC4BO5erfu0T8wppuuMsqCZCnReXzEYpZAE2SuHMabkeRUXfkbCAdlN6QqZADLZAC3kW4zSBZAUYvrEe5WEyxqd6tPkCitApLgaiLpJyZAFbsttB4ePIsz7s9dCXObDRZBE4zZCfVDCOaDzwBajqvt8tZCLyglNfHAVFymweyRxgxwtmq6IHSiwo9Nmvr3dPAXdXF
Meta Ads Library,Bigbank Eesti,2.20303E+15,swedbank,https://www.facebook.com/ads/archive/render_ad/?id=2203032246705907&access_token=EAATnrmoQyC4BOyPI2UlrqFMQKk5vv6XeANCnonDt4Ho3GPZCm24pBF6XxsSP0Qh3kIdZCuPUtE6BvZBSuq1WwOhhHeZC7dnXLq9u3XRiPfzaTxZBalwm2gvQPVjbAEyHImZBEa9uHUj8yB0OSaDuDsgTaLPYzvCZCd5fnGkOLIjhAkfnRyK2nOmUnAFTlG8Ujgl
Meta Ads Library,Citadele pank,1.0982E+15,swedbank,https://www.facebook.com/ads/archive/render_ad/?id=1098203838860301&access_token=EAATnrmoQyC4BQPVFaEdvyWfH85nc9J1azy5Q3EZCsaaFpLOAG9mEhR1mfp8tmZAxRmBf2IRN553VRRdSaWWJUedu3OFNvLi6Jf9yHmQkSryfa7HC1lnTHUoDGLJFXNS38IeFpk3ZBBnLtpERHKOgzlznywHZAnzlGFoqmGcIcZBTiOgc4ybEkN3braKPoQgJuFpHi7zrs
Meta Ads Library,Weekend.lt,2.39956E+16,ballzy,https://www.facebook.com/ads/archive/render_ad/?id=23995635653419057&access_token=EAATnrmoQyC4BQPVFaEdvyWfH85nc9J1azy5Q3EZCsaaFpLOAG9mEhR1mfp8tmZAxRmBf2IRN553VRRdSaWWJUedu3OFNvLi6Jf9yHmQkSryfa7HC1lnTHUoDGLJFXNS38IeFpk3ZBBnLtpERHKOgzlznywHZAnzlGFoqmGcIcZBTiOgc4ybEkN3braKPoQgJuFpHi7zrs
Meta Ads Library,Tuleva,1.08523E+15,swedbank,https://www.facebook.com/ads/archive/render_ad/?id=1085232916773243&access_token=EAATnrmoQyC4BQPVFaEdvyWfH85nc9J1azy5Q3EZCsaaFpLOAG9mEhR1mfp8tmZAxRmBf2IRN553VRRdSaWWJUedu3OFNvLi6Jf9yHmQkSryfa7HC1lnTHUoDGLJFXNS38IeFpk3ZBBnLtpERHKOgzlznywHZAnzlGFoqmGcIcZBTiOgc4ybEkN3braKPoQgJuFpHi7zrs
Meta Ads Library,itk,9.66974E+15,ballzy,https://www.facebook.com/ads/archive/render_ad/?id=9669743903040353&access_token=EAATnrmoQyC4BO5erfu0T8wppuuMsqCZCnReXzEYpZAE2SuHMabkeRUXfkbCAdlN6QqZADLZAC3kW4zSBZAUYvrEe5WEyxqd6tPkCitApLgaiLpJyZAFbsttB4ePIsz7s9dCXObDRZBE4zZCfVDCOaDzwBajqvt8tZCLyglNfHAVFymweyRxgxwtmq6IHSiwo9Nmvr3dPAXdXF
Meta Ads Library,SEB Eesti,7.72271E+14,swedbank,https://www.facebook.com/ads/archive/render_ad/?id=772270588403293&access_token=EAATnrmoQyC4BOyPI2UlrqFMQKk5vv6XeANCnonDt4Ho3GPZCm24pBF6XxsSP0Qh3kIdZCuPUtE6BvZBSuq1WwOhhHeZC7dnXLq9u3XRiPfzaTxZBalwm2gvQPVjbAEyHImZBEa9uHUj8yB0OSaDuDsgTaLPYzvCZCd5fnGkOLIjhAkfnRyK2nOmUnAFTlG8Ujgl
Meta Ads Library,Tuleva,6.65517E+14,swedbank,https://www.facebook.com/ads/archive/render_ad/?id=665516719322383&access_token=EAATnrmoQyC4BQPVFaEdvyWfH85nc9J1azy5Q3EZCsaaFpLOAG9mEhR1mfp8tmZAxRmBf2IRN553VRRdSaWWJUedu3OFNvLi6Jf9yHmQkSryfa7HC1lnTHUoDGLJFXNS38IeFpk3ZBBnLtpERHKOgzlznywHZAnzlGFoqmGcIcZBTiOgc4ybEkN3braKPoQgJuFpHi7zrs
Meta Ads Library,Aurora Clinic,7.34703E+14,meliva,https://www.facebook.com/ads/archive/render_ad/?id=734702959273179&access_token=EAATnrmoQyC4BQPVFaEdvyWfH85nc9J1azy5Q3EZCsaaFpLOAG9mEhR1mfp8tmZAxRmBf2IRN553VRRdSaWWJUedu3OFNvLi6Jf9yHmQkSryfa7HC1lnTHUoDGLJFXNS38IeFpk3ZBBnLtpERHKOgzlznywHZAnzlGFoqmGcIcZBTiOgc4ybEkN3braKPoQgJuFpHi7zrs
Meta Ads Library,Holm Bank,5.34355E+14,swedbank,https://www.facebook.com/ads/archive/render_ad/?id=534355489446543&access_token=EAATnrmoQyC4BOyPI2UlrqFMQKk5vv6XeANCnonDt4Ho3GPZCm24pBF6XxsSP0Qh3kIdZCuPUtE6BvZBSuq1WwOhhHeZC7dnXLq9u3XRiPfzaTxZBalwm2gvQPVjbAEyHImZBEa9uHUj8yB0OSaDuDsgTaLPYzvCZCd5fnGkOLIjhAkfnRyK2nOmUnAFTlG8Ujgl
Meta Ads Library,PZU Kindlustus,1.48032E+15,swedbank,https://www.facebook.com/ads/archive/render_ad/?id=1480315053195162&access_token=EAATnrmoQyC4BQPVFaEdvyWfH85nc9J1azy5Q3EZCsaaFpLOAG9mEhR1mfp8tmZAxRmBf2IRN553VRRdSaWWJUedu3OFNvLi6Jf9yHmQkSryfa7HC1lnTHUoDGLJFXNS38IeFpk3ZBBnLtpERHKOgzlznywHZAnzlGFoqmGcIcZBTiOgc4ybEkN3braKPoQgJuFpHi7zrs
Meta Ads Library,Weekend.lt,7.75264E+14,ballzy,https://www.facebook.com/ads/archive/render_ad/?id=775264421800103&access_token=EAATnrmoQyC4BQptmsbNRdpMvgWhT9ZCeeMMlHDkxMXfJ2nK6fMZAk2p9lKk0ofSe3VJBPuz92dPfwiAVjmS2ZCoS7xLFsfFcl3R0EZAhf5ct7tPBlrxE7lxNtKKSRD4BlK1MAuYA7zjMuXKiS0o7eOkkQsTbvvT0TMpX7WoMajScg9PKRZBs3m5KGt4Um9A8HstpDdQRr
Meta Ads Library,ABOUT YOU,2.03466E+15,ballzy,https://www.facebook.com/ads/archive/render_ad/?id=2034661927301194&access_token=EAATnrmoQyC4BQptmsbNRdpMvgWhT9ZCeeMMlHDkxMXfJ2nK6fMZAk2p9lKk0ofSe3VJBPuz92dPfwiAVjmS2ZCoS7xLFsfFcl3R0EZAhf5ct7tPBlrxE7lxNtKKSRD4BlK1MAuYA7zjMuXKiS0o7eOkkQsTbvvT0TMpX7WoMajScg9PKRZBs3m5KGt4Um9A8HstpDdQRr
Meta Ads Library,Weekend.lt,6.9152E+14,ballzy,https://www.facebook.com/ads/archive/render_ad/?id=691519843542752&access_token=EAATnrmoQyC4BQptmsbNRdpMvgWhT9ZCeeMMlHDkxMXfJ2nK6fMZAk2p9lKk0ofSe3VJBPuz92dPfwiAVjmS2ZCoS7xLFsfFcl3R0EZAhf5ct7tPBlrxE7lxNtKKSRD4BlK1MAuYA7zjMuXKiS0o7eOkkQsTbvvT0TMpX7WoMajScg9PKRZBs3m5KGt4Um9A8HstpDdQRr
Meta Ads Library,Ballzy Basketball,7.01601E+14,ballzy,https://www.facebook.com/ads/archive/render_ad/?id=701601192461610&access_token=EAATnrmoQyC4BQPVFaEdvyWfH85nc9J1azy5Q3EZCsaaFpLOAG9mEhR1mfp8tmZAxRmBf2IRN553VRRdSaWWJUedu3OFNvLi6Jf9yHmQkSryfa7HC1lnTHUoDGLJFXNS38IeFpk3ZBBnLtpERHKOgzlznywHZAnzlGFoqmGcIcZBTiOgc4ybEkN3braKPoQgJuFpHi7zrs
Meta Ads Library,SNYKS,1.61112E+15,ballzy,https://www.facebook.com/ads/archive/render_ad/?id=1611122689662753&access_token=EAATnrmoQyC4BOyPI2UlrqFMQKk5vv6XeANCnonDt4Ho3GPZCm24pBF6XxsSP0Qh3kIdZCuPUtE6BvZBSuq1WwOhhHeZC7dnXLq9u3XRiPfzaTxZBalwm2gvQPVjbAEyHImZBEa9uHUj8yB0OSaDuDsgTaLPYzvCZCd5fnGkOLIjhAkfnRyK2nOmUnAFTlG8Ujgl
Meta Ads Library,BSTN Store,9.00064E+14,ballzy,https://www.facebook.com/ads/archive/render_ad/?id=900063908832265&access_token=EAATnrmoQyC4BOyPI2UlrqFMQKk5vv6XeANCnonDt4Ho3GPZCm24pBF6XxsSP0Qh3kIdZCuPUtE6BvZBSuq1WwOhhHeZC7dnXLq9u3XRiPfzaTxZBalwm2gvQPVjbAEyHImZBEa9uHUj8yB0OSaDuDsgTaLPYzvCZCd5fnGkOLIjhAkfnRyK2nOmUnAFTlG8Ujgl
Meta Ads Library,BSTN Store,9.16537E+14,ballzy,https://www.facebook.com/ads/archive/render_ad/?id=916536680381201&access_token=EAATnrmoQyC4BOyPI2UlrqFMQKk5vv6XeANCnonDt4Ho3GPZCm24pBF6XxsSP0Qh3kIdZCuPUtE6BvZBSuq1WwOhhHeZC7dnXLq9u3XRiPfzaTxZBalwm2gvQPVjbAEyHImZBEa9uHUj8yB0OSaDuDsgTaLPYzvCZCd5fnGkOLIjhAkfnRyK2nOmUnAFTlG8Ujgl
Meta Ads Library,Terminal Energia,8.18699E+14,enefit,https://www.facebook.com/ads/archive/render_ad/?id=818698524412592&access_token=EAATnrmoQyC4BQptmsbNRdpMvgWhT9ZCeeMMlHDkxMXfJ2nK6fMZAk2p9lKk0ofSe3VJBPuz92dPfwiAVjmS2ZCoS7xLFsfFcl3R0EZAhf5ct7tPBlrxE7lxNtKKSRD4BlK1MAuYA7zjMuXKiS0o7eOkkQsTbvvT0TMpX7WoMajScg9PKRZBs3m5KGt4Um9A8HstpDdQRr
Meta Ads Library,Weekend.lt,4.24452E+15,ballzy,https://www.facebook.com/ads/archive/render_ad/?id=4244520255793529&access_token=EAATnrmoQyC4BQptmsbNRdpMvgWhT9ZCeeMMlHDkxMXfJ2nK6fMZAk2p9lKk0ofSe3VJBPuz92dPfwiAVjmS2ZCoS7xLFsfFcl3R0EZAhf5ct7tPBlrxE7lxNtKKSRD4BlK1MAuYA7zjMuXKiS0o7eOkkQsTbvvT0TMpX7WoMajScg9PKRZBs3m5KGt4Um9A8HstpDdQRr
Meta Ads Library,Lounge by Zalando,7.11969E+14,ballzy,https://www.facebook.com/ads/archive/render_ad/?id=711968824764745&access_token=EAATnrmoQyC4BQptmsbNRdpMvgWhT9ZCeeMMlHDkxMXfJ2nK6fMZAk2p9lKk0ofSe3VJBPuz92dPfwiAVjmS2ZCoS7xLFsfFcl3R0EZAhf5ct7tPBlrxE7lxNtKKSRD4BlK1MAuYA7zjMuXKiS0o7eOkkQsTbvvT0TMpX7WoMajScg9PKRZBs3m5KGt4Um9A8HstpDdQRr
Meta Ads Library,Medicum,1.47697E+15,meliva,https://www.facebook.com/ads/archive/render_ad/?id=1476974143494950&access_token=EAATnrmoQyC4BQPVFaEdvyWfH85nc9J1azy5Q3EZCsaaFpLOAG9mEhR1mfp8tmZAxRmBf2IRN553VRRdSaWWJUedu3OFNvLi6Jf9yHmQkSryfa7HC1lnTHUoDGLJFXNS38IeFpk3ZBBnLtpERHKOgzlznywHZAnzlGFoqmGcIcZBTiOgc4ybEkN3braKPoQgJuFpHi7zrs
Meta Ads Library,Coop Pank,1.63927E+15,swedbank,https://www.facebook.com/ads/archive/render_ad/?id=1639271806608926&access_token=EAATnrmoQyC4BOyPI2UlrqFMQKk5vv6XeANCnonDt4Ho3GPZCm24pBF6XxsSP0Qh3kIdZCuPUtE6BvZBSuq1WwOhhHeZC7dnXLq9u3XRiPfzaTxZBalwm2gvQPVjbAEyHImZBEa9uHUj8yB0OSaDuDsgTaLPYzvCZCd5fnGkOLIjhAkfnRyK2nOmUnAFTlG8Ujgl
Meta Ads Library,Confido,1.20617E+15,meliva,https://www.facebook.com/ads/archive/render_ad/?id=1206172261309093&access_token=EAATnrmoQyC4BQPVFaEdvyWfH85nc9J1azy5Q3EZCsaaFpLOAG9mEhR1mfp8tmZAxRmBf2IRN553VRRdSaWWJUedu3OFNvLi6Jf9yHmQkSryfa7HC1lnTHUoDGLJFXNS38IeFpk3ZBBnLtpERHKOgzlznywHZAnzlGFoqmGcIcZBTiOgc4ybEkN3braKPoQgJuFpHi7zrs
Meta Ads Library,Hepsor,1.43079E+15,liven,https://www.facebook.com/ads/archive/render_ad/?id=1430789944899353&access_token=EAATnrmoQyC4BQPVFaEdvyWfH85nc9J1azy5Q3EZCsaaFpLOAG9mEhR1mfp8tmZAxRmBf2IRN553VRRdSaWWJUedu3OFNvLi6Jf9yHmQkSryfa7HC1lnTHUoDGLJFXNS38IeFpk3ZBBnLtpERHKOgzlznywHZAnzlGFoqmGcIcZBTiOgc4ybEkN3braKPoQgJuFpHi7zrs
Meta Ads Library,Tuleva,1.75765E+15,swedbank,https://www.facebook.com/ads/archive/render_ad/?id=1757652925125468&access_token=EAATnrmoQyC4BQPVFaEdvyWfH85nc9J1azy5Q3EZCsaaFpLOAG9mEhR1mfp8tmZAxRmBf2IRN553VRRdSaWWJUedu3OFNvLi6Jf9yHmQkSryfa7HC1lnTHUoDGLJFXNS38IeFpk3ZBBnLtpERHKOgzlznywHZAnzlGFoqmGcIcZBTiOgc4ybEkN3braKPoQgJuFpHi7zrs
Meta Ads Library,Terminal Oil,6.59004E+14,enefit,https://www.facebook.com/ads/archive/render_ad/?id=659004166869996&access_token=EAATnrmoQyC4BQPVFaEdvyWfH85nc9J1azy5Q3EZCsaaFpLOAG9mEhR1mfp8tmZAxRmBf2IRN553VRRdSaWWJUedu3OFNvLi6Jf9yHmQkSryfa7HC1lnTHUoDGLJFXNS38IeFpk3ZBBnLtpERHKOgzlznywHZAnzlGFoqmGcIcZBTiOgc4ybEkN3braKPoQgJuFpHi7zrs
Meta Ads Library,LHV,8.10928E+14,swedbank,https://www.facebook.com/ads/archive/render_ad/?id=810928051251016&access_token=EAATnrmoQyC4BOyPI2UlrqFMQKk5vv6XeANCnonDt4Ho3GPZCm24pBF6XxsSP0Qh3kIdZCuPUtE6BvZBSuq1WwOhhHeZC7dnXLq9u3XRiPfzaTxZBalwm2gvQPVjbAEyHImZBEa9uHUj8yB0OSaDuDsgTaLPYzvCZCd5fnGkOLIjhAkfnRyK2nOmUnAFTlG8Ujgl
Meta Ads Library,Holm Bank,4.9213E+14,swedbank,https://www.facebook.com/ads/archive/render_ad/?id=492129506833506&access_token=EAATnrmoQyC4BOyPI2UlrqFMQKk5vv6XeANCnonDt4Ho3GPZCm24pBF6XxsSP0Qh3kIdZCuPUtE6BvZBSuq1WwOhhHeZC7dnXLq9u3XRiPfzaTxZBalwm2gvQPVjbAEyHImZBEa9uHUj8yB0OSaDuDsgTaLPYzvCZCd5fnGkOLIjhAkfnRyK2nOmUnAFTlG8Ujgl
Meta Ads Library,Coral Travel Latvia,1.38311E+15,teztour,https://www.facebook.com/ads/archive/render_ad/?id=1383111186570106&access_token=EAATnrmoQyC4BQptmsbNRdpMvgWhT9ZCeeMMlHDkxMXfJ2nK6fMZAk2p9lKk0ofSe3VJBPuz92dPfwiAVjmS2ZCoS7xLFsfFcl3R0EZAhf5ct7tPBlrxE7lxNtKKSRD4BlK1MAuYA7zjMuXKiS0o7eOkkQsTbvvT0TMpX7WoMajScg9PKRZBs3m5KGt4Um9A8HstpDdQRr
Meta Ads Library,Confido,1.91312E+15,meliva,https://www.facebook.com/ads/archive/render_ad/?id=1913116305903913&access_token=EAATnrmoQyC4BQptmsbNRdpMvgWhT9ZCeeMMlHDkxMXfJ2nK6fMZAk2p9lKk0ofSe3VJBPuz92dPfwiAVjmS2ZCoS7xLFsfFcl3R0EZAhf5ct7tPBlrxE7lxNtKKSRD4BlK1MAuYA7zjMuXKiS0o7eOkkQsTbvvT0TMpX7WoMajScg9PKRZBs3m5KGt4Um9A8HstpDdQRr
Meta Ads Library,TF Bank Eesti,1.74049E+15,swedbank,https://www.facebook.com/ads/archive/render_ad/?id=1740488097355422&access_token=EAATnrmoQyC4BQptmsbNRdpMvgWhT9ZCeeMMlHDkxMXfJ2nK6fMZAk2p9lKk0ofSe3VJBPuz92dPfwiAVjmS2ZCoS7xLFsfFcl3R0EZAhf5ct7tPBlrxE7lxNtKKSRD4BlK1MAuYA7zjMuXKiS0o7eOkkQsTbvvT0TMpX7WoMajScg9PKRZBs3m5KGt4Um9A8HstpDdQRr
Meta Ads Library,Sportland Eesti,1.3916E+15,ballzy,https://www.facebook.com/ads/archive/render_ad/?id=1391595875877875&access_token=EAATnrmoQyC4BQptmsbNRdpMvgWhT9ZCeeMMlHDkxMXfJ2nK6fMZAk2p9lKk0ofSe3VJBPuz92dPfwiAVjmS2ZCoS7xLFsfFcl3R0EZAhf5ct7tPBlrxE7lxNtKKSRD4BlK1MAuYA7zjMuXKiS0o7eOkkQsTbvvT0TMpX7WoMajScg9PKRZBs3m5KGt4Um9A8HstpDdQRr
Meta Ads Library,Swedbank Eestis,1.0358E+15,swedbank,https://www.facebook.com/ads/archive/render_ad/?id=1035796658511264&access_token=EAATnrmoQyC4BQPVFaEdvyWfH85nc9J1azy5Q3EZCsaaFpLOAG9mEhR1mfp8tmZAxRmBf2IRN553VRRdSaWWJUedu3OFNvLi6Jf9yHmQkSryfa7HC1lnTHUoDGLJFXNS38IeFpk3ZBBnLtpERHKOgzlznywHZAnzlGFoqmGcIcZBTiOgc4ybEkN3braKPoQgJuFpHi7zrs
Meta Ads Library,Salva Kindlustus,9.30562E+14,swedbank,https://www.facebook.com/ads/archive/render_ad/?id=930562285918558&access_token=EAATnrmoQyC4BQPVFaEdvyWfH85nc9J1azy5Q3EZCsaaFpLOAG9mEhR1mfp8tmZAxRmBf2IRN553VRRdSaWWJUedu3OFNvLi6Jf9yHmQkSryfa7HC1lnTHUoDGLJFXNS38IeFpk3ZBBnLtpERHKOgzlznywHZAnzlGFoqmGcIcZBTiOgc4ybEkN3braKPoQgJuFpHi7zrs
Meta Ads Library,LHV finantsportaal,1.11515E+15,swedbank,https://www.facebook.com/ads/archive/render_ad/?id=1115148413894323&access_token=EAATnrmoQyC4BQPVFaEdvyWfH85nc9J1azy5Q3EZCsaaFpLOAG9mEhR1mfp8tmZAxRmBf2IRN553VRRdSaWWJUedu3OFNvLi6Jf9yHmQkSryfa7HC1lnTHUoDGLJFXNS38IeFpk3ZBBnLtpERHKOgzlznywHZAnzlGFoqmGcIcZBTiOgc4ybEkN3braKPoQgJuFpHi7zrs
Meta Ads Library,ABOUT YOU,2.10865E+15,ballzy,https://www.facebook.com/ads/archive/render_ad/?id=2108645802954893&access_token=EAATnrmoQyC4BQptmsbNRdpMvgWhT9ZCeeMMlHDkxMXfJ2nK6fMZAk2p9lKk0ofSe3VJBPuz92dPfwiAVjmS2ZCoS7xLFsfFcl3R0EZAhf5ct7tPBlrxE7lxNtKKSRD4BlK1MAuYA7zjMuXKiS0o7eOkkQsTbvvT0TMpX7WoMajScg9PKRZBs3m5KGt4Um9A8HstpDdQRr
Meta Ads Library,Ignitis Group Eesti,1.69901E+15,enefit,https://www.facebook.com/ads/archive/render_ad/?id=1699008550751810&access_token=EAATnrmoQyC4BQptmsbNRdpMvgWhT9ZCeeMMlHDkxMXfJ2nK6fMZAk2p9lKk0ofSe3VJBPuz92dPfwiAVjmS2ZCoS7xLFsfFcl3R0EZAhf5ct7tPBlrxE7lxNtKKSRD4BlK1MAuYA7zjMuXKiS0o7eOkkQsTbvvT0TMpX7WoMajScg9PKRZBs3m5KGt4Um9A8HstpDdQRr
Meta Ads Library,Sportland Eesti,1.24787E+15,ballzy,https://www.facebook.com/ads/archive/render_ad/?id=1247866606761401&access_token=EAATnrmoQyC4BQPVFaEdvyWfH85nc9J1azy5Q3EZCsaaFpLOAG9mEhR1mfp8tmZAxRmBf2IRN553VRRdSaWWJUedu3OFNvLi6Jf9yHmQkSryfa7HC1lnTHUoDGLJFXNS38IeFpk3ZBBnLtpERHKOgzlznywHZAnzlGFoqmGcIcZBTiOgc4ybEkN3braKPoQgJuFpHi7zrs
Meta Ads Library,Citadele Eesti,8.62696E+14,swedbank,https://www.facebook.com/ads/archive/render_ad/?id=862696312301231&access_token=EAATnrmoQyC4BOyPI2UlrqFMQKk5vv6XeANCnonDt4Ho3GPZCm24pBF6XxsSP0Qh3kIdZCuPUtE6BvZBSuq1WwOhhHeZC7dnXLq9u3XRiPfzaTxZBalwm2gvQPVjbAEyHImZBEa9uHUj8yB0OSaDuDsgTaLPYzvCZCd5fnGkOLIjhAkfnRyK2nOmUnAFTlG8Ujgl
Meta Ads Library,Coral Travel Estonia,5.55145E+14,teztour,https://www.facebook.com/ads/archive/render_ad/?id=555145356998786&access_token=EAATnrmoQyC4BO5erfu0T8wppuuMsqCZCnReXzEYpZAE2SuHMabkeRUXfkbCAdlN6QqZADLZAC3kW4zSBZAUYvrEe5WEyxqd6tPkCitApLgaiLpJyZAFbsttB4ePIsz7s9dCXObDRZBE4zZCfVDCOaDzwBajqvt8tZCLyglNfHAVFymweyRxgxwtmq6IHSiwo9Nmvr3dPAXdXF
Meta Ads Library,itk,9.40154E+14,ballzy,https://www.facebook.com/ads/archive/render_ad/?id=940154407973866&access_token=EAATnrmoQyC4BOyPI2UlrqFMQKk5vv6XeANCnonDt4Ho3GPZCm24pBF6XxsSP0Qh3kIdZCuPUtE6BvZBSuq1WwOhhHeZC7dnXLq9u3XRiPfzaTxZBalwm2gvQPVjbAEyHImZBEa9uHUj8yB0OSaDuDsgTaLPYzvCZCd5fnGkOLIjhAkfnRyK2nOmUnAFTlG8Ujgl
Meta Ads Library,Ballzy Lietuva,1.86239E+15,ballzy,https://www.facebook.com/ads/archive/render_ad/?id=1862392474694281&access_token=EAATnrmoQyC4BPs1GFkdV11JnEwK18Y8SLMH9XxyP1QZA12GZBXpFNXt4CEn7HUJVZAYL5pFEXRSZCIdgVqP5T08KTd8pQGXvNZCam0j0PqoRFCsskhbBt4ZAXMXFOpa0ECGYHZA8NTLdIW8Nry28X4W5VJDVRVvrn9v1R3X8HFx4OAx1POcTnhYscXKCiQv7yFEdGdyRtLU
Meta Ads Library,ABOUT YOU,1.88028E+15,ballzy,https://www.facebook.com/ads/archive/render_ad/?id=1880277712559211&access_token=EAATnrmoQyC4BQptmsbNRdpMvgWhT9ZCeeMMlHDkxMXfJ2nK6fMZAk2p9lKk0ofSe3VJBPuz92dPfwiAVjmS2ZCoS7xLFsfFcl3R0EZAhf5ct7tPBlrxE7lxNtKKSRD4BlK1MAuYA7zjMuXKiS0o7eOkkQsTbvvT0TMpX7WoMajScg9PKRZBs3m5KGt4Um9A8HstpDdQRr
Meta Ads Library,Compensa Elukindlustus,4.57425E+14,swedbank,https://www.facebook.com/ads/archive/render_ad/?id=457424710663110&access_token=EAATnrmoQyC4BOyPI2UlrqFMQKk5vv6XeANCnonDt4Ho3GPZCm24pBF6XxsSP0Qh3kIdZCuPUtE6BvZBSuq1WwOhhHeZC7dnXLq9u3XRiPfzaTxZBalwm2gvQPVjbAEyHImZBEa9uHUj8yB0OSaDuDsgTaLPYzvCZCd5fnGkOLIjhAkfnRyK2nOmUnAFTlG8Ujgl
Meta Ads Library,Coop Pank,9.13889E+14,swedbank,https://www.facebook.com/ads/archive/render_ad/?id=913889437158513&access_token=EAATnrmoQyC4BOyPI2UlrqFMQKk5vv6XeANCnonDt4Ho3GPZCm24pBF6XxsSP0Qh3kIdZCuPUtE6BvZBSuq1WwOhhHeZC7dnXLq9u3XRiPfzaTxZBalwm2gvQPVjbAEyHImZBEa9uHUj8yB0OSaDuDsgTaLPYzvCZCd5fnGkOLIjhAkfnRyK2nOmUnAFTlG8Ujgl
Meta Ads Library,Ignitis Group Eesti,1.23315E+15,enefit,https://www.facebook.com/ads/archive/render_ad/?id=1233152465598001&access_token=EAATnrmoQyC4BQptmsbNRdpMvgWhT9ZCeeMMlHDkxMXfJ2nK6fMZAk2p9lKk0ofSe3VJBPuz92dPfwiAVjmS2ZCoS7xLFsfFcl3R0EZAhf5ct7tPBlrxE7lxNtKKSRD4BlK1MAuYA7zjMuXKiS0o7eOkkQsTbvvT0TMpX7WoMajScg9PKRZBs3m5KGt4Um9A8HstpDdQRr
Meta Ads Library,Elektrum Eesti,1.35425E+15,enefit,https://www.facebook.com/ads/archive/render_ad/?id=1354248875829069&access_token=EAATnrmoQyC4BQPVFaEdvyWfH85nc9J1azy5Q3EZCsaaFpLOAG9mEhR1mfp8tmZAxRmBf2IRN553VRRdSaWWJUedu3OFNvLi6Jf9yHmQkSryfa7HC1lnTHUoDGLJFXNS38IeFpk3ZBBnLtpERHKOgzlznywHZAnzlGFoqmGcIcZBTiOgc4ybEkN3braKPoQgJuFpHi7zrs
Meta Ads Library,Sportland Eesti,1.20012E+15,ballzy,https://www.facebook.com/ads/archive/render_ad/?id=1200115725554919&access_token=EAATnrmoQyC4BQptmsbNRdpMvgWhT9ZCeeMMlHDkxMXfJ2nK6fMZAk2p9lKk0ofSe3VJBPuz92dPfwiAVjmS2ZCoS7xLFsfFcl3R0EZAhf5ct7tPBlrxE7lxNtKKSRD4BlK1MAuYA7zjMuXKiS0o7eOkkQsTbvvT0TMpX7WoMajScg9PKRZBs3m5KGt4Um9A8HstpDdQRr
Meta Ads Library,Weekend.lt,6.0965E+14,ballzy,https://www.facebook.com/ads/archive/render_ad/?id=609650122211856&access_token=EAATnrmoQyC4BQptmsbNRdpMvgWhT9ZCeeMMlHDkxMXfJ2nK6fMZAk2p9lKk0ofSe3VJBPuz92dPfwiAVjmS2ZCoS7xLFsfFcl3R0EZAhf5ct7tPBlrxE7lxNtKKSRD4BlK1MAuYA7zjMuXKiS0o7eOkkQsTbvvT0TMpX7WoMajScg9PKRZBs3m5KGt4Um9A8HstpDdQRr
Meta Ads Library,Elektrum Eesti,1.26627E+15,enefit,https://www.facebook.com/ads/archive/render_ad/?id=1266273005311999&access_token=EAATnrmoQyC4BQptmsbNRdpMvgWhT9ZCeeMMlHDkxMXfJ2nK6fMZAk2p9lKk0ofSe3VJBPuz92dPfwiAVjmS2ZCoS7xLFsfFcl3R0EZAhf5ct7tPBlrxE7lxNtKKSRD4BlK1MAuYA7zjMuXKiS0o7eOkkQsTbvvT0TMpX7WoMajScg9PKRZBs3m5KGt4Um9A8HstpDdQRr
Meta Ads Library,Confido,8.4583E+14,meliva,https://www.facebook.com/ads/archive/render_ad/?id=845829964700138&access_token=EAATnrmoQyC4BQptmsbNRdpMvgWhT9ZCeeMMlHDkxMXfJ2nK6fMZAk2p9lKk0ofSe3VJBPuz92dPfwiAVjmS2ZCoS7xLFsfFcl3R0EZAhf5ct7tPBlrxE7lxNtKKSRD4BlK1MAuYA7zjMuXKiS0o7eOkkQsTbvvT0TMpX7WoMajScg9PKRZBs3m5KGt4Um9A8HstpDdQRr
Meta Ads Library,Invego,1.23067E+15,liven,https://www.facebook.com/ads/archive/render_ad/?id=1230666252366542&access_token=EAATnrmoQyC4BQptmsbNRdpMvgWhT9ZCeeMMlHDkxMXfJ2nK6fMZAk2p9lKk0ofSe3VJBPuz92dPfwiAVjmS2ZCoS7xLFsfFcl3R0EZAhf5ct7tPBlrxE7lxNtKKSRD4BlK1MAuYA7zjMuXKiS0o7eOkkQsTbvvT0TMpX7WoMajScg9PKRZBs3m5KGt4Um9A8HstpDdQRr
Meta Ads Library,Invego,1.86112E+15,liven,https://www.facebook.com/ads/archive/render_ad/?id=1861119021206443&access_token=EAATnrmoQyC4BQptmsbNRdpMvgWhT9ZCeeMMlHDkxMXfJ2nK6fMZAk2p9lKk0ofSe3VJBPuz92dPfwiAVjmS2ZCoS7xLFsfFcl3R0EZAhf5ct7tPBlrxE7lxNtKKSRD4BlK1MAuYA7zjMuXKiS0o7eOkkQsTbvvT0TMpX7WoMajScg9PKRZBs3m5KGt4Um9A8HstpDdQRr
Meta Ads Library,ANEX Tour Eesti,1.08663E+15,teztour,https://www.facebook.com/ads/archive/render_ad/?id=1086628692440125&access_token=EAATnrmoQyC4BO5erfu0T8wppuuMsqCZCnReXzEYpZAE2SuHMabkeRUXfkbCAdlN6QqZADLZAC3kW4zSBZAUYvrEe5WEyxqd6tPkCitApLgaiLpJyZAFbsttB4ePIsz7s9dCXObDRZBE4zZCfVDCOaDzwBajqvt8tZCLyglNfHAVFymweyRxgxwtmq6IHSiwo9Nmvr3dPAXdXF
Meta Ads Library,Swedbank Eestis,1.44762E+15,swedbank,https://www.facebook.com/ads/archive/render_ad/?id=1447624302951151&access_token=EAATnrmoQyC4BQPVFaEdvyWfH85nc9J1azy5Q3EZCsaaFpLOAG9mEhR1mfp8tmZAxRmBf2IRN553VRRdSaWWJUedu3OFNvLi6Jf9yHmQkSryfa7HC1lnTHUoDGLJFXNS38IeFpk3ZBBnLtpERHKOgzlznywHZAnzlGFoqmGcIcZBTiOgc4ybEkN3braKPoQgJuFpHi7zrs
Meta Ads Library,Meliva Eesti,3.58551E+15,meliva,https://www.facebook.com/ads/archive/render_ad/?id=3585512768366873&access_token=EAATnrmoQyC4BO5erfu0T8wppuuMsqCZCnReXzEYpZAE2SuHMabkeRUXfkbCAdlN6QqZADLZAC3kW4zSBZAUYvrEe5WEyxqd6tPkCitApLgaiLpJyZAFbsttB4ePIsz7s9dCXObDRZBE4zZCfVDCOaDzwBajqvt8tZCLyglNfHAVFymweyRxgxwtmq6IHSiwo9Nmvr3dPAXdXF
Meta Ads Library,BSTN Store,1.64442E+15,ballzy,https://www.facebook.com/ads/archive/render_ad/?id=1644421526718020&access_token=EAATnrmoQyC4BQptmsbNRdpMvgWhT9ZCeeMMlHDkxMXfJ2nK6fMZAk2p9lKk0ofSe3VJBPuz92dPfwiAVjmS2ZCoS7xLFsfFcl3R0EZAhf5ct7tPBlrxE7lxNtKKSRD4BlK1MAuYA7zjMuXKiS0o7eOkkQsTbvvT0TMpX7WoMajScg9PKRZBs3m5KGt4Um9A8HstpDdQRr
Meta Ads Library,ERGO,5.58821E+14,swedbank,https://www.facebook.com/ads/archive/render_ad/?id=558821236486703&access_token=EAATnrmoQyC4BOyPI2UlrqFMQKk5vv6XeANCnonDt4Ho3GPZCm24pBF6XxsSP0Qh3kIdZCuPUtE6BvZBSuq1WwOhhHeZC7dnXLq9u3XRiPfzaTxZBalwm2gvQPVjbAEyHImZBEa9uHUj8yB0OSaDuDsgTaLPYzvCZCd5fnGkOLIjhAkfnRyK2nOmUnAFTlG8Ujgl
Meta Ads Library,ABOUT YOU,2.59896E+16,ballzy,https://www.facebook.com/ads/archive/render_ad/?id=25989558583986804&access_token=EAATnrmoQyC4BQptmsbNRdpMvgWhT9ZCeeMMlHDkxMXfJ2nK6fMZAk2p9lKk0ofSe3VJBPuz92dPfwiAVjmS2ZCoS7xLFsfFcl3R0EZAhf5ct7tPBlrxE7lxNtKKSRD4BlK1MAuYA7zjMuXKiS0o7eOkkQsTbvvT0TMpX7WoMajScg9PKRZBs3m5KGt4Um9A8HstpDdQRr
Meta Ads Library,Swedbank Eestis,2.49579E+16,swedbank,https://www.facebook.com/ads/archive/render_ad/?id=24957917590466930&access_token=EAATnrmoQyC4BQPVFaEdvyWfH85nc9J1azy5Q3EZCsaaFpLOAG9mEhR1mfp8tmZAxRmBf2IRN553VRRdSaWWJUedu3OFNvLi6Jf9yHmQkSryfa7HC1lnTHUoDGLJFXNS38IeFpk3ZBBnLtpERHKOgzlznywHZAnzlGFoqmGcIcZBTiOgc4ybEkN3braKPoQgJuFpHi7zrs
Meta Ads Library,Tuleva,5.87366E+14,swedbank,https://www.facebook.com/ads/archive/render_ad/?id=587365513841601&access_token=EAATnrmoQyC4BPs1GFkdV11JnEwK18Y8SLMH9XxyP1QZA12GZBXpFNXt4CEn7HUJVZAYL5pFEXRSZCIdgVqP5T08KTd8pQGXvNZCam0j0PqoRFCsskhbBt4ZAXMXFOpa0ECGYHZA8NTLdIW8Nry28X4W5VJDVRVvrn9v1R3X8HFx4OAx1POcTnhYscXKCiQv7yFEdGdyRtLU
Meta Ads Library,SNYKS,2.25606E+15,ballzy,https://www.facebook.com/ads/archive/render_ad/?id=2256060768110687&access_token=EAATnrmoQyC4BOyPI2UlrqFMQKk5vv6XeANCnonDt4Ho3GPZCm24pBF6XxsSP0Qh3kIdZCuPUtE6BvZBSuq1WwOhhHeZC7dnXLq9u3XRiPfzaTxZBalwm2gvQPVjbAEyHImZBEa9uHUj8yB0OSaDuDsgTaLPYzvCZCd5fnGkOLIjhAkfnRyK2nOmUnAFTlG8Ujgl
Meta Ads Library,Hepsor,9.10113E+15,liven,https://www.facebook.com/ads/archive/render_ad/?id=9101134496667143&access_token=EAATnrmoQyC4BQPVFaEdvyWfH85nc9J1azy5Q3EZCsaaFpLOAG9mEhR1mfp8tmZAxRmBf2IRN553VRRdSaWWJUedu3OFNvLi6Jf9yHmQkSryfa7HC1lnTHUoDGLJFXNS38IeFpk3ZBBnLtpERHKOgzlznywHZAnzlGFoqmGcIcZBTiOgc4ybEkN3braKPoQgJuFpHi7zrs
Meta Ads Library,Ballzy Eesti,8.89449E+14,ballzy,https://www.facebook.com/ads/archive/render_ad/?id=889449079978003&access_token=EAATnrmoQyC4BO5erfu0T8wppuuMsqCZCnReXzEYpZAE2SuHMabkeRUXfkbCAdlN6QqZADLZAC3kW4zSBZAUYvrEe5WEyxqd6tPkCitApLgaiLpJyZAFbsttB4ePIsz7s9dCXObDRZBE4zZCfVDCOaDzwBajqvt8tZCLyglNfHAVFymweyRxgxwtmq6IHSiwo9Nmvr3dPAXdXF
Meta Ads Library,LHV,1.57315E+15,swedbank,https://www.facebook.com/ads/archive/render_ad/?id=1573145066667679&access_token=EAATnrmoQyC4BO5erfu0T8wppuuMsqCZCnReXzEYpZAE2SuHMabkeRUXfkbCAdlN6QqZADLZAC3kW4zSBZAUYvrEe5WEyxqd6tPkCitApLgaiLpJyZAFbsttB4ePIsz7s9dCXObDRZBE4zZCfVDCOaDzwBajqvt8tZCLyglNfHAVFymweyRxgxwtmq6IHSiwo9Nmvr3dPAXdXF
Meta Ads Library,Medicum,3.41756E+15,meliva,https://www.facebook.com/ads/archive/render_ad/?id=3417555481734762&access_token=EAATnrmoQyC4BQptmsbNRdpMvgWhT9ZCeeMMlHDkxMXfJ2nK6fMZAk2p9lKk0ofSe3VJBPuz92dPfwiAVjmS2ZCoS7xLFsfFcl3R0EZAhf5ct7tPBlrxE7lxNtKKSRD4BlK1MAuYA7zjMuXKiS0o7eOkkQsTbvvT0TMpX7WoMajScg9PKRZBs3m5KGt4Um9A8HstpDdQRr
Meta Ads Library,Luminor Eesti,1.17571E+15,swedbank,https://www.facebook.com/ads/archive/render_ad/?id=1175708744182157&access_token=EAATnrmoQyC4BQPVFaEdvyWfH85nc9J1azy5Q3EZCsaaFpLOAG9mEhR1mfp8tmZAxRmBf2IRN553VRRdSaWWJUedu3OFNvLi6Jf9yHmQkSryfa7HC1lnTHUoDGLJFXNS38IeFpk3ZBBnLtpERHKOgzlznywHZAnzlGFoqmGcIcZBTiOgc4ybEkN3braKPoQgJuFpHi7zrs
Meta Ads Library,Hepsor,1.72259E+15,liven,https://www.facebook.com/ads/archive/render_ad/?id=1722587805284480&access_token=EAATnrmoQyC4BQPVFaEdvyWfH85nc9J1azy5Q3EZCsaaFpLOAG9mEhR1mfp8tmZAxRmBf2IRN553VRRdSaWWJUedu3OFNvLi6Jf9yHmQkSryfa7HC1lnTHUoDGLJFXNS38IeFpk3ZBBnLtpERHKOgzlznywHZAnzlGFoqmGcIcZBTiOgc4ybEkN3braKPoQgJuFpHi7zrs
Meta Ads Library,Salva Kindlustus,1.27674E+15,swedbank,https://www.facebook.com/ads/archive/render_ad/?id=1276736987121933&access_token=EAATnrmoQyC4BQPVFaEdvyWfH85nc9J1azy5Q3EZCsaaFpLOAG9mEhR1mfp8tmZAxRmBf2IRN553VRRdSaWWJUedu3OFNvLi6Jf9yHmQkSryfa7HC1lnTHUoDGLJFXNS38IeFpk3ZBBnLtpERHKOgzlznywHZAnzlGFoqmGcIcZBTiOgc4ybEkN3braKPoQgJuFpHi7zrs
Meta Ads Library,Modivo,7.14746E+14,ballzy,https://www.facebook.com/ads/archive/render_ad/?id=714746078184800&access_token=EAATnrmoQyC4BPs1GFkdV11JnEwK18Y8SLMH9XxyP1QZA12GZBXpFNXt4CEn7HUJVZAYL5pFEXRSZCIdgVqP5T08KTd8pQGXvNZCam0j0PqoRFCsskhbBt4ZAXMXFOpa0ECGYHZA8NTLdIW8Nry28X4W5VJDVRVvrn9v1R3X8HFx4OAx1POcTnhYscXKCiQv7yFEdGdyRtLU
Meta Ads Library,Modivo,1.42052E+15,ballzy,https://www.facebook.com/ads/archive/render_ad/?id=1420520195661605&access_token=EAATnrmoQyC4BQPVFaEdvyWfH85nc9J1azy5Q3EZCsaaFpLOAG9mEhR1mfp8tmZAxRmBf2IRN553VRRdSaWWJUedu3OFNvLi6Jf9yHmQkSryfa7HC1lnTHUoDGLJFXNS38IeFpk3ZBBnLtpERHKOgzlznywHZAnzlGFoqmGcIcZBTiOgc4ybEkN3braKPoQgJuFpHi7zrs
Meta Ads Library,Rademar,2.46429E+16,ballzy,https://www.facebook.com/ads/archive/render_ad/?id=24642867982067837&access_token=EAATnrmoQyC4BQPVFaEdvyWfH85nc9J1azy5Q3EZCsaaFpLOAG9mEhR1mfp8tmZAxRmBf2IRN553VRRdSaWWJUedu3OFNvLi6Jf9yHmQkSryfa7HC1lnTHUoDGLJFXNS38IeFpk3ZBBnLtpERHKOgzlznywHZAnzlGFoqmGcIcZBTiOgc4ybEkN3braKPoQgJuFpHi7zrs
Meta Ads Library,Ballzy Latvija,8.14782E+14,ballzy,https://www.facebook.com/ads/archive/render_ad/?id=814781684123799&access_token=EAATnrmoQyC4BOyPI2UlrqFMQKk5vv6XeANCnonDt4Ho3GPZCm24pBF6XxsSP0Qh3kIdZCuPUtE6BvZBSuq1WwOhhHeZC7dnXLq9u3XRiPfzaTxZBalwm2gvQPVjbAEyHImZBEa9uHUj8yB0OSaDuDsgTaLPYzvCZCd5fnGkOLIjhAkfnRyK2nOmUnAFTlG8Ujgl
Meta Ads Library,Swedbank Eestis,3.96141E+14,swedbank,https://www.facebook.com/ads/archive/render_ad/?id=396140909953867&access_token=EAATnrmoQyC4BOyPI2UlrqFMQKk5vv6XeANCnonDt4Ho3GPZCm24pBF6XxsSP0Qh3kIdZCuPUtE6BvZBSuq1WwOhhHeZC7dnXLq9u3XRiPfzaTxZBalwm2gvQPVjbAEyHImZBEa9uHUj8yB0OSaDuDsgTaLPYzvCZCd5fnGkOLIjhAkfnRyK2nOmUnAFTlG8Ujgl
Meta Ads Library,HanzaDent Hambaravi,6.05224E+14,meliva,https://www.facebook.com/ads/archive/render_ad/?id=605224108658474&access_token=EAATnrmoQyC4BO5erfu0T8wppuuMsqCZCnReXzEYpZAE2SuHMabkeRUXfkbCAdlN6QqZADLZAC3kW4zSBZAUYvrEe5WEyxqd6tPkCitApLgaiLpJyZAFbsttB4ePIsz7s9dCXObDRZBE4zZCfVDCOaDzwBajqvt8tZCLyglNfHAVFymweyRxgxwtmq6IHSiwo9Nmvr3dPAXdXF
Meta Ads Library,Ballzy Latvija,5.19597E+14,ballzy,https://www.facebook.com/ads/archive/render_ad/?id=519597237846102&access_token=EAATnrmoQyC4BQPVFaEdvyWfH85nc9J1azy5Q3EZCsaaFpLOAG9mEhR1mfp8tmZAxRmBf2IRN553VRRdSaWWJUedu3OFNvLi6Jf9yHmQkSryfa7HC1lnTHUoDGLJFXNS38IeFpk3ZBBnLtpERHKOgzlznywHZAnzlGFoqmGcIcZBTiOgc4ybEkN3braKPoQgJuFpHi7zrs
Meta Ads Library,Sportland Eesti,1.02825E+15,ballzy,https://www.facebook.com/ads/archive/render_ad/?id=1028245868853893&access_token=EAATnrmoQyC4BOyPI2UlrqFMQKk5vv6XeANCnonDt4Ho3GPZCm24pBF6XxsSP0Qh3kIdZCuPUtE6BvZBSuq1WwOhhHeZC7dnXLq9u3XRiPfzaTxZBalwm2gvQPVjbAEyHImZBEa9uHUj8yB0OSaDuDsgTaLPYzvCZCd5fnGkOLIjhAkfnRyK2nOmUnAFTlG8Ujgl
Meta Ads Library,Sportland Eesti,1.30516E+15,ballzy,https://www.facebook.com/ads/archive/render_ad/?id=1305164943783472&access_token=EAATnrmoQyC4BOyPI2UlrqFMQKk5vv6XeANCnonDt4Ho3GPZCm24pBF6XxsSP0Qh3kIdZCuPUtE6BvZBSuq1WwOhhHeZC7dnXLq9u3XRiPfzaTxZBalwm2gvQPVjbAEyHImZBEa9uHUj8yB0OSaDuDsgTaLPYzvCZCd5fnGkOLIjhAkfnRyK2nOmUnAFTlG8Ujgl
Meta Ads Library,Coral Travel Estonia,4.11756E+15,teztour,https://www.facebook.com/ads/archive/render_ad/?id=4117558228522656&access_token=EAATnrmoQyC4BQPVFaEdvyWfH85nc9J1azy5Q3EZCsaaFpLOAG9mEhR1mfp8tmZAxRmBf2IRN553VRRdSaWWJUedu3OFNvLi6Jf9yHmQkSryfa7HC1lnTHUoDGLJFXNS38IeFpk3ZBBnLtpERHKOgzlznywHZAnzlGFoqmGcIcZBTiOgc4ybEkN3braKPoQgJuFpHi7zrs
Meta Ads Library,Confido,1.77495E+15,meliva,https://www.facebook.com/ads/archive/render_ad/?id=1774952533072297&access_token=EAATnrmoQyC4BQptmsbNRdpMvgWhT9ZCeeMMlHDkxMXfJ2nK6fMZAk2p9lKk0ofSe3VJBPuz92dPfwiAVjmS2ZCoS7xLFsfFcl3R0EZAhf5ct7tPBlrxE7lxNtKKSRD4BlK1MAuYA7zjMuXKiS0o7eOkkQsTbvvT0TMpX7WoMajScg9PKRZBs3m5KGt4Um9A8HstpDdQRr
Meta Ads Library,TEZ TOUR Estonia,1.4701E+15,teztour,https://www.facebook.com/ads/archive/render_ad/?id=1470101878027590&access_token=EAATnrmoQyC4BQptmsbNRdpMvgWhT9ZCeeMMlHDkxMXfJ2nK6fMZAk2p9lKk0ofSe3VJBPuz92dPfwiAVjmS2ZCoS7xLFsfFcl3R0EZAhf5ct7tPBlrxE7lxNtKKSRD4BlK1MAuYA7zjMuXKiS0o7eOkkQsTbvvT0TMpX7WoMajScg9PKRZBs3m5KGt4Um9A8HstpDdQRr
Meta Ads Library,Tuleva,9.17249E+14,swedbank,https://www.facebook.com/ads/archive/render_ad/?id=917249260580654&access_token=EAATnrmoQyC4BQPVFaEdvyWfH85nc9J1azy5Q3EZCsaaFpLOAG9mEhR1mfp8tmZAxRmBf2IRN553VRRdSaWWJUedu3OFNvLi6Jf9yHmQkSryfa7HC1lnTHUoDGLJFXNS38IeFpk3ZBBnLtpERHKOgzlznywHZAnzlGFoqmGcIcZBTiOgc4ybEkN3braKPoQgJuFpHi7zrs
Meta Ads Library,Tuleva,1.61686E+15,swedbank,https://www.facebook.com/ads/archive/render_ad/?id=1616860593012757&access_token=EAATnrmoQyC4BQptmsbNRdpMvgWhT9ZCeeMMlHDkxMXfJ2nK6fMZAk2p9lKk0ofSe3VJBPuz92dPfwiAVjmS2ZCoS7xLFsfFcl3R0EZAhf5ct7tPBlrxE7lxNtKKSRD4BlK1MAuYA7zjMuXKiS0o7eOkkQsTbvvT0TMpX7WoMajScg9PKRZBs3m5KGt4Um9A8HstpDdQRr
Meta Ads Library,Citadele Eesti,9.45505E+14,swedbank,https://www.facebook.com/ads/archive/render_ad/?id=945504640774450&access_token=EAATnrmoQyC4BQPVFaEdvyWfH85nc9J1azy5Q3EZCsaaFpLOAG9mEhR1mfp8tmZAxRmBf2IRN553VRRdSaWWJUedu3OFNvLi6Jf9yHmQkSryfa7HC1lnTHUoDGLJFXNS38IeFpk3ZBBnLtpERHKOgzlznywHZAnzlGFoqmGcIcZBTiOgc4ybEkN3braKPoQgJuFpHi7zrs
Meta Ads Library,BSTN Store,1.32235E+15,ballzy,https://www.facebook.com/ads/archive/render_ad/?id=1322350722339175&access_token=EAATnrmoQyC4BQPVFaEdvyWfH85nc9J1azy5Q3EZCsaaFpLOAG9mEhR1mfp8tmZAxRmBf2IRN553VRRdSaWWJUedu3OFNvLi6Jf9yHmQkSryfa7HC1lnTHUoDGLJFXNS38IeFpk3ZBBnLtpERHKOgzlznywHZAnzlGFoqmGcIcZBTiOgc4ybEkN3braKPoQgJuFpHi7zrs
Meta Ads Library,ERGO,7.10035E+14,swedbank,https://www.facebook.com/ads/archive/render_ad/?id=710035401897223&access_token=EAATnrmoQyC4BQPVFaEdvyWfH85nc9J1azy5Q3EZCsaaFpLOAG9mEhR1mfp8tmZAxRmBf2IRN553VRRdSaWWJUedu3OFNvLi6Jf9yHmQkSryfa7HC1lnTHUoDGLJFXNS38IeFpk3ZBBnLtpERHKOgzlznywHZAnzlGFoqmGcIcZBTiOgc4ybEkN3braKPoQgJuFpHi7zrs
Meta Ads Library,TEZ TOUR Estonia,2.51605E+15,teztour,https://www.facebook.com/ads/archive/render_ad/?id=2516047208758471&access_token=EAATnrmoQyC4BQPVFaEdvyWfH85nc9J1azy5Q3EZCsaaFpLOAG9mEhR1mfp8tmZAxRmBf2IRN553VRRdSaWWJUedu3OFNvLi6Jf9yHmQkSryfa7HC1lnTHUoDGLJFXNS38IeFpk3ZBBnLtpERHKOgzlznywHZAnzlGFoqmGcIcZBTiOgc4ybEkN3braKPoQgJuFpHi7zrs
Meta Ads Library,SEB Eesti,8.8743E+15,swedbank,https://www.facebook.com/ads/archive/render_ad/?id=8874304575992509&access_token=EAATnrmoQyC4BO5erfu0T8wppuuMsqCZCnReXzEYpZAE2SuHMabkeRUXfkbCAdlN6QqZADLZAC3kW4zSBZAUYvrEe5WEyxqd6tPkCitApLgaiLpJyZAFbsttB4ePIsz7s9dCXObDRZBE4zZCfVDCOaDzwBajqvt8tZCLyglNfHAVFymweyRxgxwtmq6IHSiwo9Nmvr3dPAXdXF
Meta Ads Library,LHV,2.97E+15,swedbank,https://www.facebook.com/ads/archive/render_ad/?id=2969997166530184&access_token=EAATnrmoQyC4BQptmsbNRdpMvgWhT9ZCeeMMlHDkxMXfJ2nK6fMZAk2p9lKk0ofSe3VJBPuz92dPfwiAVjmS2ZCoS7xLFsfFcl3R0EZAhf5ct7tPBlrxE7lxNtKKSRD4BlK1MAuYA7zjMuXKiS0o7eOkkQsTbvvT0TMpX7WoMajScg9PKRZBs3m5KGt4Um9A8HstpDdQRr
Meta Ads Library,Coral Travel Latvia,5.43123E+14,teztour,https://www.facebook.com/ads/archive/render_ad/?id=543123031879406&access_token=EAATnrmoQyC4BQPVFaEdvyWfH85nc9J1azy5Q3EZCsaaFpLOAG9mEhR1mfp8tmZAxRmBf2IRN553VRRdSaWWJUedu3OFNvLi6Jf9yHmQkSryfa7HC1lnTHUoDGLJFXNS38IeFpk3ZBBnLtpERHKOgzlznywHZAnzlGFoqmGcIcZBTiOgc4ybEkN3braKPoQgJuFpHi7zrs
Meta Ads Library,Coral Travel Latvia,5.7054E+14,teztour,https://www.facebook.com/ads/archive/render_ad/?id=570540338955631&access_token=EAATnrmoQyC4BQPVFaEdvyWfH85nc9J1azy5Q3EZCsaaFpLOAG9mEhR1mfp8tmZAxRmBf2IRN553VRRdSaWWJUedu3OFNvLi6Jf9yHmQkSryfa7HC1lnTHUoDGLJFXNS38IeFpk3ZBBnLtpERHKOgzlznywHZAnzlGFoqmGcIcZBTiOgc4ybEkN3braKPoQgJuFpHi7zrs
Meta Ads Library,ABOUT YOU,1.13089E+15,ballzy,https://www.facebook.com/ads/archive/render_ad/?id=1130887819235901&access_token=EAATnrmoQyC4BQptmsbNRdpMvgWhT9ZCeeMMlHDkxMXfJ2nK6fMZAk2p9lKk0ofSe3VJBPuz92dPfwiAVjmS2ZCoS7xLFsfFcl3R0EZAhf5ct7tPBlrxE7lxNtKKSRD4BlK1MAuYA7zjMuXKiS0o7eOkkQsTbvvT0TMpX7WoMajScg9PKRZBs3m5KGt4Um9A8HstpDdQRr
Meta Ads Library,Hepsor,8.26941E+14,liven,https://www.facebook.com/ads/archive/render_ad/?id=826941382848517&access_token=EAATnrmoQyC4BPMzpZA4IBb0SXjMybbBaZAh3iKJFNiqBkucCvHUYyM1BiCwvozXjYnUzV70MsLrmdHeuwc7AP6M1pTNVggvg26dRGuCPcLwocJVlHYvqWtVlXMEZCyJQ9Y3zwKqouOI04uO8fnKsUpYu8grmDccMwtbUzDYP5HhFqB3wYpyodE7lX5JU3qEUguRSkXO
Meta Ads Library,LHV,1.28216E+15,swedbank,https://www.facebook.com/ads/archive/render_ad/?id=1282160176528700&access_token=EAATnrmoQyC4BOyPI2UlrqFMQKk5vv6XeANCnonDt4Ho3GPZCm24pBF6XxsSP0Qh3kIdZCuPUtE6BvZBSuq1WwOhhHeZC7dnXLq9u3XRiPfzaTxZBalwm2gvQPVjbAEyHImZBEa9uHUj8yB0OSaDuDsgTaLPYzvCZCd5fnGkOLIjhAkfnRyK2nOmUnAFTlG8Ujgl
Meta Ads Library,Sportland Eesti,1.19957E+15,ballzy,https://www.facebook.com/ads/archive/render_ad/?id=1199573487936324&access_token=EAATnrmoQyC4BQPVFaEdvyWfH85nc9J1azy5Q3EZCsaaFpLOAG9mEhR1mfp8tmZAxRmBf2IRN553VRRdSaWWJUedu3OFNvLi6Jf9yHmQkSryfa7HC1lnTHUoDGLJFXNS38IeFpk3ZBBnLtpERHKOgzlznywHZAnzlGFoqmGcIcZBTiOgc4ybEkN3braKPoQgJuFpHi7zrs
Meta Ads Library,Lounge by Zalando,9.2938E+15,ballzy,https://www.facebook.com/ads/archive/render_ad/?id=9293801540677013&access_token=EAATnrmoQyC4BPs1GFkdV11JnEwK18Y8SLMH9XxyP1QZA12GZBXpFNXt4CEn7HUJVZAYL5pFEXRSZCIdgVqP5T08KTd8pQGXvNZCam0j0PqoRFCsskhbBt4ZAXMXFOpa0ECGYHZA8NTLdIW8Nry28X4W5VJDVRVvrn9v1R3X8HFx4OAx1POcTnhYscXKCiQv7yFEdGdyRtLU
Meta Ads Library,BSTN Store,1.0958E+15,ballzy,https://www.facebook.com/ads/archive/render_ad/?id=1095804986005192&access_token=EAATnrmoQyC4BQptmsbNRdpMvgWhT9ZCeeMMlHDkxMXfJ2nK6fMZAk2p9lKk0ofSe3VJBPuz92dPfwiAVjmS2ZCoS7xLFsfFcl3R0EZAhf5ct7tPBlrxE7lxNtKKSRD4BlK1MAuYA7zjMuXKiS0o7eOkkQsTbvvT0TMpX7WoMajScg9PKRZBs3m5KGt4Um9A8HstpDdQRr
Meta Ads Library,Citadele Eesti,1.60718E+15,swedbank,https://www.facebook.com/ads/archive/render_ad/?id=1607175766494199&access_token=EAATnrmoQyC4BOyPI2UlrqFMQKk5vv6XeANCnonDt4Ho3GPZCm24pBF6XxsSP0Qh3kIdZCuPUtE6BvZBSuq1WwOhhHeZC7dnXLq9u3XRiPfzaTxZBalwm2gvQPVjbAEyHImZBEa9uHUj8yB0OSaDuDsgTaLPYzvCZCd5fnGkOLIjhAkfnRyK2nOmUnAFTlG8Ujgl
Meta Ads Library,Citadele Eesti,5.17563E+14,swedbank,https://www.facebook.com/ads/archive/render_ad/?id=517563394001793&access_token=EAATnrmoQyC4BOyPI2UlrqFMQKk5vv6XeANCnonDt4Ho3GPZCm24pBF6XxsSP0Qh3kIdZCuPUtE6BvZBSuq1WwOhhHeZC7dnXLq9u3XRiPfzaTxZBalwm2gvQPVjbAEyHImZBEa9uHUj8yB0OSaDuDsgTaLPYzvCZCd5fnGkOLIjhAkfnRyK2nOmUnAFTlG8Ujgl
Meta Ads Library,Aurora Clinic,5.16222E+14,meliva,https://www.facebook.com/ads/archive/render_ad/?id=516221861322299&access_token=EAATnrmoQyC4BQPVFaEdvyWfH85nc9J1azy5Q3EZCsaaFpLOAG9mEhR1mfp8tmZAxRmBf2IRN553VRRdSaWWJUedu3OFNvLi6Jf9yHmQkSryfa7HC1lnTHUoDGLJFXNS38IeFpk3ZBBnLtpERHKOgzlznywHZAnzlGFoqmGcIcZBTiOgc4ybEkN3braKPoQgJuFpHi7zrs
Meta Ads Library,Compensa Elukindlustus,6.66852E+14,swedbank,https://www.facebook.com/ads/archive/render_ad/?id=666852152593730&access_token=EAATnrmoQyC4BQPVFaEdvyWfH85nc9J1azy5Q3EZCsaaFpLOAG9mEhR1mfp8tmZAxRmBf2IRN553VRRdSaWWJUedu3OFNvLi6Jf9yHmQkSryfa7HC1lnTHUoDGLJFXNS38IeFpk3ZBBnLtpERHKOgzlznywHZAnzlGFoqmGcIcZBTiOgc4ybEkN3braKPoQgJuFpHi7zrs
Meta Ads Library,ABOUT YOU,1.30229E+15,ballzy,https://www.facebook.com/ads/archive/render_ad/?id=1302293264972217&access_token=EAATnrmoQyC4BQptmsbNRdpMvgWhT9ZCeeMMlHDkxMXfJ2nK6fMZAk2p9lKk0ofSe3VJBPuz92dPfwiAVjmS2ZCoS7xLFsfFcl3R0EZAhf5ct7tPBlrxE7lxNtKKSRD4BlK1MAuYA7zjMuXKiS0o7eOkkQsTbvvT0TMpX7WoMajScg9PKRZBs3m5KGt4Um9A8HstpDdQRr
Meta Ads Library,TEZ TOUR Estonia,3.94694E+15,teztour,https://www.facebook.com/ads/archive/render_ad/?id=3946937232264971&access_token=EAATnrmoQyC4BQptmsbNRdpMvgWhT9ZCeeMMlHDkxMXfJ2nK6fMZAk2p9lKk0ofSe3VJBPuz92dPfwiAVjmS2ZCoS7xLFsfFcl3R0EZAhf5ct7tPBlrxE7lxNtKKSRD4BlK1MAuYA7zjMuXKiS0o7eOkkQsTbvvT0TMpX7WoMajScg9PKRZBs3m5KGt4Um9A8HstpDdQRr
Meta Ads Library,Coral Travel Latvia,1.88641E+15,teztour,https://www.facebook.com/ads/archive/render_ad/?id=1886411285311707&access_token=EAATnrmoQyC4BQptmsbNRdpMvgWhT9ZCeeMMlHDkxMXfJ2nK6fMZAk2p9lKk0ofSe3VJBPuz92dPfwiAVjmS2ZCoS7xLFsfFcl3R0EZAhf5ct7tPBlrxE7lxNtKKSRD4BlK1MAuYA7zjMuXKiS0o7eOkkQsTbvvT0TMpX7WoMajScg9PKRZBs3m5KGt4Um9A8HstpDdQRr
Meta Ads Library,Compensa Elukindlustus,8.37781E+14,swedbank,https://www.facebook.com/ads/archive/render_ad/?id=837781404953012&access_token=EAATnrmoQyC4BOyPI2UlrqFMQKk5vv6XeANCnonDt4Ho3GPZCm24pBF6XxsSP0Qh3kIdZCuPUtE6BvZBSuq1WwOhhHeZC7dnXLq9u3XRiPfzaTxZBalwm2gvQPVjbAEyHImZBEa9uHUj8yB0OSaDuDsgTaLPYzvCZCd5fnGkOLIjhAkfnRyK2nOmUnAFTlG8Ujgl
Meta Ads Library,Coral Travel Estonia,8.25388E+14,teztour,https://www.facebook.com/ads/archive/render_ad/?id=825388299523616&access_token=EAATnrmoQyC4BO5erfu0T8wppuuMsqCZCnReXzEYpZAE2SuHMabkeRUXfkbCAdlN6QqZADLZAC3kW4zSBZAUYvrEe5WEyxqd6tPkCitApLgaiLpJyZAFbsttB4ePIsz7s9dCXObDRZBE4zZCfVDCOaDzwBajqvt8tZCLyglNfHAVFymweyRxgxwtmq6IHSiwo9Nmvr3dPAXdXF
Meta Ads Library,Coral Travel Estonia,1.01381E+15,teztour,https://www.facebook.com/ads/archive/render_ad/?id=1013806523442054&access_token=EAATnrmoQyC4BO5erfu0T8wppuuMsqCZCnReXzEYpZAE2SuHMabkeRUXfkbCAdlN6QqZADLZAC3kW4zSBZAUYvrEe5WEyxqd6tPkCitApLgaiLpJyZAFbsttB4ePIsz7s9dCXObDRZBE4zZCfVDCOaDzwBajqvt8tZCLyglNfHAVFymweyRxgxwtmq6IHSiwo9Nmvr3dPAXdXF
Meta Ads Library,Coral Travel Latvia,1.0009E+15,teztour,https://www.facebook.com/ads/archive/render_ad/?id=1000902408063939&access_token=EAATnrmoQyC4BO5erfu0T8wppuuMsqCZCnReXzEYpZAE2SuHMabkeRUXfkbCAdlN6QqZADLZAC3kW4zSBZAUYvrEe5WEyxqd6tPkCitApLgaiLpJyZAFbsttB4ePIsz7s9dCXObDRZBE4zZCfVDCOaDzwBajqvt8tZCLyglNfHAVFymweyRxgxwtmq6IHSiwo9Nmvr3dPAXdXF
Meta Ads Library,Modivo,1.61758E+15,ballzy,https://www.facebook.com/ads/archive/render_ad/?id=1617576009685922&access_token=EAATnrmoQyC4BQptmsbNRdpMvgWhT9ZCeeMMlHDkxMXfJ2nK6fMZAk2p9lKk0ofSe3VJBPuz92dPfwiAVjmS2ZCoS7xLFsfFcl3R0EZAhf5ct7tPBlrxE7lxNtKKSRD4BlK1MAuYA7zjMuXKiS0o7eOkkQsTbvvT0TMpX7WoMajScg9PKRZBs3m5KGt4Um9A8HstpDdQRr
Meta Ads Library,Medicum,1.0414E+15,meliva,https://www.facebook.com/ads/archive/render_ad/?id=1041396247787408&access_token=EAATnrmoQyC4BQPVFaEdvyWfH85nc9J1azy5Q3EZCsaaFpLOAG9mEhR1mfp8tmZAxRmBf2IRN553VRRdSaWWJUedu3OFNvLi6Jf9yHmQkSryfa7HC1lnTHUoDGLJFXNS38IeFpk3ZBBnLtpERHKOgzlznywHZAnzlGFoqmGcIcZBTiOgc4ybEkN3braKPoQgJuFpHi7zrs
Meta Ads Library,Tuleva,1.76519E+15,swedbank,https://www.facebook.com/ads/archive/render_ad/?id=1765186454399531&access_token=EAATnrmoQyC4BQPVFaEdvyWfH85nc9J1azy5Q3EZCsaaFpLOAG9mEhR1mfp8tmZAxRmBf2IRN553VRRdSaWWJUedu3OFNvLi6Jf9yHmQkSryfa7HC1lnTHUoDGLJFXNS38IeFpk3ZBBnLtpERHKOgzlznywHZAnzlGFoqmGcIcZBTiOgc4ybEkN3braKPoQgJuFpHi7zrs
Meta Ads Library,Weekend.lt,6.68577E+14,ballzy,https://www.facebook.com/ads/archive/render_ad/?id=668576755654745&access_token=EAATnrmoQyC4BQPVFaEdvyWfH85nc9J1azy5Q3EZCsaaFpLOAG9mEhR1mfp8tmZAxRmBf2IRN553VRRdSaWWJUedu3OFNvLi6Jf9yHmQkSryfa7HC1lnTHUoDGLJFXNS38IeFpk3ZBBnLtpERHKOgzlznywHZAnzlGFoqmGcIcZBTiOgc4ybEkN3braKPoQgJuFpHi7zrs
Meta Ads Library,Sportland Eesti,2.50586E+16,ballzy,https://www.facebook.com/ads/archive/render_ad/?id=25058620690493385&access_token=EAATnrmoQyC4BQPVFaEdvyWfH85nc9J1azy5Q3EZCsaaFpLOAG9mEhR1mfp8tmZAxRmBf2IRN553VRRdSaWWJUedu3OFNvLi6Jf9yHmQkSryfa7HC1lnTHUoDGLJFXNS38IeFpk3ZBBnLtpERHKOgzlznywHZAnzlGFoqmGcIcZBTiOgc4ybEkN3braKPoQgJuFpHi7zrs
Meta Ads Library,Bigbank Eesti,9.36791E+14,swedbank,https://www.facebook.com/ads/archive/render_ad/?id=936790544650086&access_token=EAATnrmoQyC4BOyPI2UlrqFMQKk5vv6XeANCnonDt4Ho3GPZCm24pBF6XxsSP0Qh3kIdZCuPUtE6BvZBSuq1WwOhhHeZC7dnXLq9u3XRiPfzaTxZBalwm2gvQPVjbAEyHImZBEa9uHUj8yB0OSaDuDsgTaLPYzvCZCd5fnGkOLIjhAkfnRyK2nOmUnAFTlG8Ujgl
Meta Ads Library,Medicum,4.12365E+14,meliva,https://www.facebook.com/ads/archive/render_ad/?id=412364715196376&access_token=EAATnrmoQyC4BO5erfu0T8wppuuMsqCZCnReXzEYpZAE2SuHMabkeRUXfkbCAdlN6QqZADLZAC3kW4zSBZAUYvrEe5WEyxqd6tPkCitApLgaiLpJyZAFbsttB4ePIsz7s9dCXObDRZBE4zZCfVDCOaDzwBajqvt8tZCLyglNfHAVFymweyRxgxwtmq6IHSiwo9Nmvr3dPAXdXF
Meta Ads Library,Enefit Eesti,2.08211E+15,enefit,https://www.facebook.com/ads/archive/render_ad/?id=2082111022633741&access_token=EAATnrmoQyC4BQptmsbNRdpMvgWhT9ZCeeMMlHDkxMXfJ2nK6fMZAk2p9lKk0ofSe3VJBPuz92dPfwiAVjmS2ZCoS7xLFsfFcl3R0EZAhf5ct7tPBlrxE7lxNtKKSRD4BlK1MAuYA7zjMuXKiS0o7eOkkQsTbvvT0TMpX7WoMajScg9PKRZBs3m5KGt4Um9A8HstpDdQRr
Meta Ads Library,LHV пенсия,1.20522E+15,swedbank,https://www.facebook.com/ads/archive/render_ad/?id=1205218768381634&access_token=EAATnrmoQyC4BQptmsbNRdpMvgWhT9ZCeeMMlHDkxMXfJ2nK6fMZAk2p9lKk0ofSe3VJBPuz92dPfwiAVjmS2ZCoS7xLFsfFcl3R0EZAhf5ct7tPBlrxE7lxNtKKSRD4BlK1MAuYA7zjMuXKiS0o7eOkkQsTbvvT0TMpX7WoMajScg9PKRZBs3m5KGt4Um9A8HstpDdQRr
Meta Ads Library,Compensa Elukindlustus,9.4762E+14,swedbank,https://www.facebook.com/ads/archive/render_ad/?id=947620483534153&access_token=EAATnrmoQyC4BQPVFaEdvyWfH85nc9J1azy5Q3EZCsaaFpLOAG9mEhR1mfp8tmZAxRmBf2IRN553VRRdSaWWJUedu3OFNvLi6Jf9yHmQkSryfa7HC1lnTHUoDGLJFXNS38IeFpk3ZBBnLtpERHKOgzlznywHZAnzlGFoqmGcIcZBTiOgc4ybEkN3braKPoQgJuFpHi7zrs
Meta Ads Library,Coral Travel Lithuania,2.36679E+15,teztour,https://www.facebook.com/ads/archive/render_ad/?id=2366790037083343&access_token=EAATnrmoQyC4BQptmsbNRdpMvgWhT9ZCeeMMlHDkxMXfJ2nK6fMZAk2p9lKk0ofSe3VJBPuz92dPfwiAVjmS2ZCoS7xLFsfFcl3R0EZAhf5ct7tPBlrxE7lxNtKKSRD4BlK1MAuYA7zjMuXKiS0o7eOkkQsTbvvT0TMpX7WoMajScg9PKRZBs3m5KGt4Um9A8HstpDdQRr
Meta Ads Library,Sportland Eesti,1.41291E+15,ballzy,https://www.facebook.com/ads/archive/render_ad/?id=1412905870351079&access_token=EAATnrmoQyC4BQptmsbNRdpMvgWhT9ZCeeMMlHDkxMXfJ2nK6fMZAk2p9lKk0ofSe3VJBPuz92dPfwiAVjmS2ZCoS7xLFsfFcl3R0EZAhf5ct7tPBlrxE7lxNtKKSRD4BlK1MAuYA7zjMuXKiS0o7eOkkQsTbvvT0TMpX7WoMajScg9PKRZBs3m5KGt4Um9A8HstpDdQRr
Meta Ads Library,SA Tallinna Hambakliinik,8.3862E+14,meliva,https://www.facebook.com/ads/archive/render_ad/?id=838620402320588&access_token=EAATnrmoQyC4BQptmsbNRdpMvgWhT9ZCeeMMlHDkxMXfJ2nK6fMZAk2p9lKk0ofSe3VJBPuz92dPfwiAVjmS2ZCoS7xLFsfFcl3R0EZAhf5ct7tPBlrxE7lxNtKKSRD4BlK1MAuYA7zjMuXKiS0o7eOkkQsTbvvT0TMpX7WoMajScg9PKRZBs3m5KGt4Um9A8HstpDdQRr
Meta Ads Library,Holm Bank,9.07044E+14,swedbank,https://www.facebook.com/ads/archive/render_ad/?id=907043924878577&access_token=EAATnrmoQyC4BO5erfu0T8wppuuMsqCZCnReXzEYpZAE2SuHMabkeRUXfkbCAdlN6QqZADLZAC3kW4zSBZAUYvrEe5WEyxqd6tPkCitApLgaiLpJyZAFbsttB4ePIsz7s9dCXObDRZBE4zZCfVDCOaDzwBajqvt8tZCLyglNfHAVFymweyRxgxwtmq6IHSiwo9Nmvr3dPAXdXF
Meta Ads Library,Coral Travel Lithuania,1.28291E+15,teztour,https://www.facebook.com/ads/archive/render_ad/?id=1282907620352079&access_token=EAATnrmoQyC4BQptmsbNRdpMvgWhT9ZCeeMMlHDkxMXfJ2nK6fMZAk2p9lKk0ofSe3VJBPuz92dPfwiAVjmS2ZCoS7xLFsfFcl3R0EZAhf5ct7tPBlrxE7lxNtKKSRD4BlK1MAuYA7zjMuXKiS0o7eOkkQsTbvvT0TMpX7WoMajScg9PKRZBs3m5KGt4Um9A8HstpDdQRr
Meta Ads Library,Coral Travel Estonia,6.38385E+14,teztour,https://www.facebook.com/ads/archive/render_ad/?id=638384805764663&access_token=EAATnrmoQyC4BQPVFaEdvyWfH85nc9J1azy5Q3EZCsaaFpLOAG9mEhR1mfp8tmZAxRmBf2IRN553VRRdSaWWJUedu3OFNvLi6Jf9yHmQkSryfa7HC1lnTHUoDGLJFXNS38IeFpk3ZBBnLtpERHKOgzlznywHZAnzlGFoqmGcIcZBTiOgc4ybEkN3braKPoQgJuFpHi7zrs
Meta Ads Library,Modivo,1.40165E+15,ballzy,https://www.facebook.com/ads/archive/render_ad/?id=1401653211140771&access_token=EAATnrmoQyC4BQPVFaEdvyWfH85nc9J1azy5Q3EZCsaaFpLOAG9mEhR1mfp8tmZAxRmBf2IRN553VRRdSaWWJUedu3OFNvLi6Jf9yHmQkSryfa7HC1lnTHUoDGLJFXNS38IeFpk3ZBBnLtpERHKOgzlznywHZAnzlGFoqmGcIcZBTiOgc4ybEkN3braKPoQgJuFpHi7zrs
Meta Ads Library,Citadele Eesti,7.28691E+14,swedbank,https://www.facebook.com/ads/archive/render_ad/?id=728691246107990&access_token=EAATnrmoQyC4BOyPI2UlrqFMQKk5vv6XeANCnonDt4Ho3GPZCm24pBF6XxsSP0Qh3kIdZCuPUtE6BvZBSuq1WwOhhHeZC7dnXLq9u3XRiPfzaTxZBalwm2gvQPVjbAEyHImZBEa9uHUj8yB0OSaDuDsgTaLPYzvCZCd5fnGkOLIjhAkfnRyK2nOmUnAFTlG8Ujgl
Meta Ads Library,BSTN Store,1.54435E+15,ballzy,https://www.facebook.com/ads/archive/render_ad/?id=1544353106604129&access_token=EAATnrmoQyC4BQptmsbNRdpMvgWhT9ZCeeMMlHDkxMXfJ2nK6fMZAk2p9lKk0ofSe3VJBPuz92dPfwiAVjmS2ZCoS7xLFsfFcl3R0EZAhf5ct7tPBlrxE7lxNtKKSRD4BlK1MAuYA7zjMuXKiS0o7eOkkQsTbvvT0TMpX7WoMajScg9PKRZBs3m5KGt4Um9A8HstpDdQRr
Meta Ads Library,Ignitis ON Eesti,1.21257E+15,enefit,https://www.facebook.com/ads/archive/render_ad/?id=1212571673192909&access_token=EAATnrmoQyC4BO5erfu0T8wppuuMsqCZCnReXzEYpZAE2SuHMabkeRUXfkbCAdlN6QqZADLZAC3kW4zSBZAUYvrEe5WEyxqd6tPkCitApLgaiLpJyZAFbsttB4ePIsz7s9dCXObDRZBE4zZCfVDCOaDzwBajqvt8tZCLyglNfHAVFymweyRxgxwtmq6IHSiwo9Nmvr3dPAXdXF
Meta Ads Library,Alexela,1.24353E+15,enefit,https://www.facebook.com/ads/archive/render_ad/?id=1243532377549293&access_token=EAATnrmoQyC4BQPVFaEdvyWfH85nc9J1azy5Q3EZCsaaFpLOAG9mEhR1mfp8tmZAxRmBf2IRN553VRRdSaWWJUedu3OFNvLi6Jf9yHmQkSryfa7HC1lnTHUoDGLJFXNS38IeFpk3ZBBnLtpERHKOgzlznywHZAnzlGFoqmGcIcZBTiOgc4ybEkN3braKPoQgJuFpHi7zrs
Meta Ads Library,Modivo,1.32753E+15,ballzy,https://www.facebook.com/ads/archive/render_ad/?id=1327528018902014&access_token=EAATnrmoQyC4BQptmsbNRdpMvgWhT9ZCeeMMlHDkxMXfJ2nK6fMZAk2p9lKk0ofSe3VJBPuz92dPfwiAVjmS2ZCoS7xLFsfFcl3R0EZAhf5ct7tPBlrxE7lxNtKKSRD4BlK1MAuYA7zjMuXKiS0o7eOkkQsTbvvT0TMpX7WoMajScg9PKRZBs3m5KGt4Um9A8HstpDdQRr
Meta Ads Library,Invego,7.88109E+14,liven,https://www.facebook.com/ads/archive/render_ad/?id=788108934345631&access_token=EAATnrmoQyC4BQptmsbNRdpMvgWhT9ZCeeMMlHDkxMXfJ2nK6fMZAk2p9lKk0ofSe3VJBPuz92dPfwiAVjmS2ZCoS7xLFsfFcl3R0EZAhf5ct7tPBlrxE7lxNtKKSRD4BlK1MAuYA7zjMuXKiS0o7eOkkQsTbvvT0TMpX7WoMajScg9PKRZBs3m5KGt4Um9A8HstpDdQRr
Meta Ads Library,Citadele Eesti,7.07175E+14,swedbank,https://www.facebook.com/ads/archive/render_ad/?id=707174858719646&access_token=EAATnrmoQyC4BQPVFaEdvyWfH85nc9J1azy5Q3EZCsaaFpLOAG9mEhR1mfp8tmZAxRmBf2IRN553VRRdSaWWJUedu3OFNvLi6Jf9yHmQkSryfa7HC1lnTHUoDGLJFXNS38IeFpk3ZBBnLtpERHKOgzlznywHZAnzlGFoqmGcIcZBTiOgc4ybEkN3braKPoQgJuFpHi7zrs
Meta Ads Library,Coop Pank,1.23582E+15,swedbank,https://www.facebook.com/ads/archive/render_ad/?id=1235820554725230&access_token=EAATnrmoQyC4BQPVFaEdvyWfH85nc9J1azy5Q3EZCsaaFpLOAG9mEhR1mfp8tmZAxRmBf2IRN553VRRdSaWWJUedu3OFNvLi6Jf9yHmQkSryfa7HC1lnTHUoDGLJFXNS38IeFpk3ZBBnLtpERHKOgzlznywHZAnzlGFoqmGcIcZBTiOgc4ybEkN3braKPoQgJuFpHi7zrs
Meta Ads Library,Hepsor,1.49513E+15,liven,https://www.facebook.com/ads/archive/render_ad/?id=1495133221458738&access_token=EAATnrmoQyC4BQPVFaEdvyWfH85nc9J1azy5Q3EZCsaaFpLOAG9mEhR1mfp8tmZAxRmBf2IRN553VRRdSaWWJUedu3OFNvLi6Jf9yHmQkSryfa7HC1lnTHUoDGLJFXNS38IeFpk3ZBBnLtpERHKOgzlznywHZAnzlGFoqmGcIcZBTiOgc4ybEkN3braKPoQgJuFpHi7zrs
Meta Ads Library,Coop Pank,1.03331E+15,swedbank,https://www.facebook.com/ads/archive/render_ad/?id=1033313928104289&access_token=EAATnrmoQyC4BOyPI2UlrqFMQKk5vv6XeANCnonDt4Ho3GPZCm24pBF6XxsSP0Qh3kIdZCuPUtE6BvZBSuq1WwOhhHeZC7dnXLq9u3XRiPfzaTxZBalwm2gvQPVjbAEyHImZBEa9uHUj8yB0OSaDuDsgTaLPYzvCZCd5fnGkOLIjhAkfnRyK2nOmUnAFTlG8Ujgl
Meta Ads Library,ABOUT YOU,7.3241E+14,ballzy,https://www.facebook.com/ads/archive/render_ad/?id=732409955662006&access_token=EAATnrmoQyC4BOyPI2UlrqFMQKk5vv6XeANCnonDt4Ho3GPZCm24pBF6XxsSP0Qh3kIdZCuPUtE6BvZBSuq1WwOhhHeZC7dnXLq9u3XRiPfzaTxZBalwm2gvQPVjbAEyHImZBEa9uHUj8yB0OSaDuDsgTaLPYzvCZCd5fnGkOLIjhAkfnRyK2nOmUnAFTlG8Ujgl
Meta Ads Library,Luminor Eesti,7.88566E+14,swedbank,https://www.facebook.com/ads/archive/render_ad/?id=788565530500973&access_token=EAATnrmoQyC4BQptmsbNRdpMvgWhT9ZCeeMMlHDkxMXfJ2nK6fMZAk2p9lKk0ofSe3VJBPuz92dPfwiAVjmS2ZCoS7xLFsfFcl3R0EZAhf5ct7tPBlrxE7lxNtKKSRD4BlK1MAuYA7zjMuXKiS0o7eOkkQsTbvvT0TMpX7WoMajScg9PKRZBs3m5KGt4Um9A8HstpDdQRr
Meta Ads Library,Confido,1.09711E+15,meliva,https://www.facebook.com/ads/archive/render_ad/?id=1097106668639229&access_token=EAATnrmoQyC4BQPVFaEdvyWfH85nc9J1azy5Q3EZCsaaFpLOAG9mEhR1mfp8tmZAxRmBf2IRN553VRRdSaWWJUedu3OFNvLi6Jf9yHmQkSryfa7HC1lnTHUoDGLJFXNS38IeFpk3ZBBnLtpERHKOgzlznywHZAnzlGFoqmGcIcZBTiOgc4ybEkN3braKPoQgJuFpHi7zrs
Google Transparence Center,coraltravel.lv (UAB Strive Baltic),CR17453692393004990465,teztour,https://adstransparency.google.com/advertiser/AR03457197984628867073/creative/CR17453692393004990465
Google Transparence Center,Limited Liability Company Join Up Baltic,CR11947948295566917633,teztour,https://adstransparency.google.com/advertiser/AR00044836881589862401/creative/CR11947948295566917633
Google Transparence Center,Tele2 Eesti AS,CR08545917654026682369,tele2,https://adstransparency.google.com/advertiser/AR09689280760455888897/creative/CR08545917654026682369
Google Transparence Center,Limited Liability Company Join Up Baltic,CR01069898292126547969,teztour,https://adstransparency.google.com/advertiser/AR12874210683608104961/creative/CR01069898292126547969
Google Transparence Center,Meliva Qvalitas AS,CR14294540133418926081,meliva,https://adstransparency.google.com/advertiser/AR04555520387500212225/creative/CR14294540133418926081
Google Transparence Center,Holm Bank AS,CR04760206898056134657,swedbank,https://adstransparency.google.com/advertiser/AR05002702177517436929/creative/CR04760206898056134657
Google Transparence Center,Osaühing Rademar,CR04663105865111306241,ballzy,https://adstransparency.google.com/advertiser/AR08556503064784142337/creative/CR04663105865111306241
Google Transparence Center,UAB TEZ TOUR,CR13593353891616915457,teztour,https://adstransparency.google.com/advertiser/AR18137671080263811073/creative/CR13593353891616915457
Google Transparence Center,prismamarket.ee (Suomen Osuuskauppojen Keskuskunta),CR14180549296201400321,prisma,https://adstransparency.google.com/advertiser/AR07212788031873351681/creative/CR14180549296201400321
Google Transparence Center,If P&C Insurance AS,CR12621688906073505793,swedbank,https://adstransparency.google.com/advertiser/AR04639392886813622273/creative/CR12621688906073505793
Google Transparence Center,sportland.lv (FCR Media AS),CR07690142740239089665,ballzy,https://adstransparency.google.com/advertiser/AR07605833202233507841/creative/CR07690142740239089665
Google Transparence Center,rimi.ee (Media House OÜ),CR14981377662579113985,prisma,https://adstransparency.google.com/advertiser/AR17608295264152453121/creative/CR14981377662579113985
Google Transparence Center,Balcia Insurance SE Eesti filiaal,CR03665764706078949377,swedbank,https://adstransparency.google.com/advertiser/AR10726693071006728193/creative/CR03665764706078949377
Google Transparence Center,UAB TEZ TOUR,CR00458013439839698945,teztour,https://adstransparency.google.com/advertiser/AR18137671080263811073/creative/CR00458013439839698945
Google Transparence Center,Swedbank AS,CR04783549426834604033,swedbank,https://adstransparency.google.com/advertiser/AR15530449477155422209/creative/CR04783549426834604033
Google Transparence Center,Elisa Eesti AS,CR16422536896321683457,tele2,https://adstransparency.google.com/advertiser/AR09067552478781767681/creative/CR16422536896321683457
Google Transparence Center,BSTN Store GmbH,CR10255106795777294337,ballzy,https://adstransparency.google.com/advertiser/AR12384047403513151489/creative/CR10255106795777294337
Google Transparence Center,Maxima Eesti OÜ,CR15318463394802040833,prisma,https://adstransparency.google.com/advertiser/AR08573540220794830849/creative/CR15318463394802040833
Google Transparence Center,BIGBANK AS,CR08567997840377249793,swedbank,https://adstransparency.google.com/advertiser/AR08737666073819611137/creative/CR08567997840377249793
Google Transparence Center,Bonava Eesti OÜ,CR02781570509089800193,liven,https://adstransparency.google.com/advertiser/AR01608984101581225985/creative/CR02781570509089800193
Google Transparence Center,UAB TEZ TOUR,CR10702142969223315457,teztour,https://adstransparency.google.com/advertiser/AR18137671080263811073/creative/CR10702142969223315457
Google Transparence Center,rimi.ee (Media House OÜ),CR15275567529192325121,prisma,https://adstransparency.google.com/advertiser/AR17608295264152453121/creative/CR15275567529192325121
Google Transparence Center,ERGO Insurance SE,CR15528309294951825409,swedbank,https://adstransparency.google.com/advertiser/AR05323378042293190657/creative/CR15528309294951825409
Google Transparence Center,prismamarket.ee (Suomen Osuuskauppojen Keskuskunta),CR02018541840646537217,prisma,https://adstransparency.google.com/advertiser/AR07212788031873351681/creative/CR02018541840646537217
Google Transparence Center,Maxima Eesti OÜ,CR15119540816256696321,prisma,https://adstransparency.google.com/advertiser/AR08573540220794830849/creative/CR15119540816256696321
Google Transparence Center,Holm Bank AS,CR04982483412813086721,swedbank,https://adstransparency.google.com/advertiser/AR05002702177517436929/creative/CR04982483412813086721
Google Transparence Center,Compensa Life Vienna Insurance Group SE,CR02869287279011037185,swedbank,https://adstransparency.google.com/advertiser/AR16512946868435550209/creative/CR02869287279011037185
Google Transparence Center,AAS BTA Baltic Insurance Company Eesti filiaal,CR16952015413691023361,swedbank,https://adstransparency.google.com/advertiser/AR16644540749374816257/creative/CR16952015413691023361
Google Transparence Center,Liven AS,CR04414044139000168449,liven,https://adstransparency.google.com/advertiser/AR05147559742100471809/creative/CR04414044139000168449
Google Transparence Center,coraltravel.ee (UAB Strive Baltic),CR14138834984684748801,teztour,https://adstransparency.google.com/advertiser/AR03457197984628867073/creative/CR14138834984684748801
Google Transparence Center,Tele2 Eesti AS,CR04499320173496369153,tele2,https://adstransparency.google.com/advertiser/AR09689280760455888897/creative/CR04499320173496369153
Google Transparence Center,AB “Lietuvos draudimas“ Eesti filiaal,CR07933757270997860353,swedbank,https://adstransparency.google.com/advertiser/AR05256169775570092033/creative/CR07933757270997860353
Google Transparence Center,Invego OÜ,CR08673136956156149761,liven,https://adstransparency.google.com/advertiser/AR09305100677472583681/creative/CR08673136956156149761
Google Transparence Center,Maxima Eesti OÜ,CR09432404873925623809,prisma,https://adstransparency.google.com/advertiser/AR08573540220794830849/creative/CR09432404873925623809
Google Transparence Center,rimi.ee (Media House OÜ),CR13862462566560694273,prisma,https://adstransparency.google.com/advertiser/AR17608295264152453121/creative/CR13862462566560694273
Google Transparence Center,Holm Bank AS,CR01405391261497556993,swedbank,https://adstransparency.google.com/advertiser/AR05002702177517436929/creative/CR01405391261497556993
Google Transparence Center,prismamarket.ee (Suomen Osuuskauppojen Keskuskunta),CR14009162474545217537,prisma,https://adstransparency.google.com/advertiser/AR07212788031873351681/creative/CR14009162474545217537
Google Transparence Center,BIGBANK AS,CR00530653895299432449,swedbank,https://adstransparency.google.com/advertiser/AR08737666073819611137/creative/CR00530653895299432449
Google Transparence Center,Coop Eesti Keskühistu,CR01723750094496333825,prisma,https://adstransparency.google.com/advertiser/AR17661130165121449985/creative/CR01723750094496333825
Google Transparence Center,Invego Keila Pargikodud OÜ,CR00258647758108360705,liven,https://adstransparency.google.com/advertiser/AR00901368104758542337/creative/CR00258647758108360705
Google Transparence Center,Invego OÜ,CR17484917836039061505,liven,https://adstransparency.google.com/advertiser/AR09305100677472583681/creative/CR17484917836039061505
Google Transparence Center,Invego OÜ,CR01581889102825914369,liven,https://adstransparency.google.com/advertiser/AR09305100677472583681/creative/CR01581889102825914369
Google Transparence Center,coraltravel.lt (UAB Strive Baltic),CR16811911166723883009,teztour,https://adstransparency.google.com/advertiser/AR03457197984628867073/creative/CR16811911166723883009
Google Transparence Center,UAB TEZ TOUR,CR14437796963690741761,teztour,https://adstransparency.google.com/advertiser/AR18137671080263811073/creative/CR14437796963690741761
Google Transparence Center,Bonava Eesti OÜ,CR18403684363687428097,liven,https://adstransparency.google.com/advertiser/AR01608984101581225985/creative/CR18403684363687428097
Google Transparence Center,sportland.lv (FCR Media AS),CR09126431206190088193,ballzy,https://adstransparency.google.com/advertiser/AR07605833202233507841/creative/CR09126431206190088193
Google Transparence Center,Holm Bank AS,CR12971801480263630849,swedbank,https://adstransparency.google.com/advertiser/AR05002702177517436929/creative/CR12971801480263630849
Google Transparence Center,UAB TEZ TOUR,CR16853841729843888129,teztour,https://adstransparency.google.com/advertiser/AR18137671080263811073/creative/CR16853841729843888129
Google Transparence Center,Maxima Eesti OÜ,CR07600704684864569345,prisma,https://adstransparency.google.com/advertiser/AR08573540220794830849/creative/CR07600704684864569345
Google Transparence Center,Aktsiaselts MERKO EHITUS (Initiative OÜ),CR02104668355976757249,liven,https://adstransparency.google.com/advertiser/AR08412830481678073857/creative/CR02104668355976757249
Google Transparence Center,ERGO Insurance SE,CR03236940525407830017,swedbank,https://adstransparency.google.com/advertiser/AR05323378042293190657/creative/CR03236940525407830017
Google Transparence Center,terminalenergia.ee (Terminal Oil OÜ),CR00337817440031342593,enefit,https://adstransparency.google.com/advertiser/AR05691061688468504577/creative/CR00337817440031342593
Google Transparence Center,Salva Kindlustuse AS,CR12139063173323948033,swedbank,https://adstransparency.google.com/advertiser/AR14525474958647230465/creative/CR12139063173323948033
Google Transparence Center,Limited Liability Company Join Up Baltic,CR18378602338794340353,teztour,https://adstransparency.google.com/advertiser/AR00044836881589862401/creative/CR18378602338794340353
Google Transparence Center,Osaühing Rademar,CR17805707027821887489,ballzy,https://adstransparency.google.com/advertiser/AR08556503064784142337/creative/CR17805707027821887489
Google Transparence Center,rimi.ee (Media House OÜ),CR10708019137319272449,prisma,https://adstransparency.google.com/advertiser/AR17608295264152453121/creative/CR10708019137319272449
Google Transparence Center,AS Citadele banka,CR05959776892868362241,swedbank,https://adstransparency.google.com/advertiser/AR02479705020522561537/creative/CR05959776892868362241
Google Transparence Center,Coop Eesti Keskühistu,CR03405600291939155969,prisma,https://adstransparency.google.com/advertiser/AR17661130165121449985/creative/CR03405600291939155969
Google Transparence Center,Swedbank AS,CR14429914444572131329,swedbank,https://adstransparency.google.com/advertiser/AR15530449477155422209/creative/CR14429914444572131329
Google Transparence Center,UAB TEZ TOUR,CR00889872951208312833,teztour,https://adstransparency.google.com/advertiser/AR18137671080263811073/creative/CR00889872951208312833
Google Transparence Center,prismamarket.ee (Suomen Osuuskauppojen Keskuskunta),CR04814883429462048769,prisma,https://adstransparency.google.com/advertiser/AR07212788031873351681/creative/CR04814883429462048769
Google Transparence Center,Compensa Life Vienna Insurance Group SE,CR12710974919605747713,swedbank,https://adstransparency.google.com/advertiser/AR16512946868435550209/creative/CR12710974919605747713
Google Transparence Center,Osaühing Rademar,CR00205434453340717057,ballzy,https://adstransparency.google.com/advertiser/AR08556503064784142337/creative/CR00205434453340717057
Google Transparence Center,Osaühing Rademar,CR00529869823249743873,ballzy,https://adstransparency.google.com/advertiser/AR08556503064784142337/creative/CR00529869823249743873
Google Transparence Center,rimi.ee (Media House OÜ),CR04135172848773758977,prisma,https://adstransparency.google.com/advertiser/AR17608295264152453121/creative/CR04135172848773758977
Google Transparence Center,Swedbank AS,CR13790541080036376577,swedbank,https://adstransparency.google.com/advertiser/AR15530449477155422209/creative/CR13790541080036376577
Google Transparence Center,Osaühing Rademar,CR09219355469338902529,ballzy,https://adstransparency.google.com/advertiser/AR08556503064784142337/creative/CR09219355469338902529
Google Transparence Center,Eesti Energia AS,CR03011907199992594433,enefit,https://adstransparency.google.com/advertiser/AR08681755426510864385/creative/CR03011907199992594433
Google Transparence Center,Tele2 Eesti AS,CR01586722976848412673,tele2,https://adstransparency.google.com/advertiser/AR09689280760455888897/creative/CR01586722976848412673
Google Transparence Center,BIGBANK AS,CR15975397162624221185,swedbank,https://adstransparency.google.com/advertiser/AR08737666073819611137/creative/CR15975397162624221185
Google Transparence Center,Coop Eesti Keskühistu,CR06417827810592686081,prisma,https://adstransparency.google.com/advertiser/AR17661130165121449985/creative/CR06417827810592686081
Google Transparence Center,TF Bank AB (publ.) Eesti filiaal,CR10542555522240872449,swedbank,https://adstransparency.google.com/advertiser/AR07955830774379315201/creative/CR10542555522240872449
Google Transparence Center,Limited Liability Company Join Up Baltic,CR08303738071841505281,teztour,https://adstransparency.google.com/advertiser/AR04640240782077329409/creative/CR08303738071841505281
Google Transparence Center,AS SEB Pank,CR10171742056087552001,swedbank,https://adstransparency.google.com/advertiser/AR06315263845535318017/creative/CR10171742056087552001
Google Transparence Center,"UAB ""Limarto LT""",CR07155878418121228289,ballzy,https://adstransparency.google.com/advertiser/AR09027640137974022145/creative/CR07155878418121228289
Google Transparence Center,rimi.ee (Media House OÜ),CR05000712903284752385,prisma,https://adstransparency.google.com/advertiser/AR17608295264152453121/creative/CR05000712903284752385
Google Transparence Center,Coop Eesti Keskühistu,CR07768213975686184961,prisma,https://adstransparency.google.com/advertiser/AR17661130165121449985/creative/CR07768213975686184961
Google Transparence Center,AS LHV Finance,CR10171462410766909441,swedbank,https://adstransparency.google.com/advertiser/AR04974389134626914305/creative/CR10171462410766909441
Google Transparence Center,Coop Pank AS,CR02489198788032331777,swedbank,https://adstransparency.google.com/advertiser/AR01353730913824931841/creative/CR02489198788032331777
Google Transparence Center,"THE FINISH LINE USA, INC.",CR12451410340598513665,ballzy,https://adstransparency.google.com/advertiser/AR02394050230040395777/creative/CR12451410340598513665
Google Transparence Center,AS Alexela,CR10829154077108076545,enefit,https://adstransparency.google.com/advertiser/AR01518796522873946113/creative/CR10829154077108076545
Google Transparence Center,ERGO Insurance SE,CR08710309271037804545,swedbank,https://adstransparency.google.com/advertiser/AR05323378042293190657/creative/CR08710309271037804545
Google Transparence Center,coraltravel.lv (UAB Strive Baltic),CR09494892464784277505,teztour,https://adstransparency.google.com/advertiser/AR03457197984628867073/creative/CR09494892464784277505
Google Transparence Center,SA Tallinna Hambakliinik (Aktsiaselts Tallinna Hambakliinik),CR09020674302315331585,meliva,https://adstransparency.google.com/advertiser/AR01170555076956127233/creative/CR09020674302315331585
Google Transparence Center,Coop Eesti Keskühistu,CR16392748746913349633,prisma,https://adstransparency.google.com/advertiser/AR17661130165121449985/creative/CR16392748746913349633
Google Transparence Center,Novatours OÜ,CR04324368520394571777,teztour,https://adstransparency.google.com/advertiser/AR09955740617399074817/creative/CR04324368520394571777
Google Transparence Center,ERGO Insurance SE,CR16054410439018151937,swedbank,https://adstransparency.google.com/advertiser/AR05323378042293190657/creative/CR16054410439018151937
Google Transparence Center,ERGO Insurance SE,CR08094474019501244417,swedbank,https://adstransparency.google.com/advertiser/AR05323378042293190657/creative/CR08094474019501244417
Google Transparence Center,ERGO Insurance SE,CR15715611324081766401,swedbank,https://adstransparency.google.com/advertiser/AR05323378042293190657/creative/CR15715611324081766401
Google Transparence Center,AS LHV Pank,CR13258616372633534465,swedbank,https://adstransparency.google.com/advertiser/AR14406756341689352193/creative/CR13258616372633534465
Google Transparence Center,Maxima Eesti OÜ,CR08890252844368658433,prisma,https://adstransparency.google.com/advertiser/AR08573540220794830849/creative/CR08890252844368658433
Google Transparence Center,reterra.ee (Target Media OÜ),CR04384800402466406401,liven,https://adstransparency.google.com/advertiser/AR00552319325248159745/creative/CR04384800402466406401
Google Transparence Center,Limited Liability Company Join Up Baltic,CR13150360502167142401,teztour,https://adstransparency.google.com/advertiser/AR00044836881589862401/creative/CR13150360502167142401
Google Transparence Center,Salva Kindlustuse AS,CR02179956813393297409,swedbank,https://adstransparency.google.com/advertiser/AR14525474958647230465/creative/CR02179956813393297409
Google Transparence Center,UAB TEZ TOUR,CR07243659861660008449,teztour,https://adstransparency.google.com/advertiser/AR18137671080263811073/creative/CR07243659861660008449
Google Transparence Center,Coop Eesti Keskühistu,CR09521525522627035137,prisma,https://adstransparency.google.com/advertiser/AR17661130165121449985/creative/CR09521525522627035137
Google Transparence Center,ERGO Insurance SE,CR06686773439987974145,swedbank,https://adstransparency.google.com/advertiser/AR05323378042293190657/creative/CR06686773439987974145
Google Transparence Center,Elisa Eesti AS,CR07463161088809369601,tele2,https://adstransparency.google.com/advertiser/AR09067552478781767681/creative/CR07463161088809369601
Google Transparence Center,coraltravel.ee (UAB Strive Baltic),CR10502832915908395009,teztour,https://adstransparency.google.com/advertiser/AR03457197984628867073/creative/CR10502832915908395009
Google Transparence Center,Swedbank AS,CR04922285967236136961,swedbank,https://adstransparency.google.com/advertiser/AR15530449477155422209/creative/CR04922285967236136961
Google Transparence Center,AAS BTA Baltic Insurance Company Eesti filiaal,CR02985392786326421505,swedbank,https://adstransparency.google.com/advertiser/AR16644540749374816257/creative/CR02985392786326421505
Google Transparence Center,Swedbank AS,CR09725778086867238913,swedbank,https://adstransparency.google.com/advertiser/AR15530449477155422209/creative/CR09725778086867238913
Google Transparence Center,If P&C Insurance AS,CR17761329810811912193,swedbank,https://adstransparency.google.com/advertiser/AR04639392886813622273/creative/CR17761329810811912193
Google Transparence Center,Aktsiaselts Medicum Tervishoiuteenused,CR14062102103996760065,meliva,https://adstransparency.google.com/advertiser/AR10812795500160352257/creative/CR14062102103996760065
Google Transparence Center,seb.ee (Meediaagentuur OÜ),CR17554701734520029185,swedbank,https://adstransparency.google.com/advertiser/AR14827580570246053889/creative/CR17554701734520029185
Google Transparence Center,Läänemere Hambakliinik OÜ,CR04893525105285529601,meliva,https://adstransparency.google.com/advertiser/AR11039301045875376129/creative/CR04893525105285529601
Google Transparence Center,prismamarket.ee (Suomen Osuuskauppojen Keskuskunta),CR09070843351443439617,prisma,https://adstransparency.google.com/advertiser/AR07212788031873351681/creative/CR09070843351443439617
Google Transparence Center,sportland.lv (FCR Media AS),CR17167362050255486977,ballzy,https://adstransparency.google.com/advertiser/AR07605833202233507841/creative/CR17167362050255486977
Google Transparence Center,sportland.lv (FCR Media AS),CR13785280380753936385,ballzy,https://adstransparency.google.com/advertiser/AR07605833202233507841/creative/CR13785280380753936385
Google Transparence Center,Inbank AS,CR18202260980304445441,swedbank,https://adstransparency.google.com/advertiser/AR11303174834290163713/creative/CR18202260980304445441
Google Transparence Center,Limited Liability Company Join Up Baltic,CR17404550038629122049,teztour,https://adstransparency.google.com/advertiser/AR00044836881589862401/creative/CR17404550038629122049
Google Transparence Center,"UAB ""Limarto LT""",CR04229489231082291201,ballzy,https://adstransparency.google.com/advertiser/AR09027640137974022145/creative/CR04229489231082291201
Google Transparence Center,"novaturas.lt (UAB "" Reprise Media "")",CR14612976705325760513,teztour,https://adstransparency.google.com/advertiser/AR01284385299576651777/creative/CR14612976705325760513
Google Transparence Center,Holm Bank AS,CR04754938003976093697,swedbank,https://adstransparency.google.com/advertiser/AR05002702177517436929/creative/CR04754938003976093697
Google Transparence Center,Osaühing Rademar,CR18413419645798187009,ballzy,https://adstransparency.google.com/advertiser/AR08556503064784142337/creative/CR18413419645798187009
Google Transparence Center,Novatours OÜ,CR03431792634597736449,teztour,https://adstransparency.google.com/advertiser/AR09955740617399074817/creative/CR03431792634597736449
Google Transparence Center,Swedbank AS,CR10673825322127851521,swedbank,https://adstransparency.google.com/advertiser/AR15530449477155422209/creative/CR10673825322127851521
Google Transparence Center,AS Arstikeskus Confido,CR06808780421346623489,meliva,https://adstransparency.google.com/advertiser/AR17210726015760859137/creative/CR06808780421346623489
Google Transparence Center,prismamarket.ee (Suomen Osuuskauppojen Keskuskunta),CR06386114407734181889,prisma,https://adstransparency.google.com/advertiser/AR07212788031873351681/creative/CR06386114407734181889
Google Transparence Center,Holm Bank AS,CR04584197248480444417,swedbank,https://adstransparency.google.com/advertiser/AR05002702177517436929/creative/CR04584197248480444417
Google Transparence Center,Holm Bank AS,CR06683692711486160897,swedbank,https://adstransparency.google.com/advertiser/AR05002702177517436929/creative/CR06683692711486160897
Google Transparence Center,coraltravel.ee (UAB Strive Baltic),CR08393337660936028161,teztour,https://adstransparency.google.com/advertiser/AR03457197984628867073/creative/CR08393337660936028161
Google Transparence Center,AB “Lietuvos draudimas“ Eesti filiaal,CR04889433530460798977,swedbank,https://adstransparency.google.com/advertiser/AR05256169775570092033/creative/CR04889433530460798977
Google Transparence Center,AS SEB Pank,CR00132853732286136321,swedbank,https://adstransparency.google.com/advertiser/AR06315263845535318017/creative/CR00132853732286136321
Google Transparence Center,Liven AS,CR07354811588055924737,liven,https://adstransparency.google.com/advertiser/AR05147559742100471809/creative/CR07354811588055924737
Google Transparence Center,rimi.ee (Media House OÜ),CR09354766064375824385,prisma,https://adstransparency.google.com/advertiser/AR17608295264152453121/creative/CR09354766064375824385
Google Transparence Center,Liven AS,CR11565998666409836545,liven,https://adstransparency.google.com/advertiser/AR05147559742100471809/creative/CR11565998666409836545
Google Transparence Center,Liven AS,CR03666966394978697217,liven,https://adstransparency.google.com/advertiser/AR05147559742100471809/creative/CR03666966394978697217
Google Transparence Center,Tele2 Eesti AS,CR17107879218517114881,tele2,https://adstransparency.google.com/advertiser/AR09689280760455888897/creative/CR17107879218517114881
Google Transparence Center,coraltravel.lv (UAB Strive Baltic),CR05532740870291324929,teztour,https://adstransparency.google.com/advertiser/AR03457197984628867073/creative/CR05532740870291324929
Google Transparence Center,Inbank AS,CR05398322318210498561,swedbank,https://adstransparency.google.com/advertiser/AR11303174834290163713/creative/CR05398322318210498561
Google Transparence Center,Tele2 Eesti AS,CR18128577895763804161,tele2,https://adstransparency.google.com/advertiser/AR09689280760455888897/creative/CR18128577895763804161
Google Transparence Center,Elisa Eesti AS,CR15146689167095758849,tele2,https://adstransparency.google.com/advertiser/AR09067552478781767681/creative/CR15146689167095758849
Google Transparence Center,HanzaDent OÜ,CR15640714000746938369,meliva,https://adstransparency.google.com/advertiser/AR07085297322170515457/creative/CR15640714000746938369
Google Transparence Center,Coop Pank AS,CR12773410137633193985,swedbank,https://adstransparency.google.com/advertiser/AR01353730913824931841/creative/CR12773410137633193985
Google Transparence Center,If P&C Insurance AS,CR13447379549637574657,swedbank,https://adstransparency.google.com/advertiser/AR04639392886813622273/creative/CR13447379549637574657
Google Transparence Center,Meliva Qvalitas AS,CR00531476450256093185,meliva,https://adstransparency.google.com/advertiser/AR04555520387500212225/creative/CR00531476450256093185
Google Transparence Center,Reterra Estate OÜ,CR11648972770234073089,liven,https://adstransparency.google.com/advertiser/AR11516112732935946241/creative/CR11648972770234073089
Google Transparence Center,Osaühing Rademar,CR05472515490247081985,ballzy,https://adstransparency.google.com/advertiser/AR08556503064784142337/creative/CR05472515490247081985
Google Transparence Center,Swedbank AS,CR16555567048684470273,swedbank,https://adstransparency.google.com/advertiser/AR15530449477155422209/creative/CR16555567048684470273
Google Transparence Center,Lidl Eesti OÜ,CR16670200155311439873,prisma,https://adstransparency.google.com/advertiser/AR00042604804266000385/creative/CR16670200155311439873
Google Transparence Center,UAB TEZ TOUR,CR00421423548293185537,teztour,https://adstransparency.google.com/advertiser/AR18137671080263811073/creative/CR00421423548293185537
Google Transparence Center,Swedbank AS,CR17250434998457073665,swedbank,https://adstransparency.google.com/advertiser/AR15530449477155422209/creative/CR17250434998457073665
Google Transparence Center,"THE FINISH LINE USA, INC.",CR08409701099786731521,ballzy,https://adstransparency.google.com/advertiser/AR02394050230040395777/creative/CR08409701099786731521
Google Transparence Center,ABOUT YOU SE & Co. KG,CR01995491988119486465,ballzy,https://adstransparency.google.com/advertiser/AR08228941834856955905/creative/CR01995491988119486465
Google Transparence Center,ABOUT YOU SE & Co. KG,CR02615961586677841921,ballzy,https://adstransparency.google.com/advertiser/AR08228941834856955905/creative/CR02615961586677841921
Google Transparence Center,ABOUT YOU SE & Co. KG,CR17507350183938097153,ballzy,https://adstransparency.google.com/advertiser/AR08228941834856955905/creative/CR17507350183938097153
Google Transparence Center,ABOUT YOU SE & Co. KG,CR05673765133613006849,ballzy,https://adstransparency.google.com/advertiser/AR08228941834856955905/creative/CR05673765133613006849
Google Transparence Center,ABOUT YOU SE & Co. KG,CR07076155071964119041,ballzy,https://adstransparency.google.com/advertiser/AR08228941834856955905/creative/CR07076155071964119041
Google Transparence Center,ABOUT YOU SE & Co. KG,CR11504229108183728129,ballzy,https://adstransparency.google.com/advertiser/AR08228941834856955905/creative/CR11504229108183728129
Google Transparence Center,ABOUT YOU SE & Co. KG,CR06798179205109514241,ballzy,https://adstransparency.google.com/advertiser/AR08228941834856955905/creative/CR06798179205109514241
Google Transparence Center,ABOUT YOU SE & Co. KG,CR16616993739671339009,ballzy,https://adstransparency.google.com/advertiser/AR08228941834856955905/creative/CR16616993739671339009
Google Transparence Center,ABOUT YOU SE & Co. KG,CR16318024570890092545,ballzy,https://adstransparency.google.com/advertiser/AR08228941834856955905/creative/CR16318024570890092545
Google Transparence Center,ABOUT YOU SE & Co. KG,CR15573314900036943873,ballzy,https://adstransparency.google.com/advertiser/AR08228941834856955905/creative/CR15573314900036943873
Google Transparence Center,ABOUT YOU SE & Co. KG,CR09687480189906321409,ballzy,https://adstransparency.google.com/advertiser/AR08228941834856955905/creative/CR09687480189906321409
Google Transparence Center,ABOUT YOU SE & Co. KG,CR04816395103331418113,ballzy,https://adstransparency.google.com/advertiser/AR08228941834856955905/creative/CR04816395103331418113
Google Transparence Center,ABOUT YOU SE & Co. KG,CR14576838987936169985,ballzy,https://adstransparency.google.com/advertiser/AR08228941834856955905/creative/CR14576838987936169985
Google Transparence Center,ABOUT YOU SE & Co. KG,CR03047155618633744385,ballzy,https://adstransparency.google.com/advertiser/AR08228941834856955905/creative/CR03047155618633744385
Google Transparence Center,ABOUT YOU SE & Co. KG,CR13366947456567214081,ballzy,https://adstransparency.google.com/advertiser/AR08228941834856955905/creative/CR13366947456567214081
Google Transparence Center,ABOUT YOU SE & Co. KG,CR01775579217203822593,ballzy,https://adstransparency.google.com/advertiser/AR08228941834856955905/creative/CR01775579217203822593
Google Transparence Center,ABOUT YOU SE & Co. KG,CR03469870663592837121,ballzy,https://adstransparency.google.com/advertiser/AR08228941834856955905/creative/CR03469870663592837121
Google Transparence Center,ABOUT YOU SE & Co. KG,CR15188965423543484417,ballzy,https://adstransparency.google.com/advertiser/AR08228941834856955905/creative/CR15188965423543484417
Google Transparence Center,ABOUT YOU SE & Co. KG,CR04163876733688217601,ballzy,https://adstransparency.google.com/advertiser/AR08228941834856955905/creative/CR04163876733688217601
Google Transparence Center,ABOUT YOU SE & Co. KG,CR02688215855858188289,ballzy,https://adstransparency.google.com/advertiser/AR08228941834856955905/creative/CR02688215855858188289
Google Transparence Center,ABOUT YOU SE & Co. KG,CR16985342916798971905,ballzy,https://adstransparency.google.com/advertiser/AR08228941834856955905/creative/CR16985342916798971905
Google Transparence Center,ABOUT YOU SE & Co. KG,CR11530470774246735873,ballzy,https://adstransparency.google.com/advertiser/AR08228941834856955905/creative/CR11530470774246735873
Google Transparence Center,ABOUT YOU SE & Co. KG,CR16495154725893701633,ballzy,https://adstransparency.google.com/advertiser/AR08228941834856955905/creative/CR16495154725893701633
Google Transparence Center,ABOUT YOU SE & Co. KG,CR17987779693750779905,ballzy,https://adstransparency.google.com/advertiser/AR08228941834856955905/creative/CR17987779693750779905
Google Transparence Center,ABOUT YOU SE & Co. KG,CR16891030451500613633,ballzy,https://adstransparency.google.com/advertiser/AR08228941834856955905/creative/CR16891030451500613633
Google Transparence Center,ABOUT YOU SE & Co. KG,CR09694448533825912833,ballzy,https://adstransparency.google.com/advertiser/AR08228941834856955905/creative/CR09694448533825912833
Google Transparence Center,ABOUT YOU SE & Co. KG,CR01800316596741210113,ballzy,https://adstransparency.google.com/advertiser/AR08228941834856955905/creative/CR01800316596741210113
Google Transparence Center,ABOUT YOU SE & Co. KG,CR14492838842194722817,ballzy,https://adstransparency.google.com/advertiser/AR08228941834856955905/creative/CR14492838842194722817
Google Transparence Center,ABOUT YOU SE & Co. KG,CR02579654303979405313,ballzy,https://adstransparency.google.com/advertiser/AR08228941834856955905/creative/CR02579654303979405313
Google Transparence Center,ABOUT YOU SE & Co. KG,CR02113280048873078785,ballzy,https://adstransparency.google.com/advertiser/AR08228941834856955905/creative/CR02113280048873078785
Google Transparence Center,ABOUT YOU SE & Co. KG,CR16526165162864934913,ballzy,https://adstransparency.google.com/advertiser/AR08228941834856955905/creative/CR16526165162864934913
Google Transparence Center,ABOUT YOU SE & Co. KG,CR16388946300697051137,ballzy,https://adstransparency.google.com/advertiser/AR08228941834856955905/creative/CR16388946300697051137
Google Transparence Center,ABOUT YOU SE & Co. KG,CR11621023725821886465,ballzy,https://adstransparency.google.com/advertiser/AR08228941834856955905/creative/CR11621023725821886465
Google Transparence Center,ABOUT YOU SE & Co. KG,CR09115673515704451073,ballzy,https://adstransparency.google.com/advertiser/AR08228941834856955905/creative/CR09115673515704451073
Google Transparence Center,ABOUT YOU SE & Co. KG,CR16096304134138888193,ballzy,https://adstransparency.google.com/advertiser/AR08228941834856955905/creative/CR16096304134138888193
Google Transparence Center,ABOUT YOU SE & Co. KG,CR16952545532914434049,ballzy,https://adstransparency.google.com/advertiser/AR08228941834856955905/creative/CR16952545532914434049
Google Transparence Center,ABOUT YOU SE & Co. KG,CR08869852316648341505,ballzy,https://adstransparency.google.com/advertiser/AR08228941834856955905/creative/CR08869852316648341505
Google Transparence Center,ABOUT YOU SE & Co. KG,CR07074788722608177153,ballzy,https://adstransparency.google.com/advertiser/AR08228941834856955905/creative/CR07074788722608177153
Google Transparence Center,ABOUT YOU SE & Co. KG,CR02687773577305915393,ballzy,https://adstransparency.google.com/advertiser/AR08228941834856955905/creative/CR02687773577305915393
Google Transparence Center,ABOUT YOU SE & Co. KG,CR03396317080906104833,ballzy,https://adstransparency.google.com/advertiser/AR08228941834856955905/creative/CR03396317080906104833
Google Transparence Center,ABOUT YOU SE & Co. KG,CR16876492227721822209,ballzy,https://adstransparency.google.com/advertiser/AR08228941834856955905/creative/CR16876492227721822209
Google Transparence Center,ABOUT YOU SE & Co. KG,CR16614993796739891201,ballzy,https://adstransparency.google.com/advertiser/AR08228941834856955905/creative/CR16614993796739891201
Google Transparence Center,ABOUT YOU SE & Co. KG,CR08094658256418373633,ballzy,https://adstransparency.google.com/advertiser/AR08228941834856955905/creative/CR08094658256418373633
Google Transparence Center,ABOUT YOU SE & Co. KG,CR05937973302411657217,ballzy,https://adstransparency.google.com/advertiser/AR08228941834856955905/creative/CR05937973302411657217
Google Transparence Center,ABOUT YOU SE & Co. KG,CR10650552715416961025,ballzy,https://adstransparency.google.com/advertiser/AR08228941834856955905/creative/CR10650552715416961025
Google Transparence Center,ABOUT YOU SE & Co. KG,CR11104493641496788993,ballzy,https://adstransparency.google.com/advertiser/AR08228941834856955905/creative/CR11104493641496788993
Google Transparence Center,ABOUT YOU SE & Co. KG,CR08467638198565076993,ballzy,https://adstransparency.google.com/advertiser/AR08228941834856955905/creative/CR08467638198565076993
Google Transparence Center,ABOUT YOU SE & Co. KG,CR12834763711096815617,ballzy,https://adstransparency.google.com/advertiser/AR08228941834856955905/creative/CR12834763711096815617
Google Transparence Center,ABOUT YOU SE & Co. KG,CR06419919116068454401,ballzy,https://adstransparency.google.com/advertiser/AR08228941834856955905/creative/CR06419919116068454401
Google Transparence Center,ABOUT YOU SE & Co. KG,CR12149382055590887425,ballzy,https://adstransparency.google.com/advertiser/AR08228941834856955905/creative/CR12149382055590887425
Google Transparence Center,ABOUT YOU SE & Co. KG,CR03180545929774104577,ballzy,https://adstransparency.google.com/advertiser/AR08228941834856955905/creative/CR03180545929774104577
Google Transparence Center,ABOUT YOU SE & Co. KG,CR08915310834624757761,ballzy,https://adstransparency.google.com/advertiser/AR08228941834856955905/creative/CR08915310834624757761
Google Transparence Center,ABOUT YOU SE & Co. KG,CR09093747278161641473,ballzy,https://adstransparency.google.com/advertiser/AR08228941834856955905/creative/CR09093747278161641473
Google Transparence Center,ABOUT YOU SE & Co. KG,CR07471457453796753409,ballzy,https://adstransparency.google.com/advertiser/AR08228941834856955905/creative/CR07471457453796753409
Google Transparence Center,ABOUT YOU SE & Co. KG,CR04410060548243193857,ballzy,https://adstransparency.google.com/advertiser/AR08228941834856955905/creative/CR04410060548243193857
Google Transparence Center,ABOUT YOU SE & Co. KG,CR15018433850135019521,ballzy,https://adstransparency.google.com/advertiser/AR08228941834856955905/creative/CR15018433850135019521
Google Transparence Center,ABOUT YOU SE & Co. KG,CR15981988666113261569,ballzy,https://adstransparency.google.com/advertiser/AR08228941834856955905/creative/CR15981988666113261569
Google Transparence Center,ABOUT YOU SE & Co. KG,CR10292876566379626497,ballzy,https://adstransparency.google.com/advertiser/AR08228941834856955905/creative/CR10292876566379626497
Google Transparence Center,ABOUT YOU SE & Co. KG,CR12443906208098680833,ballzy,https://adstransparency.google.com/advertiser/AR08228941834856955905/creative/CR12443906208098680833
Google Transparence Center,ABOUT YOU SE & Co. KG,CR08135292323530539009,ballzy,https://adstransparency.google.com/advertiser/AR08228941834856955905/creative/CR08135292323530539009
Google Transparence Center,ABOUT YOU SE & Co. KG,CR07322515839171690497,ballzy,https://adstransparency.google.com/advertiser/AR08228941834856955905/creative/CR07322515839171690497
Google Transparence Center,ABOUT YOU SE & Co. KG,CR06305210332117729281,ballzy,https://adstransparency.google.com/advertiser/AR08228941834856955905/creative/CR06305210332117729281
Google Transparence Center,ABOUT YOU SE & Co. KG,CR17455345586046763009,ballzy,https://adstransparency.google.com/advertiser/AR08228941834856955905/creative/CR17455345586046763009
Google Transparence Center,ABOUT YOU SE & Co. KG,CR10918423778354528257,ballzy,https://adstransparency.google.com/advertiser/AR08228941834856955905/creative/CR10918423778354528257
Google Transparence Center,ABOUT YOU SE & Co. KG,CR00752503919803891713,ballzy,https://adstransparency.google.com/advertiser/AR08228941834856955905/creative/CR00752503919803891713
Google Transparence Center,ABOUT YOU SE & Co. KG,CR10686931148543623169,ballzy,https://adstransparency.google.com/advertiser/AR08228941834856955905/creative/CR10686931148543623169
Google Transparence Center,ABOUT YOU SE & Co. KG,CR08956930562371616769,ballzy,https://adstransparency.google.com/advertiser/AR08228941834856955905/creative/CR08956930562371616769
Google Transparence Center,ABOUT YOU SE & Co. KG,CR09088314453769846785,ballzy,https://adstransparency.google.com/advertiser/AR08228941834856955905/creative/CR09088314453769846785
Google Transparence Center,ABOUT YOU SE & Co. KG,CR03254709810133729281,ballzy,https://adstransparency.google.com/advertiser/AR08228941834856955905/creative/CR03254709810133729281
Google Transparence Center,ABOUT YOU SE & Co. KG,CR06133104893713448961,ballzy,https://adstransparency.google.com/advertiser/AR08228941834856955905/creative/CR06133104893713448961
Google Transparence Center,ABOUT YOU SE & Co. KG,CR11866951105059487745,ballzy,https://adstransparency.google.com/advertiser/AR08228941834856955905/creative/CR11866951105059487745
Google Transparence Center,ABOUT YOU SE & Co. KG,CR09873620361663217665,ballzy,https://adstransparency.google.com/advertiser/AR08228941834856955905/creative/CR09873620361663217665
Google Transparence Center,ABOUT YOU SE & Co. KG,CR09036078563299688449,ballzy,https://adstransparency.google.com/advertiser/AR08228941834856955905/creative/CR09036078563299688449
Google Transparence Center,ABOUT YOU SE & Co. KG,CR07843780128508215297,ballzy,https://adstransparency.google.com/advertiser/AR08228941834856955905/creative/CR07843780128508215297
Google Transparence Center,ABOUT YOU SE & Co. KG,CR10836487707996192769,ballzy,https://adstransparency.google.com/advertiser/AR08228941834856955905/creative/CR10836487707996192769
Google Transparence Center,ABOUT YOU SE & Co. KG,CR01967484351763447809,ballzy,https://adstransparency.google.com/advertiser/AR08228941834856955905/creative/CR01967484351763447809
Google Transparence Center,ABOUT YOU SE & Co. KG,CR15394650307837296641,ballzy,https://adstransparency.google.com/advertiser/AR08228941834856955905/creative/CR15394650307837296641
Google Transparence Center,ABOUT YOU SE & Co. KG,CR09970113416217493505,ballzy,https://adstransparency.google.com/advertiser/AR08228941834856955905/creative/CR09970113416217493505
Google Transparence Center,ABOUT YOU SE & Co. KG,CR00019417083288748033,ballzy,https://adstransparency.google.com/advertiser/AR08228941834856955905/creative/CR00019417083288748033
Google Transparence Center,ABOUT YOU SE & Co. KG,CR13708054240251871233,ballzy,https://adstransparency.google.com/advertiser/AR08228941834856955905/creative/CR13708054240251871233
Google Transparence Center,ABOUT YOU SE & Co. KG,CR11748888552946008065,ballzy,https://adstransparency.google.com/advertiser/AR08228941834856955905/creative/CR11748888552946008065
Google Transparence Center,ABOUT YOU SE & Co. KG,CR07000757539558129665,ballzy,https://adstransparency.google.com/advertiser/AR08228941834856955905/creative/CR07000757539558129665
Google Transparence Center,ABOUT YOU SE & Co. KG,CR05886644311465918465,ballzy,https://adstransparency.google.com/advertiser/AR08228941834856955905/creative/CR05886644311465918465
Google Transparence Center,ABOUT YOU SE & Co. KG,CR18183896198362955777,ballzy,https://adstransparency.google.com/advertiser/AR08228941834856955905/creative/CR18183896198362955777
Google Transparence Center,ABOUT YOU SE & Co. KG,CR06500989922315337729,ballzy,https://adstransparency.google.com/advertiser/AR08228941834856955905/creative/CR06500989922315337729
Google Transparence Center,ABOUT YOU SE & Co. KG,CR08996891006813077505,ballzy,https://adstransparency.google.com/advertiser/AR08228941834856955905/creative/CR08996891006813077505
Google Transparence Center,ABOUT YOU SE & Co. KG,CR11520489682567692289,ballzy,https://adstransparency.google.com/advertiser/AR08228941834856955905/creative/CR11520489682567692289
Google Transparence Center,ABOUT YOU SE & Co. KG,CR11615076888334041089,ballzy,https://adstransparency.google.com/advertiser/AR08228941834856955905/creative/CR11615076888334041089
Google Transparence Center,ABOUT YOU SE & Co. KG,CR14269380077560004609,ballzy,https://adstransparency.google.com/advertiser/AR08228941834856955905/creative/CR14269380077560004609
Google Transparence Center,ABOUT YOU SE & Co. KG,CR11399393869930954753,ballzy,https://adstransparency.google.com/advertiser/AR08228941834856955905/creative/CR11399393869930954753
Google Transparence Center,ABOUT YOU SE & Co. KG,CR08969209547453366273,ballzy,https://adstransparency.google.com/advertiser/AR08228941834856955905/creative/CR08969209547453366273
Google Transparence Center,ABOUT YOU SE & Co. KG,CR10234726282604576769,ballzy,https://adstransparency.google.com/advertiser/AR08228941834856955905/creative/CR10234726282604576769
Google Transparence Center,ABOUT YOU SE & Co. KG,CR15556721878004400129,ballzy,https://adstransparency.google.com/advertiser/AR08228941834856955905/creative/CR15556721878004400129
Google Transparence Center,ABOUT YOU SE & Co. KG,CR09815179308602228737,ballzy,https://adstransparency.google.com/advertiser/AR08228941834856955905/creative/CR09815179308602228737
Google Transparence Center,ABOUT YOU SE & Co. KG,CR15630863682232123393,ballzy,https://adstransparency.google.com/advertiser/AR08228941834856955905/creative/CR15630863682232123393
Google Transparence Center,ABOUT YOU SE & Co. KG,CR11058836154865418241,ballzy,https://adstransparency.google.com/advertiser/AR08228941834856955905/creative/CR11058836154865418241
Google Transparence Center,ABOUT YOU SE & Co. KG,CR16181086994720358401,ballzy,https://adstransparency.google.com/advertiser/AR08228941834856955905/creative/CR16181086994720358401
Google Transparence Center,ABOUT YOU SE & Co. KG,CR15293390990635696129,ballzy,https://adstransparency.google.com/advertiser/AR08228941834856955905/creative/CR15293390990635696129
Google Transparence Center,ABOUT YOU SE & Co. KG,CR11175252239855910913,ballzy,https://adstransparency.google.com/advertiser/AR08228941834856955905/creative/CR11175252239855910913
Google Transparence Center,ABOUT YOU SE & Co. KG,CR09825440294710018049,ballzy,https://adstransparency.google.com/advertiser/AR08228941834856955905/creative/CR09825440294710018049
Google Transparence Center,ABOUT YOU SE & Co. KG,CR10599311556552425473,ballzy,https://adstransparency.google.com/advertiser/AR08228941834856955905/creative/CR10599311556552425473
Google Transparence Center,ABOUT YOU SE & Co. KG,CR15287983386291863553,ballzy,https://adstransparency.google.com/advertiser/AR08228941834856955905/creative/CR15287983386291863553
Google Transparence Center,ABOUT YOU SE & Co. KG,CR12236108749651050497,ballzy,https://adstransparency.google.com/advertiser/AR08228941834856955905/creative/CR12236108749651050497
Google Transparence Center,ABOUT YOU SE & Co. KG,CR16690503307533221889,ballzy,https://adstransparency.google.com/advertiser/AR08228941834856955905/creative/CR16690503307533221889
Google Transparence Center,ABOUT YOU SE & Co. KG,CR10629956045130170369,ballzy,https://adstransparency.google.com/advertiser/AR08228941834856955905/creative/CR10629956045130170369
Meta Ads Library,Balcia Kindlustus,3.27143E+15,swedbank,https://www.facebook.com/ads/archive/render_ad/?id=3271432433030736&access_token=EAATnrmoQyC4BQptmsbNRdpMvgWhT9ZCeeMMlHDkxMXfJ2nK6fMZAk2p9lKk0ofSe3VJBPuz92dPfwiAVjmS2ZCoS7xLFsfFcl3R0EZAhf5ct7tPBlrxE7lxNtKKSRD4BlK1MAuYA7zjMuXKiS0o7eOkkQsTbvvT0TMpX7WoMajScg9PKRZBs3m5KGt4Um9A8HstpDdQRr
Meta Ads Library,Balcia Kindlustus,6.8713E+14,swedbank,https://www.facebook.com/ads/archive/render_ad/?id=687129807224715&access_token=EAATnrmoQyC4BQPVFaEdvyWfH85nc9J1azy5Q3EZCsaaFpLOAG9mEhR1mfp8tmZAxRmBf2IRN553VRRdSaWWJUedu3OFNvLi6Jf9yHmQkSryfa7HC1lnTHUoDGLJFXNS38IeFpk3ZBBnLtpERHKOgzlznywHZAnzlGFoqmGcIcZBTiOgc4ybEkN3braKPoQgJuFpHi7zrs
Meta Ads Library,Balcia Kindlustus,1.46158E+15,swedbank,https://www.facebook.com/ads/archive/render_ad/?id=1461580928233281&access_token=EAATnrmoQyC4BQptmsbNRdpMvgWhT9ZCeeMMlHDkxMXfJ2nK6fMZAk2p9lKk0ofSe3VJBPuz92dPfwiAVjmS2ZCoS7xLFsfFcl3R0EZAhf5ct7tPBlrxE7lxNtKKSRD4BlK1MAuYA7zjMuXKiS0o7eOkkQsTbvvT0TMpX7WoMajScg9PKRZBs3m5KGt4Um9A8HstpDdQRr
Meta Ads Library,Balcia Kindlustus,8.23211E+14,swedbank,https://www.facebook.com/ads/archive/render_ad/?id=823210926793211&access_token=EAATnrmoQyC4BQPVFaEdvyWfH85nc9J1azy5Q3EZCsaaFpLOAG9mEhR1mfp8tmZAxRmBf2IRN553VRRdSaWWJUedu3OFNvLi6Jf9yHmQkSryfa7HC1lnTHUoDGLJFXNS38IeFpk3ZBBnLtpERHKOgzlznywHZAnzlGFoqmGcIcZBTiOgc4ybEkN3braKPoQgJuFpHi7zrs
Meta Ads Library,Balcia Kindlustus,1.00892E+15,swedbank,https://www.facebook.com/ads/archive/render_ad/?id=1008923537585209&access_token=EAATnrmoQyC4BOyPI2UlrqFMQKk5vv6XeANCnonDt4Ho3GPZCm24pBF6XxsSP0Qh3kIdZCuPUtE6BvZBSuq1WwOhhHeZC7dnXLq9u3XRiPfzaTxZBalwm2gvQPVjbAEyHImZBEa9uHUj8yB0OSaDuDsgTaLPYzvCZCd5fnGkOLIjhAkfnRyK2nOmUnAFTlG8Ujgl
Meta Ads Library,Balcia Kindlustus,9.61539E+15,swedbank,https://www.facebook.com/ads/archive/render_ad/?id=9615394865178180&access_token=EAATnrmoQyC4BQPVFaEdvyWfH85nc9J1azy5Q3EZCsaaFpLOAG9mEhR1mfp8tmZAxRmBf2IRN553VRRdSaWWJUedu3OFNvLi6Jf9yHmQkSryfa7HC1lnTHUoDGLJFXNS38IeFpk3ZBBnLtpERHKOgzlznywHZAnzlGFoqmGcIcZBTiOgc4ybEkN3braKPoQgJuFpHi7zrs
Meta Ads Library,Balcia Kindlustus,7.37639E+14,swedbank,https://www.facebook.com/ads/archive/render_ad/?id=737639278766136&access_token=EAATnrmoQyC4BQPVFaEdvyWfH85nc9J1azy5Q3EZCsaaFpLOAG9mEhR1mfp8tmZAxRmBf2IRN553VRRdSaWWJUedu3OFNvLi6Jf9yHmQkSryfa7HC1lnTHUoDGLJFXNS38IeFpk3ZBBnLtpERHKOgzlznywHZAnzlGFoqmGcIcZBTiOgc4ybEkN3braKPoQgJuFpHi7zrs
Meta Ads Library,Balcia Kindlustus,7.54397E+15,swedbank,https://www.facebook.com/ads/archive/render_ad/?id=7543966082317624&access_token=EAATnrmoQyC4BOyPI2UlrqFMQKk5vv6XeANCnonDt4Ho3GPZCm24pBF6XxsSP0Qh3kIdZCuPUtE6BvZBSuq1WwOhhHeZC7dnXLq9u3XRiPfzaTxZBalwm2gvQPVjbAEyHImZBEa9uHUj8yB0OSaDuDsgTaLPYzvCZCd5fnGkOLIjhAkfnRyK2nOmUnAFTlG8Ujgl
Meta Ads Library,Balcia Kindlustus,7.94355E+14,swedbank,https://www.facebook.com/ads/archive/render_ad/?id=794355282204972&access_token=EAATnrmoQyC4BOyPI2UlrqFMQKk5vv6XeANCnonDt4Ho3GPZCm24pBF6XxsSP0Qh3kIdZCuPUtE6BvZBSuq1WwOhhHeZC7dnXLq9u3XRiPfzaTxZBalwm2gvQPVjbAEyHImZBEa9uHUj8yB0OSaDuDsgTaLPYzvCZCd5fnGkOLIjhAkfnRyK2nOmUnAFTlG8Ujgl
Meta Ads Library,Balcia Kindlustus,2.3412E+15,swedbank,https://www.facebook.com/ads/archive/render_ad/?id=2341201463066819&access_token=EAATnrmoQyC4BQptmsbNRdpMvgWhT9ZCeeMMlHDkxMXfJ2nK6fMZAk2p9lKk0ofSe3VJBPuz92dPfwiAVjmS2ZCoS7xLFsfFcl3R0EZAhf5ct7tPBlrxE7lxNtKKSRD4BlK1MAuYA7zjMuXKiS0o7eOkkQsTbvvT0TMpX7WoMajScg9PKRZBs3m5KGt4Um9A8HstpDdQRr
Meta Ads Library,Barbora.ee,6.3801E+14,prisma,https://www.facebook.com/ads/archive/render_ad/?id=638010312387948&access_token=EAATnrmoQyC4BQPVFaEdvyWfH85nc9J1azy5Q3EZCsaaFpLOAG9mEhR1mfp8tmZAxRmBf2IRN553VRRdSaWWJUedu3OFNvLi6Jf9yHmQkSryfa7HC1lnTHUoDGLJFXNS38IeFpk3ZBBnLtpERHKOgzlznywHZAnzlGFoqmGcIcZBTiOgc4ybEkN3braKPoQgJuFpHi7zrs
Meta Ads Library,Barbora.ee,9.09651E+14,prisma,https://www.facebook.com/ads/archive/render_ad/?id=909650661225254&access_token=EAATnrmoQyC4BOyPI2UlrqFMQKk5vv6XeANCnonDt4Ho3GPZCm24pBF6XxsSP0Qh3kIdZCuPUtE6BvZBSuq1WwOhhHeZC7dnXLq9u3XRiPfzaTxZBalwm2gvQPVjbAEyHImZBEa9uHUj8yB0OSaDuDsgTaLPYzvCZCd5fnGkOLIjhAkfnRyK2nOmUnAFTlG8Ujgl
Meta Ads Library,Barbora.ee,1.70562E+15,prisma,https://www.facebook.com/ads/archive/render_ad/?id=1705620990092476&access_token=EAATnrmoQyC4BQPVFaEdvyWfH85nc9J1azy5Q3EZCsaaFpLOAG9mEhR1mfp8tmZAxRmBf2IRN553VRRdSaWWJUedu3OFNvLi6Jf9yHmQkSryfa7HC1lnTHUoDGLJFXNS38IeFpk3ZBBnLtpERHKOgzlznywHZAnzlGFoqmGcIcZBTiOgc4ybEkN3braKPoQgJuFpHi7zrs
Meta Ads Library,Barbora.ee,1.45579E+15,prisma,https://www.facebook.com/ads/archive/render_ad/?id=1455794702306471&access_token=EAATnrmoQyC4BQPVFaEdvyWfH85nc9J1azy5Q3EZCsaaFpLOAG9mEhR1mfp8tmZAxRmBf2IRN553VRRdSaWWJUedu3OFNvLi6Jf9yHmQkSryfa7HC1lnTHUoDGLJFXNS38IeFpk3ZBBnLtpERHKOgzlznywHZAnzlGFoqmGcIcZBTiOgc4ybEkN3braKPoQgJuFpHi7zrs
Meta Ads Library,Barbora.ee,1.61486E+15,prisma,https://www.facebook.com/ads/archive/render_ad/?id=1614860692728119&access_token=EAATnrmoQyC4BOyPI2UlrqFMQKk5vv6XeANCnonDt4Ho3GPZCm24pBF6XxsSP0Qh3kIdZCuPUtE6BvZBSuq1WwOhhHeZC7dnXLq9u3XRiPfzaTxZBalwm2gvQPVjbAEyHImZBEa9uHUj8yB0OSaDuDsgTaLPYzvCZCd5fnGkOLIjhAkfnRyK2nOmUnAFTlG8Ujgl
Meta Ads Library,Barbora.ee,1.06848E+15,prisma,https://www.facebook.com/ads/archive/render_ad/?id=1068477824703371&access_token=EAATnrmoQyC4BOyPI2UlrqFMQKk5vv6XeANCnonDt4Ho3GPZCm24pBF6XxsSP0Qh3kIdZCuPUtE6BvZBSuq1WwOhhHeZC7dnXLq9u3XRiPfzaTxZBalwm2gvQPVjbAEyHImZBEa9uHUj8yB0OSaDuDsgTaLPYzvCZCd5fnGkOLIjhAkfnRyK2nOmUnAFTlG8Ujgl
Meta Ads Library,Barbora.ee,7.15527E+14,prisma,https://www.facebook.com/ads/archive/render_ad/?id=715526694848205&access_token=EAATnrmoQyC4BQPVFaEdvyWfH85nc9J1azy5Q3EZCsaaFpLOAG9mEhR1mfp8tmZAxRmBf2IRN553VRRdSaWWJUedu3OFNvLi6Jf9yHmQkSryfa7HC1lnTHUoDGLJFXNS38IeFpk3ZBBnLtpERHKOgzlznywHZAnzlGFoqmGcIcZBTiOgc4ybEkN3braKPoQgJuFpHi7zrs
Meta Ads Library,Barbora.ee,1.53145E+15,prisma,https://www.facebook.com/ads/archive/render_ad/?id=1531451224905761&access_token=EAATnrmoQyC4BQPVFaEdvyWfH85nc9J1azy5Q3EZCsaaFpLOAG9mEhR1mfp8tmZAxRmBf2IRN553VRRdSaWWJUedu3OFNvLi6Jf9yHmQkSryfa7HC1lnTHUoDGLJFXNS38IeFpk3ZBBnLtpERHKOgzlznywHZAnzlGFoqmGcIcZBTiOgc4ybEkN3braKPoQgJuFpHi7zrs
Meta Ads Library,Barbora.ee,5.21249E+14,prisma,https://www.facebook.com/ads/archive/render_ad/?id=521248634164987&access_token=EAATnrmoQyC4BOyPI2UlrqFMQKk5vv6XeANCnonDt4Ho3GPZCm24pBF6XxsSP0Qh3kIdZCuPUtE6BvZBSuq1WwOhhHeZC7dnXLq9u3XRiPfzaTxZBalwm2gvQPVjbAEyHImZBEa9uHUj8yB0OSaDuDsgTaLPYzvCZCd5fnGkOLIjhAkfnRyK2nOmUnAFTlG8Ujgl
Meta Ads Library,Barbora.ee,1.61063E+15,prisma,https://www.facebook.com/ads/archive/render_ad/?id=1610633146727790&access_token=EAATnrmoQyC4BQptmsbNRdpMvgWhT9ZCeeMMlHDkxMXfJ2nK6fMZAk2p9lKk0ofSe3VJBPuz92dPfwiAVjmS2ZCoS7xLFsfFcl3R0EZAhf5ct7tPBlrxE7lxNtKKSRD4BlK1MAuYA7zjMuXKiS0o7eOkkQsTbvvT0TMpX7WoMajScg9PKRZBs3m5KGt4Um9A8HstpDdQRr
Meta Ads Library,Barbora.ee,8.67666E+14,prisma,https://www.facebook.com/ads/archive/render_ad/?id=867666262277844&access_token=EAATnrmoQyC4BQptmsbNRdpMvgWhT9ZCeeMMlHDkxMXfJ2nK6fMZAk2p9lKk0ofSe3VJBPuz92dPfwiAVjmS2ZCoS7xLFsfFcl3R0EZAhf5ct7tPBlrxE7lxNtKKSRD4BlK1MAuYA7zjMuXKiS0o7eOkkQsTbvvT0TMpX7WoMajScg9PKRZBs3m5KGt4Um9A8HstpDdQRr
Meta Ads Library,Barbora.ee,1.27813E+15,prisma,https://www.facebook.com/ads/archive/render_ad/?id=1278128366820863&access_token=EAATnrmoQyC4BQPVFaEdvyWfH85nc9J1azy5Q3EZCsaaFpLOAG9mEhR1mfp8tmZAxRmBf2IRN553VRRdSaWWJUedu3OFNvLi6Jf9yHmQkSryfa7HC1lnTHUoDGLJFXNS38IeFpk3ZBBnLtpERHKOgzlznywHZAnzlGFoqmGcIcZBTiOgc4ybEkN3braKPoQgJuFpHi7zrs
Meta Ads Library,Barbora.ee,8.61081E+14,prisma,https://www.facebook.com/ads/archive/render_ad/?id=861081476803340&access_token=EAATnrmoQyC4BQptmsbNRdpMvgWhT9ZCeeMMlHDkxMXfJ2nK6fMZAk2p9lKk0ofSe3VJBPuz92dPfwiAVjmS2ZCoS7xLFsfFcl3R0EZAhf5ct7tPBlrxE7lxNtKKSRD4BlK1MAuYA7zjMuXKiS0o7eOkkQsTbvvT0TMpX7WoMajScg9PKRZBs3m5KGt4Um9A8HstpDdQRr
Meta Ads Library,Barbora.ee,9.40904E+14,prisma,https://www.facebook.com/ads/archive/render_ad/?id=940904200846455&access_token=EAATnrmoQyC4BOyPI2UlrqFMQKk5vv6XeANCnonDt4Ho3GPZCm24pBF6XxsSP0Qh3kIdZCuPUtE6BvZBSuq1WwOhhHeZC7dnXLq9u3XRiPfzaTxZBalwm2gvQPVjbAEyHImZBEa9uHUj8yB0OSaDuDsgTaLPYzvCZCd5fnGkOLIjhAkfnRyK2nOmUnAFTlG8Ujgl
Meta Ads Library,Barbora.ee,1.21691E+15,prisma,https://www.facebook.com/ads/archive/render_ad/?id=1216906212902040&access_token=EAATnrmoQyC4BOyPI2UlrqFMQKk5vv6XeANCnonDt4Ho3GPZCm24pBF6XxsSP0Qh3kIdZCuPUtE6BvZBSuq1WwOhhHeZC7dnXLq9u3XRiPfzaTxZBalwm2gvQPVjbAEyHImZBEa9uHUj8yB0OSaDuDsgTaLPYzvCZCd5fnGkOLIjhAkfnRyK2nOmUnAFTlG8Ujgl
Meta Ads Library,Barbora.ee,1.65702E+15,prisma,https://www.facebook.com/ads/archive/render_ad/?id=1657018805299488&access_token=EAATnrmoQyC4BQptmsbNRdpMvgWhT9ZCeeMMlHDkxMXfJ2nK6fMZAk2p9lKk0ofSe3VJBPuz92dPfwiAVjmS2ZCoS7xLFsfFcl3R0EZAhf5ct7tPBlrxE7lxNtKKSRD4BlK1MAuYA7zjMuXKiS0o7eOkkQsTbvvT0TMpX7WoMajScg9PKRZBs3m5KGt4Um9A8HstpDdQRr
Meta Ads Library,Barbora.ee,1.50787E+15,prisma,https://www.facebook.com/ads/archive/render_ad/?id=1507868803233831&access_token=EAATnrmoQyC4BOyPI2UlrqFMQKk5vv6XeANCnonDt4Ho3GPZCm24pBF6XxsSP0Qh3kIdZCuPUtE6BvZBSuq1WwOhhHeZC7dnXLq9u3XRiPfzaTxZBalwm2gvQPVjbAEyHImZBEa9uHUj8yB0OSaDuDsgTaLPYzvCZCd5fnGkOLIjhAkfnRyK2nOmUnAFTlG8Ujgl
Meta Ads Library,Bonava,1.30818E+15,liven,https://www.facebook.com/ads/archive/render_ad/?id=1308175507156330&access_token=EAATnrmoQyC4BQPVFaEdvyWfH85nc9J1azy5Q3EZCsaaFpLOAG9mEhR1mfp8tmZAxRmBf2IRN553VRRdSaWWJUedu3OFNvLi6Jf9yHmQkSryfa7HC1lnTHUoDGLJFXNS38IeFpk3ZBBnLtpERHKOgzlznywHZAnzlGFoqmGcIcZBTiOgc4ybEkN3braKPoQgJuFpHi7zrs
Meta Ads Library,Bonava,4.22999E+15,liven,https://www.facebook.com/ads/archive/render_ad/?id=4229994990605883&access_token=EAATnrmoQyC4BQptmsbNRdpMvgWhT9ZCeeMMlHDkxMXfJ2nK6fMZAk2p9lKk0ofSe3VJBPuz92dPfwiAVjmS2ZCoS7xLFsfFcl3R0EZAhf5ct7tPBlrxE7lxNtKKSRD4BlK1MAuYA7zjMuXKiS0o7eOkkQsTbvvT0TMpX7WoMajScg9PKRZBs3m5KGt4Um9A8HstpDdQRr
Meta Ads Library,Bonava,3.13992E+15,liven,https://www.facebook.com/ads/archive/render_ad/?id=3139918016179162&access_token=EAATnrmoQyC4BQptmsbNRdpMvgWhT9ZCeeMMlHDkxMXfJ2nK6fMZAk2p9lKk0ofSe3VJBPuz92dPfwiAVjmS2ZCoS7xLFsfFcl3R0EZAhf5ct7tPBlrxE7lxNtKKSRD4BlK1MAuYA7zjMuXKiS0o7eOkkQsTbvvT0TMpX7WoMajScg9PKRZBs3m5KGt4Um9A8HstpDdQRr
Meta Ads Library,Bonava,6.15294E+14,liven,https://www.facebook.com/ads/archive/render_ad/?id=615293607697496&access_token=EAATnrmoQyC4BPMzpZA4IBb0SXjMybbBaZAh3iKJFNiqBkucCvHUYyM1BiCwvozXjYnUzV70MsLrmdHeuwc7AP6M1pTNVggvg26dRGuCPcLwocJVlHYvqWtVlXMEZCyJQ9Y3zwKqouOI04uO8fnKsUpYu8grmDccMwtbUzDYP5HhFqB3wYpyodE7lX5JU3qEUguRSkXO
Meta Ads Library,Bonava,5.19266E+14,liven,https://www.facebook.com/ads/archive/render_ad/?id=519265657833556&access_token=EAATnrmoQyC4BQPVFaEdvyWfH85nc9J1azy5Q3EZCsaaFpLOAG9mEhR1mfp8tmZAxRmBf2IRN553VRRdSaWWJUedu3OFNvLi6Jf9yHmQkSryfa7HC1lnTHUoDGLJFXNS38IeFpk3ZBBnLtpERHKOgzlznywHZAnzlGFoqmGcIcZBTiOgc4ybEkN3braKPoQgJuFpHi7zrs
Meta Ads Library,Bonava,1.38967E+15,liven,https://www.facebook.com/ads/archive/render_ad/?id=1389668076157701&access_token=EAATnrmoQyC4BQptmsbNRdpMvgWhT9ZCeeMMlHDkxMXfJ2nK6fMZAk2p9lKk0ofSe3VJBPuz92dPfwiAVjmS2ZCoS7xLFsfFcl3R0EZAhf5ct7tPBlrxE7lxNtKKSRD4BlK1MAuYA7zjMuXKiS0o7eOkkQsTbvvT0TMpX7WoMajScg9PKRZBs3m5KGt4Um9A8HstpDdQRr
Meta Ads Library,Bonava,1.21998E+15,liven,https://www.facebook.com/ads/archive/render_ad/?id=1219975176359080&access_token=EAATnrmoQyC4BQptmsbNRdpMvgWhT9ZCeeMMlHDkxMXfJ2nK6fMZAk2p9lKk0ofSe3VJBPuz92dPfwiAVjmS2ZCoS7xLFsfFcl3R0EZAhf5ct7tPBlrxE7lxNtKKSRD4BlK1MAuYA7zjMuXKiS0o7eOkkQsTbvvT0TMpX7WoMajScg9PKRZBs3m5KGt4Um9A8HstpDdQRr
Meta Ads Library,Bonava,1.90345E+15,liven,https://www.facebook.com/ads/archive/render_ad/?id=1903449370510423&access_token=EAATnrmoQyC4BQPVFaEdvyWfH85nc9J1azy5Q3EZCsaaFpLOAG9mEhR1mfp8tmZAxRmBf2IRN553VRRdSaWWJUedu3OFNvLi6Jf9yHmQkSryfa7HC1lnTHUoDGLJFXNS38IeFpk3ZBBnLtpERHKOgzlznywHZAnzlGFoqmGcIcZBTiOgc4ybEkN3braKPoQgJuFpHi7zrs
Meta Ads Library,Bonava,9.45059E+15,liven,https://www.facebook.com/ads/archive/render_ad/?id=9450588968382139&access_token=EAATnrmoQyC4BQPVFaEdvyWfH85nc9J1azy5Q3EZCsaaFpLOAG9mEhR1mfp8tmZAxRmBf2IRN553VRRdSaWWJUedu3OFNvLi6Jf9yHmQkSryfa7HC1lnTHUoDGLJFXNS38IeFpk3ZBBnLtpERHKOgzlznywHZAnzlGFoqmGcIcZBTiOgc4ybEkN3braKPoQgJuFpHi7zrs
Meta Ads Library,Bonava,8.95237E+14,liven,https://www.facebook.com/ads/archive/render_ad/?id=895236986776846&access_token=EAATnrmoQyC4BQptmsbNRdpMvgWhT9ZCeeMMlHDkxMXfJ2nK6fMZAk2p9lKk0ofSe3VJBPuz92dPfwiAVjmS2ZCoS7xLFsfFcl3R0EZAhf5ct7tPBlrxE7lxNtKKSRD4BlK1MAuYA7zjMuXKiS0o7eOkkQsTbvvT0TMpX7WoMajScg9PKRZBs3m5KGt4Um9A8HstpDdQRr
Meta Ads Library,Bonava,7.21415E+14,liven,https://www.facebook.com/ads/archive/render_ad/?id=721415054309872&access_token=EAATnrmoQyC4BQptmsbNRdpMvgWhT9ZCeeMMlHDkxMXfJ2nK6fMZAk2p9lKk0ofSe3VJBPuz92dPfwiAVjmS2ZCoS7xLFsfFcl3R0EZAhf5ct7tPBlrxE7lxNtKKSRD4BlK1MAuYA7zjMuXKiS0o7eOkkQsTbvvT0TMpX7WoMajScg9PKRZBs3m5KGt4Um9A8HstpDdQRr
Meta Ads Library,Bonava,4.12622E+15,liven,https://www.facebook.com/ads/archive/render_ad/?id=4126217510946685&access_token=EAATnrmoQyC4BQPVFaEdvyWfH85nc9J1azy5Q3EZCsaaFpLOAG9mEhR1mfp8tmZAxRmBf2IRN553VRRdSaWWJUedu3OFNvLi6Jf9yHmQkSryfa7HC1lnTHUoDGLJFXNS38IeFpk3ZBBnLtpERHKOgzlznywHZAnzlGFoqmGcIcZBTiOgc4ybEkN3braKPoQgJuFpHi7zrs
Meta Ads Library,Bonava,1.26122E+15,liven,https://www.facebook.com/ads/archive/render_ad/?id=1261217371948903&access_token=EAATnrmoQyC4BPMzpZA4IBb0SXjMybbBaZAh3iKJFNiqBkucCvHUYyM1BiCwvozXjYnUzV70MsLrmdHeuwc7AP6M1pTNVggvg26dRGuCPcLwocJVlHYvqWtVlXMEZCyJQ9Y3zwKqouOI04uO8fnKsUpYu8grmDccMwtbUzDYP5HhFqB3wYpyodE7lX5JU3qEUguRSkXO
Google Transparence Center,Boozt Fashion AB,CR10284357687726571521,ballzy,https://adstransparency.google.com/advertiser/AR11583320089125978113/creative/CR10284357687726571521
Google Transparence Center,Boozt Fashion AB,CR00540513542483214337,ballzy,https://adstransparency.google.com/advertiser/AR11583320089125978113/creative/CR00540513542483214337
Google Transparence Center,Boozt Fashion AB,CR17291553056843890689,ballzy,https://adstransparency.google.com/advertiser/AR11583320089125978113/creative/CR17291553056843890689
Google Transparence Center,Boozt Fashion AB,CR09845615371007033345,ballzy,https://adstransparency.google.com/advertiser/AR11583320089125978113/creative/CR09845615371007033345
Google Transparence Center,Boozt Fashion AB,CR03723310327178199041,ballzy,https://adstransparency.google.com/advertiser/AR11583320089125978113/creative/CR03723310327178199041
Google Transparence Center,Boozt Fashion AB,CR04300658488444452865,ballzy,https://adstransparency.google.com/advertiser/AR11583320089125978113/creative/CR04300658488444452865
Google Transparence Center,Boozt Fashion AB,CR15144325835571331073,ballzy,https://adstransparency.google.com/advertiser/AR11583320089125978113/creative/CR15144325835571331073
Google Transparence Center,Boozt Fashion AB,CR09340038793316532225,ballzy,https://adstransparency.google.com/advertiser/AR11583320089125978113/creative/CR09340038793316532225
Google Transparence Center,Boozt Fashion AB,CR14736693135207825409,ballzy,https://adstransparency.google.com/advertiser/AR11583320089125978113/creative/CR14736693135207825409
Google Transparence Center,Boozt Fashion AB,CR01631797078071967745,ballzy,https://adstransparency.google.com/advertiser/AR11583320089125978113/creative/CR01631797078071967745
Google Transparence Center,Boozt Fashion AB,CR15923714979337863169,ballzy,https://adstransparency.google.com/advertiser/AR11583320089125978113/creative/CR15923714979337863169
Google Transparence Center,Boozt Fashion AB,CR09470311868733063169,ballzy,https://adstransparency.google.com/advertiser/AR11583320089125978113/creative/CR09470311868733063169
Google Transparence Center,Boozt Fashion AB,CR11952704817228414977,ballzy,https://adstransparency.google.com/advertiser/AR11583320089125978113/creative/CR11952704817228414977
Google Transparence Center,Boozt Fashion AB,CR03460257461632499713,ballzy,https://adstransparency.google.com/advertiser/AR11583320089125978113/creative/CR03460257461632499713
Google Transparence Center,Boozt Fashion AB,CR09442437719960584193,ballzy,https://adstransparency.google.com/advertiser/AR11583320089125978113/creative/CR09442437719960584193
Google Transparence Center,Boozt Fashion AB,CR12754365814556065793,ballzy,https://adstransparency.google.com/advertiser/AR11583320089125978113/creative/CR12754365814556065793
Google Transparence Center,Boozt Fashion AB,CR04234279287848435713,ballzy,https://adstransparency.google.com/advertiser/AR11583320089125978113/creative/CR04234279287848435713
Google Transparence Center,Boozt Fashion AB,CR03120597154213658625,ballzy,https://adstransparency.google.com/advertiser/AR11583320089125978113/creative/CR03120597154213658625
Google Transparence Center,Boozt Fashion AB,CR00599298450625921025,ballzy,https://adstransparency.google.com/advertiser/AR11583320089125978113/creative/CR00599298450625921025
Google Transparence Center,Boozt Fashion AB,CR15516836080094543873,ballzy,https://adstransparency.google.com/advertiser/AR11583320089125978113/creative/CR15516836080094543873
Google Transparence Center,Boozt Fashion AB,CR14325906245221875713,ballzy,https://adstransparency.google.com/advertiser/AR11583320089125978113/creative/CR14325906245221875713
Google Transparence Center,Boozt Fashion AB,CR16100191320059936769,ballzy,https://adstransparency.google.com/advertiser/AR11583320089125978113/creative/CR16100191320059936769
Google Transparence Center,Boozt Fashion AB,CR16490605144346460161,ballzy,https://adstransparency.google.com/advertiser/AR11583320089125978113/creative/CR16490605144346460161
Google Transparence Center,Boozt Fashion AB,CR16818608472437293057,ballzy,https://adstransparency.google.com/advertiser/AR11583320089125978113/creative/CR16818608472437293057
Google Transparence Center,Boozt Fashion AB,CR06906816262513360897,ballzy,https://adstransparency.google.com/advertiser/AR11583320089125978113/creative/CR06906816262513360897
Google Transparence Center,Boozt Fashion AB,CR02377534706397741057,ballzy,https://adstransparency.google.com/advertiser/AR11583320089125978113/creative/CR02377534706397741057
Google Transparence Center,Boozt Fashion AB,CR07296148794423377921,ballzy,https://adstransparency.google.com/advertiser/AR11583320089125978113/creative/CR07296148794423377921
Google Transparence Center,Boozt Fashion AB,CR03552381434935115777,ballzy,https://adstransparency.google.com/advertiser/AR11583320089125978113/creative/CR03552381434935115777
Google Transparence Center,Boozt Fashion AB,CR00836264303291006977,ballzy,https://adstransparency.google.com/advertiser/AR11583320089125978113/creative/CR00836264303291006977
Google Transparence Center,Boozt Fashion AB,CR16841626155659296769,ballzy,https://adstransparency.google.com/advertiser/AR11583320089125978113/creative/CR16841626155659296769
Google Transparence Center,Boozt Fashion AB,CR13683531110863077377,ballzy,https://adstransparency.google.com/advertiser/AR11583320089125978113/creative/CR13683531110863077377
Google Transparence Center,Boozt Fashion AB,CR16008634359749804033,ballzy,https://adstransparency.google.com/advertiser/AR11583320089125978113/creative/CR16008634359749804033
Google Transparence Center,Boozt Fashion AB,CR10648644504397021185,ballzy,https://adstransparency.google.com/advertiser/AR11583320089125978113/creative/CR10648644504397021185
Google Transparence Center,Boozt Fashion AB,CR13291340638994825217,ballzy,https://adstransparency.google.com/advertiser/AR11583320089125978113/creative/CR13291340638994825217
Google Transparence Center,Boozt Fashion AB,CR10718295654028804097,ballzy,https://adstransparency.google.com/advertiser/AR11583320089125978113/creative/CR10718295654028804097
Google Transparence Center,Boozt Fashion AB,CR08642664197550768129,ballzy,https://adstransparency.google.com/advertiser/AR11583320089125978113/creative/CR08642664197550768129
Google Transparence Center,Boozt Fashion AB,CR16492748307257360385,ballzy,https://adstransparency.google.com/advertiser/AR11583320089125978113/creative/CR16492748307257360385
Google Transparence Center,Boozt Fashion AB,CR07837195101829857281,ballzy,https://adstransparency.google.com/advertiser/AR11583320089125978113/creative/CR07837195101829857281
Google Transparence Center,Boozt Fashion AB,CR08190183483042168833,ballzy,https://adstransparency.google.com/advertiser/AR11583320089125978113/creative/CR08190183483042168833
Google Transparence Center,Boozt Fashion AB,CR08260303050397188097,ballzy,https://adstransparency.google.com/advertiser/AR11583320089125978113/creative/CR08260303050397188097
Google Transparence Center,Boozt Fashion AB,CR08640737853178904577,ballzy,https://adstransparency.google.com/advertiser/AR11583320089125978113/creative/CR08640737853178904577
Google Transparence Center,Boozt Fashion AB,CR13745398809091899393,ballzy,https://adstransparency.google.com/advertiser/AR11583320089125978113/creative/CR13745398809091899393
Google Transparence Center,Boozt Fashion AB,CR15652445446217924609,ballzy,https://adstransparency.google.com/advertiser/AR11583320089125978113/creative/CR15652445446217924609
Google Transparence Center,Boozt Fashion AB,CR02857467185415061505,ballzy,https://adstransparency.google.com/advertiser/AR11583320089125978113/creative/CR02857467185415061505
Google Transparence Center,Boozt Fashion AB,CR00074242615700094977,ballzy,https://adstransparency.google.com/advertiser/AR11583320089125978113/creative/CR00074242615700094977
Google Transparence Center,Boozt Fashion AB,CR11883485818616020993,ballzy,https://adstransparency.google.com/advertiser/AR11583320089125978113/creative/CR11883485818616020993
Google Transparence Center,Boozt Fashion AB,CR16243597529294307329,ballzy,https://adstransparency.google.com/advertiser/AR11583320089125978113/creative/CR16243597529294307329
Google Transparence Center,Boozt Fashion AB,CR00196998141138960385,ballzy,https://adstransparency.google.com/advertiser/AR11583320089125978113/creative/CR00196998141138960385
Google Transparence Center,Boozt Fashion AB,CR01547431275994808321,ballzy,https://adstransparency.google.com/advertiser/AR11583320089125978113/creative/CR01547431275994808321
Google Transparence Center,Boozt Fashion AB,CR09045361327656140801,ballzy,https://adstransparency.google.com/advertiser/AR11583320089125978113/creative/CR09045361327656140801
Google Transparence Center,Boozt Fashion AB,CR11291875926385623041,ballzy,https://adstransparency.google.com/advertiser/AR11583320089125978113/creative/CR11291875926385623041
Google Transparence Center,Boozt Fashion AB,CR16809597734129500161,ballzy,https://adstransparency.google.com/advertiser/AR11583320089125978113/creative/CR16809597734129500161
Google Transparence Center,Boozt Fashion AB,CR17172362921196388353,ballzy,https://adstransparency.google.com/advertiser/AR11583320089125978113/creative/CR17172362921196388353
Google Transparence Center,Boozt Fashion AB,CR00462583886338064385,ballzy,https://adstransparency.google.com/advertiser/AR11583320089125978113/creative/CR00462583886338064385
Google Transparence Center,Boozt Fashion AB,CR08631062700610289665,ballzy,https://adstransparency.google.com/advertiser/AR11583320089125978113/creative/CR08631062700610289665
Google Transparence Center,Boozt Fashion AB,CR13414485546168745985,ballzy,https://adstransparency.google.com/advertiser/AR11583320089125978113/creative/CR13414485546168745985
Google Transparence Center,Boozt Fashion AB,CR04104466220609175553,ballzy,https://adstransparency.google.com/advertiser/AR11583320089125978113/creative/CR04104466220609175553
Google Transparence Center,Boozt Fashion AB,CR13960508157303193601,ballzy,https://adstransparency.google.com/advertiser/AR11583320089125978113/creative/CR13960508157303193601
Google Transparence Center,Boozt Fashion AB,CR07907003146616963073,ballzy,https://adstransparency.google.com/advertiser/AR11583320089125978113/creative/CR07907003146616963073
Google Transparence Center,Boozt Fashion AB,CR14083263467993694209,ballzy,https://adstransparency.google.com/advertiser/AR11583320089125978113/creative/CR14083263467993694209
Google Transparence Center,Boozt Fashion AB,CR13362780788534280193,ballzy,https://adstransparency.google.com/advertiser/AR11583320089125978113/creative/CR13362780788534280193
Google Transparence Center,Boozt Fashion AB,CR11865721370023297025,ballzy,https://adstransparency.google.com/advertiser/AR11583320089125978113/creative/CR11865721370023297025
Google Transparence Center,Boozt Fashion AB,CR13362206156269813761,ballzy,https://adstransparency.google.com/advertiser/AR11583320089125978113/creative/CR13362206156269813761
Google Transparence Center,Boozt Fashion AB,CR04979714430217486337,ballzy,https://adstransparency.google.com/advertiser/AR11583320089125978113/creative/CR04979714430217486337
Google Transparence Center,Boozt Fashion AB,CR11678295989432614913,ballzy,https://adstransparency.google.com/advertiser/AR11583320089125978113/creative/CR11678295989432614913
Google Transparence Center,Boozt Fashion AB,CR13359788467639287809,ballzy,https://adstransparency.google.com/advertiser/AR11583320089125978113/creative/CR13359788467639287809
Google Transparence Center,Boozt Fashion AB,CR12146143959487348737,ballzy,https://adstransparency.google.com/advertiser/AR11583320089125978113/creative/CR12146143959487348737
Google Transparence Center,Boozt Fashion AB,CR08320524917158182913,ballzy,https://adstransparency.google.com/advertiser/AR11583320089125978113/creative/CR08320524917158182913
Google Transparence Center,Boozt Fashion AB,CR12960374444894715905,ballzy,https://adstransparency.google.com/advertiser/AR11583320089125978113/creative/CR12960374444894715905
Google Transparence Center,Boozt Fashion AB,CR01648112215720460289,ballzy,https://adstransparency.google.com/advertiser/AR11583320089125978113/creative/CR01648112215720460289
Google Transparence Center,Boozt Fashion AB,CR05080486801206935553,ballzy,https://adstransparency.google.com/advertiser/AR11583320089125978113/creative/CR05080486801206935553
Google Transparence Center,Boozt Fashion AB,CR03688230511773220865,ballzy,https://adstransparency.google.com/advertiser/AR11583320089125978113/creative/CR03688230511773220865
Google Transparence Center,Boozt Fashion AB,CR11838109901450641409,ballzy,https://adstransparency.google.com/advertiser/AR11583320089125978113/creative/CR11838109901450641409
Google Transparence Center,Boozt Fashion AB,CR01990000820891942913,ballzy,https://adstransparency.google.com/advertiser/AR11583320089125978113/creative/CR01990000820891942913
Google Transparence Center,Boozt Fashion AB,CR17287756374473703425,ballzy,https://adstransparency.google.com/advertiser/AR11583320089125978113/creative/CR17287756374473703425
Google Transparence Center,Boozt Fashion AB,CR02574989488459612161,ballzy,https://adstransparency.google.com/advertiser/AR11583320089125978113/creative/CR02574989488459612161
Google Transparence Center,Boozt Fashion AB,CR18179930844037120001,ballzy,https://adstransparency.google.com/advertiser/AR11583320089125978113/creative/CR18179930844037120001
Google Transparence Center,Boozt Fashion AB,CR06391697848039112705,ballzy,https://adstransparency.google.com/advertiser/AR11583320089125978113/creative/CR06391697848039112705
Google Transparence Center,Boozt Fashion AB,CR06729692876378210305,ballzy,https://adstransparency.google.com/advertiser/AR11583320089125978113/creative/CR06729692876378210305
Google Transparence Center,Boozt Fashion AB,CR02970263875695411201,ballzy,https://adstransparency.google.com/advertiser/AR11583320089125978113/creative/CR02970263875695411201
Google Transparence Center,Boozt Fashion AB,CR14991948504807505921,ballzy,https://adstransparency.google.com/advertiser/AR11583320089125978113/creative/CR14991948504807505921
Google Transparence Center,Boozt Fashion AB,CR16705422048234569729,ballzy,https://adstransparency.google.com/advertiser/AR11583320089125978113/creative/CR16705422048234569729
Google Transparence Center,Boozt Fashion AB,CR02635228088413192193,ballzy,https://adstransparency.google.com/advertiser/AR11583320089125978113/creative/CR02635228088413192193
Google Transparence Center,Boozt Fashion AB,CR11542426485730050049,ballzy,https://adstransparency.google.com/advertiser/AR11583320089125978113/creative/CR11542426485730050049
Google Transparence Center,Boozt Fashion AB,CR05454744272785899521,ballzy,https://adstransparency.google.com/advertiser/AR11583320089125978113/creative/CR05454744272785899521
Google Transparence Center,Boozt Fashion AB,CR03491161641112829953,ballzy,https://adstransparency.google.com/advertiser/AR11583320089125978113/creative/CR03491161641112829953
Google Transparence Center,Boozt Fashion AB,CR13101528441998540801,ballzy,https://adstransparency.google.com/advertiser/AR11583320089125978113/creative/CR13101528441998540801
Google Transparence Center,Boozt Fashion AB,CR01660486944213172225,ballzy,https://adstransparency.google.com/advertiser/AR11583320089125978113/creative/CR01660486944213172225
Google Transparence Center,Boozt Fashion AB,CR08595688508146843649,ballzy,https://adstransparency.google.com/advertiser/AR11583320089125978113/creative/CR08595688508146843649
Google Transparence Center,Boozt Fashion AB,CR10197907898797916161,ballzy,https://adstransparency.google.com/advertiser/AR11583320089125978113/creative/CR10197907898797916161
Google Transparence Center,Boozt Fashion AB,CR14328272342705242113,ballzy,https://adstransparency.google.com/advertiser/AR11583320089125978113/creative/CR14328272342705242113
Google Transparence Center,Boozt Fashion AB,CR09480016725295497217,ballzy,https://adstransparency.google.com/advertiser/AR11583320089125978113/creative/CR09480016725295497217
Google Transparence Center,Boozt Fashion AB,CR01088676301461520385,ballzy,https://adstransparency.google.com/advertiser/AR11583320089125978113/creative/CR01088676301461520385
Google Transparence Center,Boozt Fashion AB,CR06086209434298613761,ballzy,https://adstransparency.google.com/advertiser/AR11583320089125978113/creative/CR06086209434298613761
Google Transparence Center,Boozt Fashion AB,CR13520557305506037761,ballzy,https://adstransparency.google.com/advertiser/AR11583320089125978113/creative/CR13520557305506037761
Google Transparence Center,Boozt Fashion AB,CR13254495282793545729,ballzy,https://adstransparency.google.com/advertiser/AR11583320089125978113/creative/CR13254495282793545729
Google Transparence Center,Boozt Fashion AB,CR13067868508421881857,ballzy,https://adstransparency.google.com/advertiser/AR11583320089125978113/creative/CR13067868508421881857
Google Transparence Center,Boozt Fashion AB,CR11665236162116583425,ballzy,https://adstransparency.google.com/advertiser/AR11583320089125978113/creative/CR11665236162116583425
Google Transparence Center,Boozt Fashion AB,CR13332578475429593089,ballzy,https://adstransparency.google.com/advertiser/AR11583320089125978113/creative/CR13332578475429593089
Google Transparence Center,Boozt Fashion AB,CR11790627766683041793,ballzy,https://adstransparency.google.com/advertiser/AR11583320089125978113/creative/CR11790627766683041793
Google Transparence Center,Boozt Fashion AB,CR16837403730360926209,ballzy,https://adstransparency.google.com/advertiser/AR11583320089125978113/creative/CR16837403730360926209
Google Transparence Center,Boozt Fashion AB,CR06771044924583313409,ballzy,https://adstransparency.google.com/advertiser/AR11583320089125978113/creative/CR06771044924583313409
Google Transparence Center,Boozt Fashion AB,CR10820242784473055233,ballzy,https://adstransparency.google.com/advertiser/AR11583320089125978113/creative/CR10820242784473055233
Google Transparence Center,Boozt Fashion AB,CR01607411044039262209,ballzy,https://adstransparency.google.com/advertiser/AR11583320089125978113/creative/CR01607411044039262209
Google Transparence Center,Boozt Fashion AB,CR13626772929067876353,ballzy,https://adstransparency.google.com/advertiser/AR11583320089125978113/creative/CR13626772929067876353
Google Transparence Center,Boozt Fashion AB,CR10644888598446342145,ballzy,https://adstransparency.google.com/advertiser/AR11583320089125978113/creative/CR10644888598446342145
Google Transparence Center,Boozt Fashion AB,CR00555916394718298113,ballzy,https://adstransparency.google.com/advertiser/AR11583320089125978113/creative/CR00555916394718298113
Google Transparence Center,Boozt Fashion AB,CR13352043705301729281,ballzy,https://adstransparency.google.com/advertiser/AR11583320089125978113/creative/CR13352043705301729281
Google Transparence Center,Boozt Fashion AB,CR06992673792631767041,ballzy,https://adstransparency.google.com/advertiser/AR11583320089125978113/creative/CR06992673792631767041
Google Transparence Center,Boozt Fashion AB,CR04936827360700792833,ballzy,https://adstransparency.google.com/advertiser/AR11583320089125978113/creative/CR04936827360700792833
Google Transparence Center,Boozt Fashion AB,CR00429229634173796353,ballzy,https://adstransparency.google.com/advertiser/AR11583320089125978113/creative/CR00429229634173796353
Google Transparence Center,Boozt Fashion AB,CR08948099491135750145,ballzy,https://adstransparency.google.com/advertiser/AR11583320089125978113/creative/CR08948099491135750145
Google Transparence Center,Boozt Fashion AB,CR15075412295033028609,ballzy,https://adstransparency.google.com/advertiser/AR11583320089125978113/creative/CR15075412295033028609
Google Transparence Center,Boozt Fashion AB,CR09242709371190771713,ballzy,https://adstransparency.google.com/advertiser/AR11583320089125978113/creative/CR09242709371190771713
Google Transparence Center,Boozt Fashion AB,CR17739986503410384897,ballzy,https://adstransparency.google.com/advertiser/AR11583320089125978113/creative/CR17739986503410384897
Google Transparence Center,Boozt Fashion AB,CR03456302054450921473,ballzy,https://adstransparency.google.com/advertiser/AR11583320089125978113/creative/CR03456302054450921473
Google Transparence Center,Boozt Fashion AB,CR03613424894580097025,ballzy,https://adstransparency.google.com/advertiser/AR11583320089125978113/creative/CR03613424894580097025
Google Transparence Center,Boozt Fashion AB,CR10694703398671876097,ballzy,https://adstransparency.google.com/advertiser/AR11583320089125978113/creative/CR10694703398671876097
Google Transparence Center,Boozt Fashion AB,CR01025447321938165761,ballzy,https://adstransparency.google.com/advertiser/AR11583320089125978113/creative/CR01025447321938165761
Google Transparence Center,Boozt Fashion AB,CR12430353146738376705,ballzy,https://adstransparency.google.com/advertiser/AR11583320089125978113/creative/CR12430353146738376705
Google Transparence Center,Boozt Fashion AB,CR11395084334105886721,ballzy,https://adstransparency.google.com/advertiser/AR11583320089125978113/creative/CR11395084334105886721
Google Transparence Center,Boozt Fashion AB,CR01474448288303284225,ballzy,https://adstransparency.google.com/advertiser/AR11583320089125978113/creative/CR01474448288303284225
Google Transparence Center,Boozt Fashion AB,CR12824550141427974145,ballzy,https://adstransparency.google.com/advertiser/AR11583320089125978113/creative/CR12824550141427974145
Google Transparence Center,Boozt Fashion AB,CR10654826860711510017,ballzy,https://adstransparency.google.com/advertiser/AR11583320089125978113/creative/CR10654826860711510017
Google Transparence Center,Boozt Fashion AB,CR02403148980818018305,ballzy,https://adstransparency.google.com/advertiser/AR11583320089125978113/creative/CR02403148980818018305
Google Transparence Center,Boozt Fashion AB,CR05243490980572692481,ballzy,https://adstransparency.google.com/advertiser/AR11583320089125978113/creative/CR05243490980572692481
Google Transparence Center,Boozt Fashion AB,CR09324319590970294273,ballzy,https://adstransparency.google.com/advertiser/AR11583320089125978113/creative/CR09324319590970294273
Google Transparence Center,Boozt Fashion AB,CR00867993047772692481,ballzy,https://adstransparency.google.com/advertiser/AR11583320089125978113/creative/CR00867993047772692481
Google Transparence Center,Boozt Fashion AB,CR16824686469636423681,ballzy,https://adstransparency.google.com/advertiser/AR11583320089125978113/creative/CR16824686469636423681
Google Transparence Center,Boozt Fashion AB,CR06634025331718094849,ballzy,https://adstransparency.google.com/advertiser/AR11583320089125978113/creative/CR06634025331718094849
Google Transparence Center,Boozt Fashion AB,CR07502184113688805377,ballzy,https://adstransparency.google.com/advertiser/AR11583320089125978113/creative/CR07502184113688805377
Google Transparence Center,Boozt Fashion AB,CR12093919493630197761,ballzy,https://adstransparency.google.com/advertiser/AR11583320089125978113/creative/CR12093919493630197761
Google Transparence Center,Boozt Fashion AB,CR00417234984516976641,ballzy,https://adstransparency.google.com/advertiser/AR11583320089125978113/creative/CR00417234984516976641
Google Transparence Center,Boozt Fashion AB,CR03880561689908740097,ballzy,https://adstransparency.google.com/advertiser/AR11583320089125978113/creative/CR03880561689908740097
Google Transparence Center,Boozt Fashion AB,CR10090483757338329089,ballzy,https://adstransparency.google.com/advertiser/AR11583320089125978113/creative/CR10090483757338329089
Google Transparence Center,Boozt Fashion AB,CR05982595633205215233,ballzy,https://adstransparency.google.com/advertiser/AR11583320089125978113/creative/CR05982595633205215233
Google Transparence Center,Boozt Fashion AB,CR15644762677438316545,ballzy,https://adstransparency.google.com/advertiser/AR11583320089125978113/creative/CR15644762677438316545
Google Transparence Center,Boozt Fashion AB,CR09381468288371916801,ballzy,https://adstransparency.google.com/advertiser/AR11583320089125978113/creative/CR09381468288371916801
Google Transparence Center,Boozt Fashion AB,CR17780851949000720385,ballzy,https://adstransparency.google.com/advertiser/AR11583320089125978113/creative/CR17780851949000720385
Google Transparence Center,Boozt Fashion AB,CR00149736664611160065,ballzy,https://adstransparency.google.com/advertiser/AR11583320089125978113/creative/CR00149736664611160065
Google Transparence Center,Boozt Fashion AB,CR15062219323730821121,ballzy,https://adstransparency.google.com/advertiser/AR11583320089125978113/creative/CR15062219323730821121
Google Transparence Center,Boozt Fashion AB,CR16586206383301459969,ballzy,https://adstransparency.google.com/advertiser/AR11583320089125978113/creative/CR16586206383301459969
Google Transparence Center,Boozt Fashion AB,CR01510968498300387329,ballzy,https://adstransparency.google.com/advertiser/AR11583320089125978113/creative/CR01510968498300387329
Google Transparence Center,Boozt Fashion AB,CR12221244348875931649,ballzy,https://adstransparency.google.com/advertiser/AR11583320089125978113/creative/CR12221244348875931649
Google Transparence Center,Boozt Fashion AB,CR10727275846529187841,ballzy,https://adstransparency.google.com/advertiser/AR11583320089125978113/creative/CR10727275846529187841
Google Transparence Center,Boozt Fashion AB,CR14195810070918332417,ballzy,https://adstransparency.google.com/advertiser/AR11583320089125978113/creative/CR14195810070918332417
Google Transparence Center,Boozt Fashion AB,CR00115579872037830657,ballzy,https://adstransparency.google.com/advertiser/AR11583320089125978113/creative/CR00115579872037830657
Google Transparence Center,Boozt Fashion AB,CR12248395517213540353,ballzy,https://adstransparency.google.com/advertiser/AR11583320089125978113/creative/CR12248395517213540353
Google Transparence Center,Boozt Fashion AB,CR18069656338941607937,ballzy,https://adstransparency.google.com/advertiser/AR11583320089125978113/creative/CR18069656338941607937
Google Transparence Center,Boozt Fashion AB,CR09076774924617515009,ballzy,https://adstransparency.google.com/advertiser/AR11583320089125978113/creative/CR09076774924617515009
Google Transparence Center,Boozt Fashion AB,CR07770205345862909953,ballzy,https://adstransparency.google.com/advertiser/AR11583320089125978113/creative/CR07770205345862909953
Google Transparence Center,Boozt Fashion AB,CR00240552493954629633,ballzy,https://adstransparency.google.com/advertiser/AR11583320089125978113/creative/CR00240552493954629633
Google Transparence Center,Boozt Fashion AB,CR02261830331847933953,ballzy,https://adstransparency.google.com/advertiser/AR11583320089125978113/creative/CR02261830331847933953
Google Transparence Center,Boozt Fashion AB,CR09602850831456010241,ballzy,https://adstransparency.google.com/advertiser/AR11583320089125978113/creative/CR09602850831456010241
Google Transparence Center,Boozt Fashion AB,CR02892268240262660097,ballzy,https://adstransparency.google.com/advertiser/AR11583320089125978113/creative/CR02892268240262660097
Google Transparence Center,Boozt Fashion AB,CR06948617255059980289,ballzy,https://adstransparency.google.com/advertiser/AR11583320089125978113/creative/CR06948617255059980289
Google Transparence Center,Boozt Fashion AB,CR08117304519458553857,ballzy,https://adstransparency.google.com/advertiser/AR11583320089125978113/creative/CR08117304519458553857
Google Transparence Center,Boozt Fashion AB,CR18391778336385794049,ballzy,https://adstransparency.google.com/advertiser/AR11583320089125978113/creative/CR18391778336385794049
Google Transparence Center,Boozt Fashion AB,CR17042012811246436353,ballzy,https://adstransparency.google.com/advertiser/AR11583320089125978113/creative/CR17042012811246436353
Google Transparence Center,Boozt Fashion AB,CR16630786082249637889,ballzy,https://adstransparency.google.com/advertiser/AR11583320089125978113/creative/CR16630786082249637889
Google Transparence Center,Boozt Fashion AB,CR03499538888924332033,ballzy,https://adstransparency.google.com/advertiser/AR11583320089125978113/creative/CR03499538888924332033
Google Transparence Center,Boozt Fashion AB,CR04786233867293949953,ballzy,https://adstransparency.google.com/advertiser/AR11583320089125978113/creative/CR04786233867293949953
Google Transparence Center,Boozt Fashion AB,CR02179500979924238337,ballzy,https://adstransparency.google.com/advertiser/AR11583320089125978113/creative/CR02179500979924238337
Google Transparence Center,Boozt Fashion AB,CR01510265068556648449,ballzy,https://adstransparency.google.com/advertiser/AR11583320089125978113/creative/CR01510265068556648449
Google Transparence Center,Boozt Fashion AB,CR06469726443050893313,ballzy,https://adstransparency.google.com/advertiser/AR11583320089125978113/creative/CR06469726443050893313
Google Transparence Center,Boozt Fashion AB,CR17067164603588280321,ballzy,https://adstransparency.google.com/advertiser/AR11583320089125978113/creative/CR17067164603588280321
Google Transparence Center,Boozt Fashion AB,CR10138650475533172737,ballzy,https://adstransparency.google.com/advertiser/AR11583320089125978113/creative/CR10138650475533172737
Google Transparence Center,Boozt Fashion AB,CR12911795134961549313,ballzy,https://adstransparency.google.com/advertiser/AR11583320089125978113/creative/CR12911795134961549313
Google Transparence Center,Boozt Fashion AB,CR06234263811759538177,ballzy,https://adstransparency.google.com/advertiser/AR11583320089125978113/creative/CR06234263811759538177
Google Transparence Center,Boozt Fashion AB,CR11341127192542183425,ballzy,https://adstransparency.google.com/advertiser/AR11583320089125978113/creative/CR11341127192542183425
Google Transparence Center,Boozt Fashion AB,CR09356050878072619009,ballzy,https://adstransparency.google.com/advertiser/AR11583320089125978113/creative/CR09356050878072619009
Google Transparence Center,Boozt Fashion AB,CR12907846668447121409,ballzy,https://adstransparency.google.com/advertiser/AR11583320089125978113/creative/CR12907846668447121409
Google Transparence Center,Boozt Fashion AB,CR04391405684210532353,ballzy,https://adstransparency.google.com/advertiser/AR11583320089125978113/creative/CR04391405684210532353
Google Transparence Center,Boozt Fashion AB,CR01764937456475439105,ballzy,https://adstransparency.google.com/advertiser/AR11583320089125978113/creative/CR01764937456475439105
Google Transparence Center,Boozt Fashion AB,CR10348665408415858689,ballzy,https://adstransparency.google.com/advertiser/AR11583320089125978113/creative/CR10348665408415858689
Google Transparence Center,Boozt Fashion AB,CR15860493627676426241,ballzy,https://adstransparency.google.com/advertiser/AR11583320089125978113/creative/CR15860493627676426241
Google Transparence Center,Boozt Fashion AB,CR12219070133351481345,ballzy,https://adstransparency.google.com/advertiser/AR11583320089125978113/creative/CR12219070133351481345
Google Transparence Center,Boozt Fashion AB,CR00312672571176779777,ballzy,https://adstransparency.google.com/advertiser/AR11583320089125978113/creative/CR00312672571176779777
Google Transparence Center,Boozt Fashion AB,CR10729466812426092545,ballzy,https://adstransparency.google.com/advertiser/AR11583320089125978113/creative/CR10729466812426092545
Google Transparence Center,Boozt Fashion AB,CR15333830031872884737,ballzy,https://adstransparency.google.com/advertiser/AR11583320089125978113/creative/CR15333830031872884737
Google Transparence Center,Boozt Fashion AB,CR03053177678178811905,ballzy,https://adstransparency.google.com/advertiser/AR11583320089125978113/creative/CR03053177678178811905
Google Transparence Center,Boozt Fashion AB,CR05406825666261811201,ballzy,https://adstransparency.google.com/advertiser/AR11583320089125978113/creative/CR05406825666261811201
Google Transparence Center,Boozt Fashion AB,CR01898186102414508033,ballzy,https://adstransparency.google.com/advertiser/AR11583320089125978113/creative/CR01898186102414508033
Google Transparence Center,Boozt Fashion AB,CR00481862121924067329,ballzy,https://adstransparency.google.com/advertiser/AR11583320089125978113/creative/CR00481862121924067329
Google Transparence Center,Boozt Fashion AB,CR08572490101290958849,ballzy,https://adstransparency.google.com/advertiser/AR11583320089125978113/creative/CR08572490101290958849
Google Transparence Center,Boozt Fashion AB,CR03925940080975282177,ballzy,https://adstransparency.google.com/advertiser/AR11583320089125978113/creative/CR03925940080975282177
Google Transparence Center,Boozt Fashion AB,CR13490890110966693889,ballzy,https://adstransparency.google.com/advertiser/AR11583320089125978113/creative/CR13490890110966693889
Google Transparence Center,Boozt Fashion AB,CR07451246351314059265,ballzy,https://adstransparency.google.com/advertiser/AR11583320089125978113/creative/CR07451246351314059265
Google Transparence Center,Boozt Fashion AB,CR04262225025135804417,ballzy,https://adstransparency.google.com/advertiser/AR11583320089125978113/creative/CR04262225025135804417
Google Transparence Center,Boozt Fashion AB,CR04396903448507842561,ballzy,https://adstransparency.google.com/advertiser/AR11583320089125978113/creative/CR04396903448507842561
Google Transparence Center,Boozt Fashion AB,CR14379725896292499457,ballzy,https://adstransparency.google.com/advertiser/AR11583320089125978113/creative/CR14379725896292499457
Google Transparence Center,Boozt Fashion AB,CR14278002447745024001,ballzy,https://adstransparency.google.com/advertiser/AR11583320089125978113/creative/CR14278002447745024001
Google Transparence Center,Boozt Fashion AB,CR01324736036286234625,ballzy,https://adstransparency.google.com/advertiser/AR11583320089125978113/creative/CR01324736036286234625
Google Transparence Center,Boozt Fashion AB,CR17373021851940290561,ballzy,https://adstransparency.google.com/advertiser/AR11583320089125978113/creative/CR17373021851940290561
Google Transparence Center,Boozt Fashion AB,CR04680189252149968897,ballzy,https://adstransparency.google.com/advertiser/AR11583320089125978113/creative/CR04680189252149968897
Google Transparence Center,Boozt Fashion AB,CR02836299318837641217,ballzy,https://adstransparency.google.com/advertiser/AR11583320089125978113/creative/CR02836299318837641217
Google Transparence Center,Boozt Fashion AB,CR11349698418256642049,ballzy,https://adstransparency.google.com/advertiser/AR11583320089125978113/creative/CR11349698418256642049
Google Transparence Center,Boozt Fashion AB,CR09812724133497143297,ballzy,https://adstransparency.google.com/advertiser/AR11583320089125978113/creative/CR09812724133497143297
Google Transparence Center,Boozt Fashion AB,CR07125926802257608705,ballzy,https://adstransparency.google.com/advertiser/AR11583320089125978113/creative/CR07125926802257608705
Google Transparence Center,Boozt Fashion AB,CR14419106777847037953,ballzy,https://adstransparency.google.com/advertiser/AR11583320089125978113/creative/CR14419106777847037953
Google Transparence Center,Boozt Fashion AB,CR16490561241190760449,ballzy,https://adstransparency.google.com/advertiser/AR11583320089125978113/creative/CR16490561241190760449
Google Transparence Center,Boozt Fashion AB,CR14483825045870215169,ballzy,https://adstransparency.google.com/advertiser/AR11583320089125978113/creative/CR14483825045870215169
Google Transparence Center,Boozt Fashion AB,CR17625800124921806849,ballzy,https://adstransparency.google.com/advertiser/AR11583320089125978113/creative/CR17625800124921806849
Google Transparence Center,Boozt Fashion AB,CR13395097359419965441,ballzy,https://adstransparency.google.com/advertiser/AR11583320089125978113/creative/CR13395097359419965441
Google Transparence Center,Boozt Fashion AB,CR06848698946907275265,ballzy,https://adstransparency.google.com/advertiser/AR11583320089125978113/creative/CR06848698946907275265
Google Transparence Center,Boozt Fashion AB,CR17801306644848574465,ballzy,https://adstransparency.google.com/advertiser/AR11583320089125978113/creative/CR17801306644848574465
Google Transparence Center,Boozt Fashion AB,CR08094514770150948865,ballzy,https://adstransparency.google.com/advertiser/AR11583320089125978113/creative/CR08094514770150948865
Google Transparence Center,Boozt Fashion AB,CR06768999936034865153,ballzy,https://adstransparency.google.com/advertiser/AR11583320089125978113/creative/CR06768999936034865153
Google Transparence Center,Boozt Fashion AB,CR05787027750535561217,ballzy,https://adstransparency.google.com/advertiser/AR11583320089125978113/creative/CR05787027750535561217
Google Transparence Center,Boozt Fashion AB,CR01943255633792860161,ballzy,https://adstransparency.google.com/advertiser/AR11583320089125978113/creative/CR01943255633792860161
Google Transparence Center,Boozt Fashion AB,CR14099449627774287873,ballzy,https://adstransparency.google.com/advertiser/AR11583320089125978113/creative/CR14099449627774287873
Google Transparence Center,Boozt Fashion AB,CR13841580444157476865,ballzy,https://adstransparency.google.com/advertiser/AR11583320089125978113/creative/CR13841580444157476865
Google Transparence Center,Boozt Fashion AB,CR11133376102561480705,ballzy,https://adstransparency.google.com/advertiser/AR11583320089125978113/creative/CR11133376102561480705
Google Transparence Center,Boozt Fashion AB,CR15046688721988485121,ballzy,https://adstransparency.google.com/advertiser/AR11583320089125978113/creative/CR15046688721988485121
Meta Ads Library,Boozt.com,4.51858E+14,ballzy,https://www.facebook.com/ads/archive/render_ad/?id=451857907803161&access_token=EAATnrmoQyC4BOyPI2UlrqFMQKk5vv6XeANCnonDt4Ho3GPZCm24pBF6XxsSP0Qh3kIdZCuPUtE6BvZBSuq1WwOhhHeZC7dnXLq9u3XRiPfzaTxZBalwm2gvQPVjbAEyHImZBEa9uHUj8yB0OSaDuDsgTaLPYzvCZCd5fnGkOLIjhAkfnRyK2nOmUnAFTlG8Ujgl
Meta Ads Library,Boozt.com,1.2552E+15,ballzy,https://www.facebook.com/ads/archive/render_ad/?id=1255200092281627&access_token=EAATnrmoQyC4BOyPI2UlrqFMQKk5vv6XeANCnonDt4Ho3GPZCm24pBF6XxsSP0Qh3kIdZCuPUtE6BvZBSuq1WwOhhHeZC7dnXLq9u3XRiPfzaTxZBalwm2gvQPVjbAEyHImZBEa9uHUj8yB0OSaDuDsgTaLPYzvCZCd5fnGkOLIjhAkfnRyK2nOmUnAFTlG8Ujgl
Meta Ads Library,Boozt.com,6.06821E+14,ballzy,https://www.facebook.com/ads/archive/render_ad/?id=606821162174961&access_token=EAATnrmoQyC4BPMzpZA4IBb0SXjMybbBaZAh3iKJFNiqBkucCvHUYyM1BiCwvozXjYnUzV70MsLrmdHeuwc7AP6M1pTNVggvg26dRGuCPcLwocJVlHYvqWtVlXMEZCyJQ9Y3zwKqouOI04uO8fnKsUpYu8grmDccMwtbUzDYP5HhFqB3wYpyodE7lX5JU3qEUguRSkXO
Meta Ads Library,Boozt.com,1.21493E+15,ballzy,https://www.facebook.com/ads/archive/render_ad/?id=1214933990725273&access_token=EAATnrmoQyC4BQptmsbNRdpMvgWhT9ZCeeMMlHDkxMXfJ2nK6fMZAk2p9lKk0ofSe3VJBPuz92dPfwiAVjmS2ZCoS7xLFsfFcl3R0EZAhf5ct7tPBlrxE7lxNtKKSRD4BlK1MAuYA7zjMuXKiS0o7eOkkQsTbvvT0TMpX7WoMajScg9PKRZBs3m5KGt4Um9A8HstpDdQRr
Meta Ads Library,Boozt.com,9.48816E+15,ballzy,https://www.facebook.com/ads/archive/render_ad/?id=9488157201204187&access_token=EAATnrmoQyC4BQPVFaEdvyWfH85nc9J1azy5Q3EZCsaaFpLOAG9mEhR1mfp8tmZAxRmBf2IRN553VRRdSaWWJUedu3OFNvLi6Jf9yHmQkSryfa7HC1lnTHUoDGLJFXNS38IeFpk3ZBBnLtpERHKOgzlznywHZAnzlGFoqmGcIcZBTiOgc4ybEkN3braKPoQgJuFpHi7zrs
Meta Ads Library,Boozt.com,1.6203E+15,ballzy,https://www.facebook.com/ads/archive/render_ad/?id=1620301045338543&access_token=EAATnrmoQyC4BQPVFaEdvyWfH85nc9J1azy5Q3EZCsaaFpLOAG9mEhR1mfp8tmZAxRmBf2IRN553VRRdSaWWJUedu3OFNvLi6Jf9yHmQkSryfa7HC1lnTHUoDGLJFXNS38IeFpk3ZBBnLtpERHKOgzlznywHZAnzlGFoqmGcIcZBTiOgc4ybEkN3braKPoQgJuFpHi7zrs
Meta Ads Library,Boozt.com,2.44182E+15,ballzy,https://www.facebook.com/ads/archive/render_ad/?id=2441823109356757&access_token=EAATnrmoQyC4BOyPI2UlrqFMQKk5vv6XeANCnonDt4Ho3GPZCm24pBF6XxsSP0Qh3kIdZCuPUtE6BvZBSuq1WwOhhHeZC7dnXLq9u3XRiPfzaTxZBalwm2gvQPVjbAEyHImZBEa9uHUj8yB0OSaDuDsgTaLPYzvCZCd5fnGkOLIjhAkfnRyK2nOmUnAFTlG8Ujgl
Meta Ads Library,Boozt.com,7.6042E+14,ballzy,https://www.facebook.com/ads/archive/render_ad/?id=760419732893247&access_token=EAATnrmoQyC4BOyPI2UlrqFMQKk5vv6XeANCnonDt4Ho3GPZCm24pBF6XxsSP0Qh3kIdZCuPUtE6BvZBSuq1WwOhhHeZC7dnXLq9u3XRiPfzaTxZBalwm2gvQPVjbAEyHImZBEa9uHUj8yB0OSaDuDsgTaLPYzvCZCd5fnGkOLIjhAkfnRyK2nOmUnAFTlG8Ujgl
Meta Ads Library,Boozt.com,1.52731E+15,ballzy,https://www.facebook.com/ads/archive/render_ad/?id=1527310708131981&access_token=EAATnrmoQyC4BOyPI2UlrqFMQKk5vv6XeANCnonDt4Ho3GPZCm24pBF6XxsSP0Qh3kIdZCuPUtE6BvZBSuq1WwOhhHeZC7dnXLq9u3XRiPfzaTxZBalwm2gvQPVjbAEyHImZBEa9uHUj8yB0OSaDuDsgTaLPYzvCZCd5fnGkOLIjhAkfnRyK2nOmUnAFTlG8Ujgl
Meta Ads Library,Boozt.com,8.46127E+14,ballzy,https://www.facebook.com/ads/archive/render_ad/?id=846126764596345&access_token=EAATnrmoQyC4BQptmsbNRdpMvgWhT9ZCeeMMlHDkxMXfJ2nK6fMZAk2p9lKk0ofSe3VJBPuz92dPfwiAVjmS2ZCoS7xLFsfFcl3R0EZAhf5ct7tPBlrxE7lxNtKKSRD4BlK1MAuYA7zjMuXKiS0o7eOkkQsTbvvT0TMpX7WoMajScg9PKRZBs3m5KGt4Um9A8HstpDdQRr
Meta Ads Library,Boozt.com,9.5442E+14,ballzy,https://www.facebook.com/ads/archive/render_ad/?id=954420026164579&access_token=EAATnrmoQyC4BOyPI2UlrqFMQKk5vv6XeANCnonDt4Ho3GPZCm24pBF6XxsSP0Qh3kIdZCuPUtE6BvZBSuq1WwOhhHeZC7dnXLq9u3XRiPfzaTxZBalwm2gvQPVjbAEyHImZBEa9uHUj8yB0OSaDuDsgTaLPYzvCZCd5fnGkOLIjhAkfnRyK2nOmUnAFTlG8Ujgl
Meta Ads Library,Boozt.com,2.81163E+15,ballzy,https://www.facebook.com/ads/archive/render_ad/?id=2811630449138305&access_token=EAATnrmoQyC4BOyPI2UlrqFMQKk5vv6XeANCnonDt4Ho3GPZCm24pBF6XxsSP0Qh3kIdZCuPUtE6BvZBSuq1WwOhhHeZC7dnXLq9u3XRiPfzaTxZBalwm2gvQPVjbAEyHImZBEa9uHUj8yB0OSaDuDsgTaLPYzvCZCd5fnGkOLIjhAkfnRyK2nOmUnAFTlG8Ujgl
Meta Ads Library,Boozt.com,5.73359E+14,ballzy,https://www.facebook.com/ads/archive/render_ad/?id=573359415023048&access_token=EAATnrmoQyC4BOyPI2UlrqFMQKk5vv6XeANCnonDt4Ho3GPZCm24pBF6XxsSP0Qh3kIdZCuPUtE6BvZBSuq1WwOhhHeZC7dnXLq9u3XRiPfzaTxZBalwm2gvQPVjbAEyHImZBEa9uHUj8yB0OSaDuDsgTaLPYzvCZCd5fnGkOLIjhAkfnRyK2nOmUnAFTlG8Ujgl
Meta Ads Library,Boozt.com,1.48684E+15,ballzy,https://www.facebook.com/ads/archive/render_ad/?id=1486835186342273&access_token=EAATnrmoQyC4BQptmsbNRdpMvgWhT9ZCeeMMlHDkxMXfJ2nK6fMZAk2p9lKk0ofSe3VJBPuz92dPfwiAVjmS2ZCoS7xLFsfFcl3R0EZAhf5ct7tPBlrxE7lxNtKKSRD4BlK1MAuYA7zjMuXKiS0o7eOkkQsTbvvT0TMpX7WoMajScg9PKRZBs3m5KGt4Um9A8HstpDdQRr
Meta Ads Library,Boozt.com,2.27946E+15,ballzy,https://www.facebook.com/ads/archive/render_ad/?id=2279463422547633&access_token=EAATnrmoQyC4BQptmsbNRdpMvgWhT9ZCeeMMlHDkxMXfJ2nK6fMZAk2p9lKk0ofSe3VJBPuz92dPfwiAVjmS2ZCoS7xLFsfFcl3R0EZAhf5ct7tPBlrxE7lxNtKKSRD4BlK1MAuYA7zjMuXKiS0o7eOkkQsTbvvT0TMpX7WoMajScg9PKRZBs3m5KGt4Um9A8HstpDdQRr
Meta Ads Library,Boozt.com,9.33651E+14,ballzy,https://www.facebook.com/ads/archive/render_ad/?id=933650899189099&access_token=EAATnrmoQyC4BQptmsbNRdpMvgWhT9ZCeeMMlHDkxMXfJ2nK6fMZAk2p9lKk0ofSe3VJBPuz92dPfwiAVjmS2ZCoS7xLFsfFcl3R0EZAhf5ct7tPBlrxE7lxNtKKSRD4BlK1MAuYA7zjMuXKiS0o7eOkkQsTbvvT0TMpX7WoMajScg9PKRZBs3m5KGt4Um9A8HstpDdQRr
Meta Ads Library,Boozt.com,2.03055E+15,ballzy,https://www.facebook.com/ads/archive/render_ad/?id=2030547897802726&access_token=EAATnrmoQyC4BQptmsbNRdpMvgWhT9ZCeeMMlHDkxMXfJ2nK6fMZAk2p9lKk0ofSe3VJBPuz92dPfwiAVjmS2ZCoS7xLFsfFcl3R0EZAhf5ct7tPBlrxE7lxNtKKSRD4BlK1MAuYA7zjMuXKiS0o7eOkkQsTbvvT0TMpX7WoMajScg9PKRZBs3m5KGt4Um9A8HstpDdQRr
Meta Ads Library,Boozt.com,8.54486E+14,ballzy,https://www.facebook.com/ads/archive/render_ad/?id=854485803595669&access_token=EAATnrmoQyC4BQptmsbNRdpMvgWhT9ZCeeMMlHDkxMXfJ2nK6fMZAk2p9lKk0ofSe3VJBPuz92dPfwiAVjmS2ZCoS7xLFsfFcl3R0EZAhf5ct7tPBlrxE7lxNtKKSRD4BlK1MAuYA7zjMuXKiS0o7eOkkQsTbvvT0TMpX7WoMajScg9PKRZBs3m5KGt4Um9A8HstpDdQRr
Meta Ads Library,Boozt.com,1.14465E+15,ballzy,https://www.facebook.com/ads/archive/render_ad/?id=1144646647344642&access_token=EAATnrmoQyC4BQptmsbNRdpMvgWhT9ZCeeMMlHDkxMXfJ2nK6fMZAk2p9lKk0ofSe3VJBPuz92dPfwiAVjmS2ZCoS7xLFsfFcl3R0EZAhf5ct7tPBlrxE7lxNtKKSRD4BlK1MAuYA7zjMuXKiS0o7eOkkQsTbvvT0TMpX7WoMajScg9PKRZBs3m5KGt4Um9A8HstpDdQRr
Meta Ads Library,Boozt.com,1.03944E+15,ballzy,https://www.facebook.com/ads/archive/render_ad/?id=1039435944289457&access_token=EAATnrmoQyC4BOyPI2UlrqFMQKk5vv6XeANCnonDt4Ho3GPZCm24pBF6XxsSP0Qh3kIdZCuPUtE6BvZBSuq1WwOhhHeZC7dnXLq9u3XRiPfzaTxZBalwm2gvQPVjbAEyHImZBEa9uHUj8yB0OSaDuDsgTaLPYzvCZCd5fnGkOLIjhAkfnRyK2nOmUnAFTlG8Ujgl
Meta Ads Library,Boozt.com,9.24092E+14,ballzy,https://www.facebook.com/ads/archive/render_ad/?id=924091773070841&access_token=EAATnrmoQyC4BOyPI2UlrqFMQKk5vv6XeANCnonDt4Ho3GPZCm24pBF6XxsSP0Qh3kIdZCuPUtE6BvZBSuq1WwOhhHeZC7dnXLq9u3XRiPfzaTxZBalwm2gvQPVjbAEyHImZBEa9uHUj8yB0OSaDuDsgTaLPYzvCZCd5fnGkOLIjhAkfnRyK2nOmUnAFTlG8Ujgl
Meta Ads Library,Boozt.com,2.0406E+15,ballzy,https://www.facebook.com/ads/archive/render_ad/?id=2040602396358747&access_token=EAATnrmoQyC4BOyPI2UlrqFMQKk5vv6XeANCnonDt4Ho3GPZCm24pBF6XxsSP0Qh3kIdZCuPUtE6BvZBSuq1WwOhhHeZC7dnXLq9u3XRiPfzaTxZBalwm2gvQPVjbAEyHImZBEa9uHUj8yB0OSaDuDsgTaLPYzvCZCd5fnGkOLIjhAkfnRyK2nOmUnAFTlG8Ujgl
Meta Ads Library,Boozt.com,1.93929E+15,ballzy,https://www.facebook.com/ads/archive/render_ad/?id=1939293523231984&access_token=EAATnrmoQyC4BOyPI2UlrqFMQKk5vv6XeANCnonDt4Ho3GPZCm24pBF6XxsSP0Qh3kIdZCuPUtE6BvZBSuq1WwOhhHeZC7dnXLq9u3XRiPfzaTxZBalwm2gvQPVjbAEyHImZBEa9uHUj8yB0OSaDuDsgTaLPYzvCZCd5fnGkOLIjhAkfnRyK2nOmUnAFTlG8Ujgl
Meta Ads Library,Boozt.com,1.68762E+15,ballzy,https://www.facebook.com/ads/archive/render_ad/?id=1687617871922482&access_token=EAATnrmoQyC4BQPVFaEdvyWfH85nc9J1azy5Q3EZCsaaFpLOAG9mEhR1mfp8tmZAxRmBf2IRN553VRRdSaWWJUedu3OFNvLi6Jf9yHmQkSryfa7HC1lnTHUoDGLJFXNS38IeFpk3ZBBnLtpERHKOgzlznywHZAnzlGFoqmGcIcZBTiOgc4ybEkN3braKPoQgJuFpHi7zrs
Meta Ads Library,Boozt.com,2.00526E+15,ballzy,https://www.facebook.com/ads/archive/render_ad/?id=2005258996544384&access_token=EAATnrmoQyC4BPs1GFkdV11JnEwK18Y8SLMH9XxyP1QZA12GZBXpFNXt4CEn7HUJVZAYL5pFEXRSZCIdgVqP5T08KTd8pQGXvNZCam0j0PqoRFCsskhbBt4ZAXMXFOpa0ECGYHZA8NTLdIW8Nry28X4W5VJDVRVvrn9v1R3X8HFx4OAx1POcTnhYscXKCiQv7yFEdGdyRtLU
Meta Ads Library,Boozt.com,7.28493E+14,ballzy,https://www.facebook.com/ads/archive/render_ad/?id=728492966229702&access_token=EAATnrmoQyC4BQptmsbNRdpMvgWhT9ZCeeMMlHDkxMXfJ2nK6fMZAk2p9lKk0ofSe3VJBPuz92dPfwiAVjmS2ZCoS7xLFsfFcl3R0EZAhf5ct7tPBlrxE7lxNtKKSRD4BlK1MAuYA7zjMuXKiS0o7eOkkQsTbvvT0TMpX7WoMajScg9PKRZBs3m5KGt4Um9A8HstpDdQRr
Meta Ads Library,Boozt.com,1.76579E+15,ballzy,https://www.facebook.com/ads/archive/render_ad/?id=1765785300856946&access_token=EAATnrmoQyC4BOyPI2UlrqFMQKk5vv6XeANCnonDt4Ho3GPZCm24pBF6XxsSP0Qh3kIdZCuPUtE6BvZBSuq1WwOhhHeZC7dnXLq9u3XRiPfzaTxZBalwm2gvQPVjbAEyHImZBEa9uHUj8yB0OSaDuDsgTaLPYzvCZCd5fnGkOLIjhAkfnRyK2nOmUnAFTlG8Ujgl
Meta Ads Library,Boozt.com,1.46248E+15,ballzy,https://www.facebook.com/ads/archive/render_ad/?id=1462478128330508&access_token=EAATnrmoQyC4BQPVFaEdvyWfH85nc9J1azy5Q3EZCsaaFpLOAG9mEhR1mfp8tmZAxRmBf2IRN553VRRdSaWWJUedu3OFNvLi6Jf9yHmQkSryfa7HC1lnTHUoDGLJFXNS38IeFpk3ZBBnLtpERHKOgzlznywHZAnzlGFoqmGcIcZBTiOgc4ybEkN3braKPoQgJuFpHi7zrs
Meta Ads Library,Boozt.com,1.14016E+15,ballzy,https://www.facebook.com/ads/archive/render_ad/?id=1140161300353325&access_token=EAATnrmoQyC4BOyPI2UlrqFMQKk5vv6XeANCnonDt4Ho3GPZCm24pBF6XxsSP0Qh3kIdZCuPUtE6BvZBSuq1WwOhhHeZC7dnXLq9u3XRiPfzaTxZBalwm2gvQPVjbAEyHImZBEa9uHUj8yB0OSaDuDsgTaLPYzvCZCd5fnGkOLIjhAkfnRyK2nOmUnAFTlG8Ujgl
Meta Ads Library,Boozt.com,4.37511E+15,ballzy,https://www.facebook.com/ads/archive/render_ad/?id=4375107569383156&access_token=EAATnrmoQyC4BQPVFaEdvyWfH85nc9J1azy5Q3EZCsaaFpLOAG9mEhR1mfp8tmZAxRmBf2IRN553VRRdSaWWJUedu3OFNvLi6Jf9yHmQkSryfa7HC1lnTHUoDGLJFXNS38IeFpk3ZBBnLtpERHKOgzlznywHZAnzlGFoqmGcIcZBTiOgc4ybEkN3braKPoQgJuFpHi7zrs
Meta Ads Library,Boozt.com,1.85903E+15,ballzy,https://www.facebook.com/ads/archive/render_ad/?id=1859026824579215&access_token=EAATnrmoQyC4BOyPI2UlrqFMQKk5vv6XeANCnonDt4Ho3GPZCm24pBF6XxsSP0Qh3kIdZCuPUtE6BvZBSuq1WwOhhHeZC7dnXLq9u3XRiPfzaTxZBalwm2gvQPVjbAEyHImZBEa9uHUj8yB0OSaDuDsgTaLPYzvCZCd5fnGkOLIjhAkfnRyK2nOmUnAFTlG8Ujgl
Meta Ads Library,Boozt.com,4.76724E+14,ballzy,https://www.facebook.com/ads/archive/render_ad/?id=476724031358676&access_token=EAATnrmoQyC4BOyPI2UlrqFMQKk5vv6XeANCnonDt4Ho3GPZCm24pBF6XxsSP0Qh3kIdZCuPUtE6BvZBSuq1WwOhhHeZC7dnXLq9u3XRiPfzaTxZBalwm2gvQPVjbAEyHImZBEa9uHUj8yB0OSaDuDsgTaLPYzvCZCd5fnGkOLIjhAkfnRyK2nOmUnAFTlG8Ujgl
Meta Ads Library,Boozt.com,6.90177E+14,ballzy,https://www.facebook.com/ads/archive/render_ad/?id=690176759922965&access_token=EAATnrmoQyC4BOyPI2UlrqFMQKk5vv6XeANCnonDt4Ho3GPZCm24pBF6XxsSP0Qh3kIdZCuPUtE6BvZBSuq1WwOhhHeZC7dnXLq9u3XRiPfzaTxZBalwm2gvQPVjbAEyHImZBEa9uHUj8yB0OSaDuDsgTaLPYzvCZCd5fnGkOLIjhAkfnRyK2nOmUnAFTlG8Ujgl
Meta Ads Library,Boozt.com,3.909E+14,ballzy,https://www.facebook.com/ads/archive/render_ad/?id=390899580633731&access_token=EAATnrmoQyC4BOyPI2UlrqFMQKk5vv6XeANCnonDt4Ho3GPZCm24pBF6XxsSP0Qh3kIdZCuPUtE6BvZBSuq1WwOhhHeZC7dnXLq9u3XRiPfzaTxZBalwm2gvQPVjbAEyHImZBEa9uHUj8yB0OSaDuDsgTaLPYzvCZCd5fnGkOLIjhAkfnRyK2nOmUnAFTlG8Ujgl
Meta Ads Library,Boozt.com,3.82028E+14,ballzy,https://www.facebook.com/ads/archive/render_ad/?id=382027901560035&access_token=EAATnrmoQyC4BOyPI2UlrqFMQKk5vv6XeANCnonDt4Ho3GPZCm24pBF6XxsSP0Qh3kIdZCuPUtE6BvZBSuq1WwOhhHeZC7dnXLq9u3XRiPfzaTxZBalwm2gvQPVjbAEyHImZBEa9uHUj8yB0OSaDuDsgTaLPYzvCZCd5fnGkOLIjhAkfnRyK2nOmUnAFTlG8Ujgl
Meta Ads Library,Boozt.com,8.34678E+14,ballzy,https://www.facebook.com/ads/archive/render_ad/?id=834678428155817&access_token=EAATnrmoQyC4BOyPI2UlrqFMQKk5vv6XeANCnonDt4Ho3GPZCm24pBF6XxsSP0Qh3kIdZCuPUtE6BvZBSuq1WwOhhHeZC7dnXLq9u3XRiPfzaTxZBalwm2gvQPVjbAEyHImZBEa9uHUj8yB0OSaDuDsgTaLPYzvCZCd5fnGkOLIjhAkfnRyK2nOmUnAFTlG8Ujgl
Meta Ads Library,Boozt.com,8.07991E+14,ballzy,https://www.facebook.com/ads/archive/render_ad/?id=807990631791138&access_token=EAATnrmoQyC4BQPVFaEdvyWfH85nc9J1azy5Q3EZCsaaFpLOAG9mEhR1mfp8tmZAxRmBf2IRN553VRRdSaWWJUedu3OFNvLi6Jf9yHmQkSryfa7HC1lnTHUoDGLJFXNS38IeFpk3ZBBnLtpERHKOgzlznywHZAnzlGFoqmGcIcZBTiOgc4ybEkN3braKPoQgJuFpHi7zrs
Meta Ads Library,Boozt.com,1.58164E+15,ballzy,https://www.facebook.com/ads/archive/render_ad/?id=1581635896389125&access_token=EAATnrmoQyC4BQptmsbNRdpMvgWhT9ZCeeMMlHDkxMXfJ2nK6fMZAk2p9lKk0ofSe3VJBPuz92dPfwiAVjmS2ZCoS7xLFsfFcl3R0EZAhf5ct7tPBlrxE7lxNtKKSRD4BlK1MAuYA7zjMuXKiS0o7eOkkQsTbvvT0TMpX7WoMajScg9PKRZBs3m5KGt4Um9A8HstpDdQRr
Meta Ads Library,Boozt.com,1.07409E+15,ballzy,https://www.facebook.com/ads/archive/render_ad/?id=1074092461339938&access_token=EAATnrmoQyC4BQptmsbNRdpMvgWhT9ZCeeMMlHDkxMXfJ2nK6fMZAk2p9lKk0ofSe3VJBPuz92dPfwiAVjmS2ZCoS7xLFsfFcl3R0EZAhf5ct7tPBlrxE7lxNtKKSRD4BlK1MAuYA7zjMuXKiS0o7eOkkQsTbvvT0TMpX7WoMajScg9PKRZBs3m5KGt4Um9A8HstpDdQRr
Meta Ads Library,Boozt.com,1.50501E+15,ballzy,https://www.facebook.com/ads/archive/render_ad/?id=1505010574078008&access_token=EAATnrmoQyC4BQptmsbNRdpMvgWhT9ZCeeMMlHDkxMXfJ2nK6fMZAk2p9lKk0ofSe3VJBPuz92dPfwiAVjmS2ZCoS7xLFsfFcl3R0EZAhf5ct7tPBlrxE7lxNtKKSRD4BlK1MAuYA7zjMuXKiS0o7eOkkQsTbvvT0TMpX7WoMajScg9PKRZBs3m5KGt4Um9A8HstpDdQRr
Meta Ads Library,Boozt.com,1.48282E+15,ballzy,https://www.facebook.com/ads/archive/render_ad/?id=1482820879443144&access_token=EAATnrmoQyC4BQptmsbNRdpMvgWhT9ZCeeMMlHDkxMXfJ2nK6fMZAk2p9lKk0ofSe3VJBPuz92dPfwiAVjmS2ZCoS7xLFsfFcl3R0EZAhf5ct7tPBlrxE7lxNtKKSRD4BlK1MAuYA7zjMuXKiS0o7eOkkQsTbvvT0TMpX7WoMajScg9PKRZBs3m5KGt4Um9A8HstpDdQRr
Meta Ads Library,Boozt.com,9.66695E+14,ballzy,https://www.facebook.com/ads/archive/render_ad/?id=966694918411765&access_token=EAATnrmoQyC4BQPVFaEdvyWfH85nc9J1azy5Q3EZCsaaFpLOAG9mEhR1mfp8tmZAxRmBf2IRN553VRRdSaWWJUedu3OFNvLi6Jf9yHmQkSryfa7HC1lnTHUoDGLJFXNS38IeFpk3ZBBnLtpERHKOgzlznywHZAnzlGFoqmGcIcZBTiOgc4ybEkN3braKPoQgJuFpHi7zrs
Meta Ads Library,Boozt.com,7.88196E+14,ballzy,https://www.facebook.com/ads/archive/render_ad/?id=788196180139105&access_token=EAATnrmoQyC4BQPVFaEdvyWfH85nc9J1azy5Q3EZCsaaFpLOAG9mEhR1mfp8tmZAxRmBf2IRN553VRRdSaWWJUedu3OFNvLi6Jf9yHmQkSryfa7HC1lnTHUoDGLJFXNS38IeFpk3ZBBnLtpERHKOgzlznywHZAnzlGFoqmGcIcZBTiOgc4ybEkN3braKPoQgJuFpHi7zrs
Meta Ads Library,Boozt.com,3.03635E+15,ballzy,https://www.facebook.com/ads/archive/render_ad/?id=3036349203236314&access_token=EAATnrmoQyC4BQPVFaEdvyWfH85nc9J1azy5Q3EZCsaaFpLOAG9mEhR1mfp8tmZAxRmBf2IRN553VRRdSaWWJUedu3OFNvLi6Jf9yHmQkSryfa7HC1lnTHUoDGLJFXNS38IeFpk3ZBBnLtpERHKOgzlznywHZAnzlGFoqmGcIcZBTiOgc4ybEkN3braKPoQgJuFpHi7zrs
Meta Ads Library,Boozt.com,1.39056E+15,ballzy,https://www.facebook.com/ads/archive/render_ad/?id=1390561352076092&access_token=EAATnrmoQyC4BOyPI2UlrqFMQKk5vv6XeANCnonDt4Ho3GPZCm24pBF6XxsSP0Qh3kIdZCuPUtE6BvZBSuq1WwOhhHeZC7dnXLq9u3XRiPfzaTxZBalwm2gvQPVjbAEyHImZBEa9uHUj8yB0OSaDuDsgTaLPYzvCZCd5fnGkOLIjhAkfnRyK2nOmUnAFTlG8Ujgl
Meta Ads Library,Boozt.com,2.53463E+16,ballzy,https://www.facebook.com/ads/archive/render_ad/?id=25346259405023831&access_token=EAATnrmoQyC4BQptmsbNRdpMvgWhT9ZCeeMMlHDkxMXfJ2nK6fMZAk2p9lKk0ofSe3VJBPuz92dPfwiAVjmS2ZCoS7xLFsfFcl3R0EZAhf5ct7tPBlrxE7lxNtKKSRD4BlK1MAuYA7zjMuXKiS0o7eOkkQsTbvvT0TMpX7WoMajScg9PKRZBs3m5KGt4Um9A8HstpDdQRr
Meta Ads Library,Boozt.com,1.19402E+15,ballzy,https://www.facebook.com/ads/archive/render_ad/?id=1194015441989469&access_token=EAATnrmoQyC4BQPVFaEdvyWfH85nc9J1azy5Q3EZCsaaFpLOAG9mEhR1mfp8tmZAxRmBf2IRN553VRRdSaWWJUedu3OFNvLi6Jf9yHmQkSryfa7HC1lnTHUoDGLJFXNS38IeFpk3ZBBnLtpERHKOgzlznywHZAnzlGFoqmGcIcZBTiOgc4ybEkN3braKPoQgJuFpHi7zrs
Meta Ads Library,Boozt.com,1.16915E+15,ballzy,https://www.facebook.com/ads/archive/render_ad/?id=1169149008083143&access_token=EAATnrmoQyC4BQptmsbNRdpMvgWhT9ZCeeMMlHDkxMXfJ2nK6fMZAk2p9lKk0ofSe3VJBPuz92dPfwiAVjmS2ZCoS7xLFsfFcl3R0EZAhf5ct7tPBlrxE7lxNtKKSRD4BlK1MAuYA7zjMuXKiS0o7eOkkQsTbvvT0TMpX7WoMajScg9PKRZBs3m5KGt4Um9A8HstpDdQRr
Meta Ads Library,Boozt.com,1.54492E+15,ballzy,https://www.facebook.com/ads/archive/render_ad/?id=1544923396933090&access_token=EAATnrmoQyC4BQptmsbNRdpMvgWhT9ZCeeMMlHDkxMXfJ2nK6fMZAk2p9lKk0ofSe3VJBPuz92dPfwiAVjmS2ZCoS7xLFsfFcl3R0EZAhf5ct7tPBlrxE7lxNtKKSRD4BlK1MAuYA7zjMuXKiS0o7eOkkQsTbvvT0TMpX7WoMajScg9PKRZBs3m5KGt4Um9A8HstpDdQRr
Meta Ads Library,Boozt.com,1.53302E+15,ballzy,https://www.facebook.com/ads/archive/render_ad/?id=1533019511428256&access_token=EAATnrmoQyC4BOyPI2UlrqFMQKk5vv6XeANCnonDt4Ho3GPZCm24pBF6XxsSP0Qh3kIdZCuPUtE6BvZBSuq1WwOhhHeZC7dnXLq9u3XRiPfzaTxZBalwm2gvQPVjbAEyHImZBEa9uHUj8yB0OSaDuDsgTaLPYzvCZCd5fnGkOLIjhAkfnRyK2nOmUnAFTlG8Ujgl
Meta Ads Library,Boozt.com,1.63335E+15,ballzy,https://www.facebook.com/ads/archive/render_ad/?id=1633347450648420&access_token=EAATnrmoQyC4BPs1GFkdV11JnEwK18Y8SLMH9XxyP1QZA12GZBXpFNXt4CEn7HUJVZAYL5pFEXRSZCIdgVqP5T08KTd8pQGXvNZCam0j0PqoRFCsskhbBt4ZAXMXFOpa0ECGYHZA8NTLdIW8Nry28X4W5VJDVRVvrn9v1R3X8HFx4OAx1POcTnhYscXKCiQv7yFEdGdyRtLU
Meta Ads Library,Boozt.com,6.8454E+14,ballzy,https://www.facebook.com/ads/archive/render_ad/?id=684540070612831&access_token=EAATnrmoQyC4BPs1GFkdV11JnEwK18Y8SLMH9XxyP1QZA12GZBXpFNXt4CEn7HUJVZAYL5pFEXRSZCIdgVqP5T08KTd8pQGXvNZCam0j0PqoRFCsskhbBt4ZAXMXFOpa0ECGYHZA8NTLdIW8Nry28X4W5VJDVRVvrn9v1R3X8HFx4OAx1POcTnhYscXKCiQv7yFEdGdyRtLU
Meta Ads Library,Boozt.com,2.04482E+15,ballzy,https://www.facebook.com/ads/archive/render_ad/?id=2044816295939333&access_token=EAATnrmoQyC4BQPVFaEdvyWfH85nc9J1azy5Q3EZCsaaFpLOAG9mEhR1mfp8tmZAxRmBf2IRN553VRRdSaWWJUedu3OFNvLi6Jf9yHmQkSryfa7HC1lnTHUoDGLJFXNS38IeFpk3ZBBnLtpERHKOgzlznywHZAnzlGFoqmGcIcZBTiOgc4ybEkN3braKPoQgJuFpHi7zrs
Meta Ads Library,Boozt.com,3.74207E+15,ballzy,https://www.facebook.com/ads/archive/render_ad/?id=3742073282774905&access_token=EAATnrmoQyC4BOyPI2UlrqFMQKk5vv6XeANCnonDt4Ho3GPZCm24pBF6XxsSP0Qh3kIdZCuPUtE6BvZBSuq1WwOhhHeZC7dnXLq9u3XRiPfzaTxZBalwm2gvQPVjbAEyHImZBEa9uHUj8yB0OSaDuDsgTaLPYzvCZCd5fnGkOLIjhAkfnRyK2nOmUnAFTlG8Ujgl
Meta Ads Library,Boozt.com,8.22771E+14,ballzy,https://www.facebook.com/ads/archive/render_ad/?id=822771019371800&access_token=EAATnrmoQyC4BOyPI2UlrqFMQKk5vv6XeANCnonDt4Ho3GPZCm24pBF6XxsSP0Qh3kIdZCuPUtE6BvZBSuq1WwOhhHeZC7dnXLq9u3XRiPfzaTxZBalwm2gvQPVjbAEyHImZBEa9uHUj8yB0OSaDuDsgTaLPYzvCZCd5fnGkOLIjhAkfnRyK2nOmUnAFTlG8Ujgl
Meta Ads Library,Boozt.com,8.94667E+14,ballzy,https://www.facebook.com/ads/archive/render_ad/?id=894666616811476&access_token=EAATnrmoQyC4BQptmsbNRdpMvgWhT9ZCeeMMlHDkxMXfJ2nK6fMZAk2p9lKk0ofSe3VJBPuz92dPfwiAVjmS2ZCoS7xLFsfFcl3R0EZAhf5ct7tPBlrxE7lxNtKKSRD4BlK1MAuYA7zjMuXKiS0o7eOkkQsTbvvT0TMpX7WoMajScg9PKRZBs3m5KGt4Um9A8HstpDdQRr
Meta Ads Library,Boozt.com,1.4596E+15,ballzy,https://www.facebook.com/ads/archive/render_ad/?id=1459603769217421&access_token=EAATnrmoQyC4BQptmsbNRdpMvgWhT9ZCeeMMlHDkxMXfJ2nK6fMZAk2p9lKk0ofSe3VJBPuz92dPfwiAVjmS2ZCoS7xLFsfFcl3R0EZAhf5ct7tPBlrxE7lxNtKKSRD4BlK1MAuYA7zjMuXKiS0o7eOkkQsTbvvT0TMpX7WoMajScg9PKRZBs3m5KGt4Um9A8HstpDdQRr
Meta Ads Library,Boozt.com,1.20063E+15,ballzy,https://www.facebook.com/ads/archive/render_ad/?id=1200634028641697&access_token=EAATnrmoQyC4BQptmsbNRdpMvgWhT9ZCeeMMlHDkxMXfJ2nK6fMZAk2p9lKk0ofSe3VJBPuz92dPfwiAVjmS2ZCoS7xLFsfFcl3R0EZAhf5ct7tPBlrxE7lxNtKKSRD4BlK1MAuYA7zjMuXKiS0o7eOkkQsTbvvT0TMpX7WoMajScg9PKRZBs3m5KGt4Um9A8HstpDdQRr
Meta Ads Library,Boozt.com,1.86978E+15,ballzy,https://www.facebook.com/ads/archive/render_ad/?id=1869778186781150&access_token=EAATnrmoQyC4BOyPI2UlrqFMQKk5vv6XeANCnonDt4Ho3GPZCm24pBF6XxsSP0Qh3kIdZCuPUtE6BvZBSuq1WwOhhHeZC7dnXLq9u3XRiPfzaTxZBalwm2gvQPVjbAEyHImZBEa9uHUj8yB0OSaDuDsgTaLPYzvCZCd5fnGkOLIjhAkfnRyK2nOmUnAFTlG8Ujgl
Meta Ads Library,Boozt.com,1.31922E+15,ballzy,https://www.facebook.com/ads/archive/render_ad/?id=1319220026174122&access_token=EAATnrmoQyC4BQptmsbNRdpMvgWhT9ZCeeMMlHDkxMXfJ2nK6fMZAk2p9lKk0ofSe3VJBPuz92dPfwiAVjmS2ZCoS7xLFsfFcl3R0EZAhf5ct7tPBlrxE7lxNtKKSRD4BlK1MAuYA7zjMuXKiS0o7eOkkQsTbvvT0TMpX7WoMajScg9PKRZBs3m5KGt4Um9A8HstpDdQRr
Meta Ads Library,Boozt.com,3.95095E+14,ballzy,https://www.facebook.com/ads/archive/render_ad/?id=395094539549243&access_token=EAATnrmoQyC4BOyPI2UlrqFMQKk5vv6XeANCnonDt4Ho3GPZCm24pBF6XxsSP0Qh3kIdZCuPUtE6BvZBSuq1WwOhhHeZC7dnXLq9u3XRiPfzaTxZBalwm2gvQPVjbAEyHImZBEa9uHUj8yB0OSaDuDsgTaLPYzvCZCd5fnGkOLIjhAkfnRyK2nOmUnAFTlG8Ujgl
Meta Ads Library,Boozt.com,1.51722E+15,ballzy,https://www.facebook.com/ads/archive/render_ad/?id=1517219422882728&access_token=EAATnrmoQyC4BQptmsbNRdpMvgWhT9ZCeeMMlHDkxMXfJ2nK6fMZAk2p9lKk0ofSe3VJBPuz92dPfwiAVjmS2ZCoS7xLFsfFcl3R0EZAhf5ct7tPBlrxE7lxNtKKSRD4BlK1MAuYA7zjMuXKiS0o7eOkkQsTbvvT0TMpX7WoMajScg9PKRZBs3m5KGt4Um9A8HstpDdQRr
Meta Ads Library,Boozt.com,1.36586E+15,ballzy,https://www.facebook.com/ads/archive/render_ad/?id=1365859241663053&access_token=EAATnrmoQyC4BQptmsbNRdpMvgWhT9ZCeeMMlHDkxMXfJ2nK6fMZAk2p9lKk0ofSe3VJBPuz92dPfwiAVjmS2ZCoS7xLFsfFcl3R0EZAhf5ct7tPBlrxE7lxNtKKSRD4BlK1MAuYA7zjMuXKiS0o7eOkkQsTbvvT0TMpX7WoMajScg9PKRZBs3m5KGt4Um9A8HstpDdQRr
Meta Ads Library,Boozt.com,1.14973E+15,ballzy,https://www.facebook.com/ads/archive/render_ad/?id=1149726233391165&access_token=EAATnrmoQyC4BO5erfu0T8wppuuMsqCZCnReXzEYpZAE2SuHMabkeRUXfkbCAdlN6QqZADLZAC3kW4zSBZAUYvrEe5WEyxqd6tPkCitApLgaiLpJyZAFbsttB4ePIsz7s9dCXObDRZBE4zZCfVDCOaDzwBajqvt8tZCLyglNfHAVFymweyRxgxwtmq6IHSiwo9Nmvr3dPAXdXF
Meta Ads Library,Boozt.com,4.07966E+14,ballzy,https://www.facebook.com/ads/archive/render_ad/?id=407966228822313&access_token=EAATnrmoQyC4BOyPI2UlrqFMQKk5vv6XeANCnonDt4Ho3GPZCm24pBF6XxsSP0Qh3kIdZCuPUtE6BvZBSuq1WwOhhHeZC7dnXLq9u3XRiPfzaTxZBalwm2gvQPVjbAEyHImZBEa9uHUj8yB0OSaDuDsgTaLPYzvCZCd5fnGkOLIjhAkfnRyK2nOmUnAFTlG8Ujgl
Meta Ads Library,Boozt.com,3.80504E+15,ballzy,https://www.facebook.com/ads/archive/render_ad/?id=3805043516426454&access_token=EAATnrmoQyC4BOyPI2UlrqFMQKk5vv6XeANCnonDt4Ho3GPZCm24pBF6XxsSP0Qh3kIdZCuPUtE6BvZBSuq1WwOhhHeZC7dnXLq9u3XRiPfzaTxZBalwm2gvQPVjbAEyHImZBEa9uHUj8yB0OSaDuDsgTaLPYzvCZCd5fnGkOLIjhAkfnRyK2nOmUnAFTlG8Ujgl
Meta Ads Library,Boozt.com,5.51244E+14,ballzy,https://www.facebook.com/ads/archive/render_ad/?id=551243620997963&access_token=EAATnrmoQyC4BOyPI2UlrqFMQKk5vv6XeANCnonDt4Ho3GPZCm24pBF6XxsSP0Qh3kIdZCuPUtE6BvZBSuq1WwOhhHeZC7dnXLq9u3XRiPfzaTxZBalwm2gvQPVjbAEyHImZBEa9uHUj8yB0OSaDuDsgTaLPYzvCZCd5fnGkOLIjhAkfnRyK2nOmUnAFTlG8Ujgl
Meta Ads Library,Boozt.com,8.83094E+14,ballzy,https://www.facebook.com/ads/archive/render_ad/?id=883094490263474&access_token=EAATnrmoQyC4BOyPI2UlrqFMQKk5vv6XeANCnonDt4Ho3GPZCm24pBF6XxsSP0Qh3kIdZCuPUtE6BvZBSuq1WwOhhHeZC7dnXLq9u3XRiPfzaTxZBalwm2gvQPVjbAEyHImZBEa9uHUj8yB0OSaDuDsgTaLPYzvCZCd5fnGkOLIjhAkfnRyK2nOmUnAFTlG8Ujgl
Meta Ads Library,Boozt.com,5.87815E+14,ballzy,https://www.facebook.com/ads/archive/render_ad/?id=587815340379305&access_token=EAATnrmoQyC4BOyPI2UlrqFMQKk5vv6XeANCnonDt4Ho3GPZCm24pBF6XxsSP0Qh3kIdZCuPUtE6BvZBSuq1WwOhhHeZC7dnXLq9u3XRiPfzaTxZBalwm2gvQPVjbAEyHImZBEa9uHUj8yB0OSaDuDsgTaLPYzvCZCd5fnGkOLIjhAkfnRyK2nOmUnAFTlG8Ujgl
Meta Ads Library,Boozt.com,5.15427E+14,ballzy,https://www.facebook.com/ads/archive/render_ad/?id=515427370827357&access_token=EAATnrmoQyC4BOyPI2UlrqFMQKk5vv6XeANCnonDt4Ho3GPZCm24pBF6XxsSP0Qh3kIdZCuPUtE6BvZBSuq1WwOhhHeZC7dnXLq9u3XRiPfzaTxZBalwm2gvQPVjbAEyHImZBEa9uHUj8yB0OSaDuDsgTaLPYzvCZCd5fnGkOLIjhAkfnRyK2nOmUnAFTlG8Ujgl
Meta Ads Library,Boozt.com,1.89383E+15,ballzy,https://www.facebook.com/ads/archive/render_ad/?id=1893830324581826&access_token=EAATnrmoQyC4BQptmsbNRdpMvgWhT9ZCeeMMlHDkxMXfJ2nK6fMZAk2p9lKk0ofSe3VJBPuz92dPfwiAVjmS2ZCoS7xLFsfFcl3R0EZAhf5ct7tPBlrxE7lxNtKKSRD4BlK1MAuYA7zjMuXKiS0o7eOkkQsTbvvT0TMpX7WoMajScg9PKRZBs3m5KGt4Um9A8HstpDdQRr
Meta Ads Library,Boozt.com,1.80834E+15,ballzy,https://www.facebook.com/ads/archive/render_ad/?id=1808338352996103&access_token=EAATnrmoQyC4BOyPI2UlrqFMQKk5vv6XeANCnonDt4Ho3GPZCm24pBF6XxsSP0Qh3kIdZCuPUtE6BvZBSuq1WwOhhHeZC7dnXLq9u3XRiPfzaTxZBalwm2gvQPVjbAEyHImZBEa9uHUj8yB0OSaDuDsgTaLPYzvCZCd5fnGkOLIjhAkfnRyK2nOmUnAFTlG8Ujgl
Meta Ads Library,Boozt.com,7.71526E+15,ballzy,https://www.facebook.com/ads/archive/render_ad/?id=7715263911884425&access_token=EAATnrmoQyC4BOyPI2UlrqFMQKk5vv6XeANCnonDt4Ho3GPZCm24pBF6XxsSP0Qh3kIdZCuPUtE6BvZBSuq1WwOhhHeZC7dnXLq9u3XRiPfzaTxZBalwm2gvQPVjbAEyHImZBEa9uHUj8yB0OSaDuDsgTaLPYzvCZCd5fnGkOLIjhAkfnRyK2nOmUnAFTlG8Ujgl
Meta Ads Library,Boozt.com,2.21066E+15,ballzy,https://www.facebook.com/ads/archive/render_ad/?id=2210658662733929&access_token=EAATnrmoQyC4BPs1GFkdV11JnEwK18Y8SLMH9XxyP1QZA12GZBXpFNXt4CEn7HUJVZAYL5pFEXRSZCIdgVqP5T08KTd8pQGXvNZCam0j0PqoRFCsskhbBt4ZAXMXFOpa0ECGYHZA8NTLdIW8Nry28X4W5VJDVRVvrn9v1R3X8HFx4OAx1POcTnhYscXKCiQv7yFEdGdyRtLU
Meta Ads Library,Boozt.com,1.96799E+15,ballzy,https://www.facebook.com/ads/archive/render_ad/?id=1967993214037424&access_token=EAATnrmoQyC4BQPVFaEdvyWfH85nc9J1azy5Q3EZCsaaFpLOAG9mEhR1mfp8tmZAxRmBf2IRN553VRRdSaWWJUedu3OFNvLi6Jf9yHmQkSryfa7HC1lnTHUoDGLJFXNS38IeFpk3ZBBnLtpERHKOgzlznywHZAnzlGFoqmGcIcZBTiOgc4ybEkN3braKPoQgJuFpHi7zrs
Meta Ads Library,Boozt.com,7.09884E+14,ballzy,https://www.facebook.com/ads/archive/render_ad/?id=709883582081029&access_token=EAATnrmoQyC4BQPVFaEdvyWfH85nc9J1azy5Q3EZCsaaFpLOAG9mEhR1mfp8tmZAxRmBf2IRN553VRRdSaWWJUedu3OFNvLi6Jf9yHmQkSryfa7HC1lnTHUoDGLJFXNS38IeFpk3ZBBnLtpERHKOgzlznywHZAnzlGFoqmGcIcZBTiOgc4ybEkN3braKPoQgJuFpHi7zrs
Meta Ads Library,Boozt.com,1.10335E+15,ballzy,https://www.facebook.com/ads/archive/render_ad/?id=1103352997911882&access_token=EAATnrmoQyC4BO5erfu0T8wppuuMsqCZCnReXzEYpZAE2SuHMabkeRUXfkbCAdlN6QqZADLZAC3kW4zSBZAUYvrEe5WEyxqd6tPkCitApLgaiLpJyZAFbsttB4ePIsz7s9dCXObDRZBE4zZCfVDCOaDzwBajqvt8tZCLyglNfHAVFymweyRxgxwtmq6IHSiwo9Nmvr3dPAXdXF
Meta Ads Library,Boozt.com,1.32948E+15,ballzy,https://www.facebook.com/ads/archive/render_ad/?id=1329484388208737&access_token=EAATnrmoQyC4BO5erfu0T8wppuuMsqCZCnReXzEYpZAE2SuHMabkeRUXfkbCAdlN6QqZADLZAC3kW4zSBZAUYvrEe5WEyxqd6tPkCitApLgaiLpJyZAFbsttB4ePIsz7s9dCXObDRZBE4zZCfVDCOaDzwBajqvt8tZCLyglNfHAVFymweyRxgxwtmq6IHSiwo9Nmvr3dPAXdXF
Meta Ads Library,Boozt.com,8.41894E+14,ballzy,https://www.facebook.com/ads/archive/render_ad/?id=841893631490222&access_token=EAATnrmoQyC4BOyPI2UlrqFMQKk5vv6XeANCnonDt4Ho3GPZCm24pBF6XxsSP0Qh3kIdZCuPUtE6BvZBSuq1WwOhhHeZC7dnXLq9u3XRiPfzaTxZBalwm2gvQPVjbAEyHImZBEa9uHUj8yB0OSaDuDsgTaLPYzvCZCd5fnGkOLIjhAkfnRyK2nOmUnAFTlG8Ujgl
Meta Ads Library,Boozt.com,9.84401E+14,ballzy,https://www.facebook.com/ads/archive/render_ad/?id=984400940204144&access_token=EAATnrmoQyC4BQPVFaEdvyWfH85nc9J1azy5Q3EZCsaaFpLOAG9mEhR1mfp8tmZAxRmBf2IRN553VRRdSaWWJUedu3OFNvLi6Jf9yHmQkSryfa7HC1lnTHUoDGLJFXNS38IeFpk3ZBBnLtpERHKOgzlznywHZAnzlGFoqmGcIcZBTiOgc4ybEkN3braKPoQgJuFpHi7zrs
Meta Ads Library,Boozt.com,9.68857E+14,ballzy,https://www.facebook.com/ads/archive/render_ad/?id=968856781872899&access_token=EAATnrmoQyC4BQPVFaEdvyWfH85nc9J1azy5Q3EZCsaaFpLOAG9mEhR1mfp8tmZAxRmBf2IRN553VRRdSaWWJUedu3OFNvLi6Jf9yHmQkSryfa7HC1lnTHUoDGLJFXNS38IeFpk3ZBBnLtpERHKOgzlznywHZAnzlGFoqmGcIcZBTiOgc4ybEkN3braKPoQgJuFpHi7zrs
Meta Ads Library,Boozt.com,1.32685E+15,ballzy,https://www.facebook.com/ads/archive/render_ad/?id=1326848165112699&access_token=EAATnrmoQyC4BQPVFaEdvyWfH85nc9J1azy5Q3EZCsaaFpLOAG9mEhR1mfp8tmZAxRmBf2IRN553VRRdSaWWJUedu3OFNvLi6Jf9yHmQkSryfa7HC1lnTHUoDGLJFXNS38IeFpk3ZBBnLtpERHKOgzlznywHZAnzlGFoqmGcIcZBTiOgc4ybEkN3braKPoQgJuFpHi7zrs
Meta Ads Library,Boozt.com,1.15454E+15,ballzy,https://www.facebook.com/ads/archive/render_ad/?id=1154540666248143&access_token=EAATnrmoQyC4BQptmsbNRdpMvgWhT9ZCeeMMlHDkxMXfJ2nK6fMZAk2p9lKk0ofSe3VJBPuz92dPfwiAVjmS2ZCoS7xLFsfFcl3R0EZAhf5ct7tPBlrxE7lxNtKKSRD4BlK1MAuYA7zjMuXKiS0o7eOkkQsTbvvT0TMpX7WoMajScg9PKRZBs3m5KGt4Um9A8HstpDdQRr
Meta Ads Library,Boozt.com,1.50467E+15,ballzy,https://www.facebook.com/ads/archive/render_ad/?id=1504670790868147&access_token=EAATnrmoQyC4BQptmsbNRdpMvgWhT9ZCeeMMlHDkxMXfJ2nK6fMZAk2p9lKk0ofSe3VJBPuz92dPfwiAVjmS2ZCoS7xLFsfFcl3R0EZAhf5ct7tPBlrxE7lxNtKKSRD4BlK1MAuYA7zjMuXKiS0o7eOkkQsTbvvT0TMpX7WoMajScg9PKRZBs3m5KGt4Um9A8HstpDdQRr
Meta Ads Library,Boozt.com,1.65367E+15,ballzy,https://www.facebook.com/ads/archive/render_ad/?id=1653671738925297&access_token=EAATnrmoQyC4BQptmsbNRdpMvgWhT9ZCeeMMlHDkxMXfJ2nK6fMZAk2p9lKk0ofSe3VJBPuz92dPfwiAVjmS2ZCoS7xLFsfFcl3R0EZAhf5ct7tPBlrxE7lxNtKKSRD4BlK1MAuYA7zjMuXKiS0o7eOkkQsTbvvT0TMpX7WoMajScg9PKRZBs3m5KGt4Um9A8HstpDdQRr
Meta Ads Library,Boozt.com,2.59066E+15,ballzy,https://www.facebook.com/ads/archive/render_ad/?id=2590659861298770&access_token=EAATnrmoQyC4BQptmsbNRdpMvgWhT9ZCeeMMlHDkxMXfJ2nK6fMZAk2p9lKk0ofSe3VJBPuz92dPfwiAVjmS2ZCoS7xLFsfFcl3R0EZAhf5ct7tPBlrxE7lxNtKKSRD4BlK1MAuYA7zjMuXKiS0o7eOkkQsTbvvT0TMpX7WoMajScg9PKRZBs3m5KGt4Um9A8HstpDdQRr
Meta Ads Library,Boozt.com,1.21056E+15,ballzy,https://www.facebook.com/ads/archive/render_ad/?id=1210557850315049&access_token=EAATnrmoQyC4BOyPI2UlrqFMQKk5vv6XeANCnonDt4Ho3GPZCm24pBF6XxsSP0Qh3kIdZCuPUtE6BvZBSuq1WwOhhHeZC7dnXLq9u3XRiPfzaTxZBalwm2gvQPVjbAEyHImZBEa9uHUj8yB0OSaDuDsgTaLPYzvCZCd5fnGkOLIjhAkfnRyK2nOmUnAFTlG8Ujgl
Meta Ads Library,Boozt.com,3.96162E+15,ballzy,https://www.facebook.com/ads/archive/render_ad/?id=3961619300834793&access_token=EAATnrmoQyC4BQPVFaEdvyWfH85nc9J1azy5Q3EZCsaaFpLOAG9mEhR1mfp8tmZAxRmBf2IRN553VRRdSaWWJUedu3OFNvLi6Jf9yHmQkSryfa7HC1lnTHUoDGLJFXNS38IeFpk3ZBBnLtpERHKOgzlznywHZAnzlGFoqmGcIcZBTiOgc4ybEkN3braKPoQgJuFpHi7zrs
Meta Ads Library,Boozt.com,1.72887E+15,ballzy,https://www.facebook.com/ads/archive/render_ad/?id=1728869321296283&access_token=EAATnrmoQyC4BQptmsbNRdpMvgWhT9ZCeeMMlHDkxMXfJ2nK6fMZAk2p9lKk0ofSe3VJBPuz92dPfwiAVjmS2ZCoS7xLFsfFcl3R0EZAhf5ct7tPBlrxE7lxNtKKSRD4BlK1MAuYA7zjMuXKiS0o7eOkkQsTbvvT0TMpX7WoMajScg9PKRZBs3m5KGt4Um9A8HstpDdQRr
Meta Ads Library,Boozt.com,3.87422E+15,ballzy,https://www.facebook.com/ads/archive/render_ad/?id=3874217162857392&access_token=EAATnrmoQyC4BOyPI2UlrqFMQKk5vv6XeANCnonDt4Ho3GPZCm24pBF6XxsSP0Qh3kIdZCuPUtE6BvZBSuq1WwOhhHeZC7dnXLq9u3XRiPfzaTxZBalwm2gvQPVjbAEyHImZBEa9uHUj8yB0OSaDuDsgTaLPYzvCZCd5fnGkOLIjhAkfnRyK2nOmUnAFTlG8Ujgl
Meta Ads Library,Boozt.com,1.06009E+15,ballzy,https://www.facebook.com/ads/archive/render_ad/?id=1060088392296711&access_token=EAATnrmoQyC4BOyPI2UlrqFMQKk5vv6XeANCnonDt4Ho3GPZCm24pBF6XxsSP0Qh3kIdZCuPUtE6BvZBSuq1WwOhhHeZC7dnXLq9u3XRiPfzaTxZBalwm2gvQPVjbAEyHImZBEa9uHUj8yB0OSaDuDsgTaLPYzvCZCd5fnGkOLIjhAkfnRyK2nOmUnAFTlG8Ujgl
Meta Ads Library,Boozt.com,1.17522E+15,ballzy,https://www.facebook.com/ads/archive/render_ad/?id=1175221970341821&access_token=EAATnrmoQyC4BOyPI2UlrqFMQKk5vv6XeANCnonDt4Ho3GPZCm24pBF6XxsSP0Qh3kIdZCuPUtE6BvZBSuq1WwOhhHeZC7dnXLq9u3XRiPfzaTxZBalwm2gvQPVjbAEyHImZBEa9uHUj8yB0OSaDuDsgTaLPYzvCZCd5fnGkOLIjhAkfnRyK2nOmUnAFTlG8Ujgl
Meta Ads Library,Boozt.com,2.20784E+15,ballzy,https://www.facebook.com/ads/archive/render_ad/?id=2207840302912101&access_token=EAATnrmoQyC4BOyPI2UlrqFMQKk5vv6XeANCnonDt4Ho3GPZCm24pBF6XxsSP0Qh3kIdZCuPUtE6BvZBSuq1WwOhhHeZC7dnXLq9u3XRiPfzaTxZBalwm2gvQPVjbAEyHImZBEa9uHUj8yB0OSaDuDsgTaLPYzvCZCd5fnGkOLIjhAkfnRyK2nOmUnAFTlG8Ujgl
Meta Ads Library,Boozt.com,1.49609E+15,ballzy,https://www.facebook.com/ads/archive/render_ad/?id=1496085414695586&access_token=EAATnrmoQyC4BPMzpZA4IBb0SXjMybbBaZAh3iKJFNiqBkucCvHUYyM1BiCwvozXjYnUzV70MsLrmdHeuwc7AP6M1pTNVggvg26dRGuCPcLwocJVlHYvqWtVlXMEZCyJQ9Y3zwKqouOI04uO8fnKsUpYu8grmDccMwtbUzDYP5HhFqB3wYpyodE7lX5JU3qEUguRSkXO
Meta Ads Library,Boozt.com,1.90871E+15,ballzy,https://www.facebook.com/ads/archive/render_ad/?id=1908712539891585&access_token=EAATnrmoQyC4BQPVFaEdvyWfH85nc9J1azy5Q3EZCsaaFpLOAG9mEhR1mfp8tmZAxRmBf2IRN553VRRdSaWWJUedu3OFNvLi6Jf9yHmQkSryfa7HC1lnTHUoDGLJFXNS38IeFpk3ZBBnLtpERHKOgzlznywHZAnzlGFoqmGcIcZBTiOgc4ybEkN3braKPoQgJuFpHi7zrs
Meta Ads Library,Boozt.com,1.41558E+15,ballzy,https://www.facebook.com/ads/archive/render_ad/?id=1415578093051171&access_token=EAATnrmoQyC4BPs1GFkdV11JnEwK18Y8SLMH9XxyP1QZA12GZBXpFNXt4CEn7HUJVZAYL5pFEXRSZCIdgVqP5T08KTd8pQGXvNZCam0j0PqoRFCsskhbBt4ZAXMXFOpa0ECGYHZA8NTLdIW8Nry28X4W5VJDVRVvrn9v1R3X8HFx4OAx1POcTnhYscXKCiQv7yFEdGdyRtLU
Meta Ads Library,Boozt.com,1.24944E+15,ballzy,https://www.facebook.com/ads/archive/render_ad/?id=1249438443021233&access_token=EAATnrmoQyC4BQPVFaEdvyWfH85nc9J1azy5Q3EZCsaaFpLOAG9mEhR1mfp8tmZAxRmBf2IRN553VRRdSaWWJUedu3OFNvLi6Jf9yHmQkSryfa7HC1lnTHUoDGLJFXNS38IeFpk3ZBBnLtpERHKOgzlznywHZAnzlGFoqmGcIcZBTiOgc4ybEkN3braKPoQgJuFpHi7zrs
Meta Ads Library,Boozt.com,7.22142E+15,ballzy,https://www.facebook.com/ads/archive/render_ad/?id=7221418681313266&access_token=EAATnrmoQyC4BOyPI2UlrqFMQKk5vv6XeANCnonDt4Ho3GPZCm24pBF6XxsSP0Qh3kIdZCuPUtE6BvZBSuq1WwOhhHeZC7dnXLq9u3XRiPfzaTxZBalwm2gvQPVjbAEyHImZBEa9uHUj8yB0OSaDuDsgTaLPYzvCZCd5fnGkOLIjhAkfnRyK2nOmUnAFTlG8Ujgl
Meta Ads Library,Boozt.com,1.5062E+15,ballzy,https://www.facebook.com/ads/archive/render_ad/?id=1506196823690645&access_token=EAATnrmoQyC4BQPVFaEdvyWfH85nc9J1azy5Q3EZCsaaFpLOAG9mEhR1mfp8tmZAxRmBf2IRN553VRRdSaWWJUedu3OFNvLi6Jf9yHmQkSryfa7HC1lnTHUoDGLJFXNS38IeFpk3ZBBnLtpERHKOgzlznywHZAnzlGFoqmGcIcZBTiOgc4ybEkN3braKPoQgJuFpHi7zrs
Meta Ads Library,Boozt.com,1.24394E+15,ballzy,https://www.facebook.com/ads/archive/render_ad/?id=1243936709977293&access_token=EAATnrmoQyC4BOyPI2UlrqFMQKk5vv6XeANCnonDt4Ho3GPZCm24pBF6XxsSP0Qh3kIdZCuPUtE6BvZBSuq1WwOhhHeZC7dnXLq9u3XRiPfzaTxZBalwm2gvQPVjbAEyHImZBEa9uHUj8yB0OSaDuDsgTaLPYzvCZCd5fnGkOLIjhAkfnRyK2nOmUnAFTlG8Ujgl
Meta Ads Library,Boozt.com,1.30539E+15,ballzy,https://www.facebook.com/ads/archive/render_ad/?id=1305394721603379&access_token=EAATnrmoQyC4BQptmsbNRdpMvgWhT9ZCeeMMlHDkxMXfJ2nK6fMZAk2p9lKk0ofSe3VJBPuz92dPfwiAVjmS2ZCoS7xLFsfFcl3R0EZAhf5ct7tPBlrxE7lxNtKKSRD4BlK1MAuYA7zjMuXKiS0o7eOkkQsTbvvT0TMpX7WoMajScg9PKRZBs3m5KGt4Um9A8HstpDdQRr
Meta Ads Library,Boozt.com,1.00171E+16,ballzy,https://www.facebook.com/ads/archive/render_ad/?id=10017095911671756&access_token=EAATnrmoQyC4BQPVFaEdvyWfH85nc9J1azy5Q3EZCsaaFpLOAG9mEhR1mfp8tmZAxRmBf2IRN553VRRdSaWWJUedu3OFNvLi6Jf9yHmQkSryfa7HC1lnTHUoDGLJFXNS38IeFpk3ZBBnLtpERHKOgzlznywHZAnzlGFoqmGcIcZBTiOgc4ybEkN3braKPoQgJuFpHi7zrs
Meta Ads Library,Coop Eesti,9.04438E+14,prisma,https://www.facebook.com/ads/archive/render_ad/?id=904437801944671&access_token=EAATnrmoQyC4BQptmsbNRdpMvgWhT9ZCeeMMlHDkxMXfJ2nK6fMZAk2p9lKk0ofSe3VJBPuz92dPfwiAVjmS2ZCoS7xLFsfFcl3R0EZAhf5ct7tPBlrxE7lxNtKKSRD4BlK1MAuYA7zjMuXKiS0o7eOkkQsTbvvT0TMpX7WoMajScg9PKRZBs3m5KGt4Um9A8HstpDdQRr
Meta Ads Library,Coop Eesti,4.26024E+14,prisma,https://www.facebook.com/ads/archive/render_ad/?id=426024140285021&access_token=EAATnrmoQyC4BOyPI2UlrqFMQKk5vv6XeANCnonDt4Ho3GPZCm24pBF6XxsSP0Qh3kIdZCuPUtE6BvZBSuq1WwOhhHeZC7dnXLq9u3XRiPfzaTxZBalwm2gvQPVjbAEyHImZBEa9uHUj8yB0OSaDuDsgTaLPYzvCZCd5fnGkOLIjhAkfnRyK2nOmUnAFTlG8Ujgl
Meta Ads Library,Coop Eesti,1.3707E+15,prisma,https://www.facebook.com/ads/archive/render_ad/?id=1370703098169998&access_token=EAATnrmoQyC4BQptmsbNRdpMvgWhT9ZCeeMMlHDkxMXfJ2nK6fMZAk2p9lKk0ofSe3VJBPuz92dPfwiAVjmS2ZCoS7xLFsfFcl3R0EZAhf5ct7tPBlrxE7lxNtKKSRD4BlK1MAuYA7zjMuXKiS0o7eOkkQsTbvvT0TMpX7WoMajScg9PKRZBs3m5KGt4Um9A8HstpDdQRr
Meta Ads Library,Coop Eesti,1.36327E+15,prisma,https://www.facebook.com/ads/archive/render_ad/?id=1363272451645921&access_token=EAATnrmoQyC4BQPVFaEdvyWfH85nc9J1azy5Q3EZCsaaFpLOAG9mEhR1mfp8tmZAxRmBf2IRN553VRRdSaWWJUedu3OFNvLi6Jf9yHmQkSryfa7HC1lnTHUoDGLJFXNS38IeFpk3ZBBnLtpERHKOgzlznywHZAnzlGFoqmGcIcZBTiOgc4ybEkN3braKPoQgJuFpHi7zrs
Meta Ads Library,Coop Eesti,1.97131E+15,prisma,https://www.facebook.com/ads/archive/render_ad/?id=1971310723348217&access_token=EAATnrmoQyC4BOyPI2UlrqFMQKk5vv6XeANCnonDt4Ho3GPZCm24pBF6XxsSP0Qh3kIdZCuPUtE6BvZBSuq1WwOhhHeZC7dnXLq9u3XRiPfzaTxZBalwm2gvQPVjbAEyHImZBEa9uHUj8yB0OSaDuDsgTaLPYzvCZCd5fnGkOLIjhAkfnRyK2nOmUnAFTlG8Ujgl
Meta Ads Library,Coop Eesti,1.4275E+15,prisma,https://www.facebook.com/ads/archive/render_ad/?id=1427500085497811&access_token=EAATnrmoQyC4BQptmsbNRdpMvgWhT9ZCeeMMlHDkxMXfJ2nK6fMZAk2p9lKk0ofSe3VJBPuz92dPfwiAVjmS2ZCoS7xLFsfFcl3R0EZAhf5ct7tPBlrxE7lxNtKKSRD4BlK1MAuYA7zjMuXKiS0o7eOkkQsTbvvT0TMpX7WoMajScg9PKRZBs3m5KGt4Um9A8HstpDdQRr
Meta Ads Library,Coop Eesti,1.42021E+15,prisma,https://www.facebook.com/ads/archive/render_ad/?id=1420205273038558&access_token=EAATnrmoQyC4BQptmsbNRdpMvgWhT9ZCeeMMlHDkxMXfJ2nK6fMZAk2p9lKk0ofSe3VJBPuz92dPfwiAVjmS2ZCoS7xLFsfFcl3R0EZAhf5ct7tPBlrxE7lxNtKKSRD4BlK1MAuYA7zjMuXKiS0o7eOkkQsTbvvT0TMpX7WoMajScg9PKRZBs3m5KGt4Um9A8HstpDdQRr
Meta Ads Library,Coop Eesti,1.1998E+15,prisma,https://www.facebook.com/ads/archive/render_ad/?id=1199796848338275&access_token=EAATnrmoQyC4BQptmsbNRdpMvgWhT9ZCeeMMlHDkxMXfJ2nK6fMZAk2p9lKk0ofSe3VJBPuz92dPfwiAVjmS2ZCoS7xLFsfFcl3R0EZAhf5ct7tPBlrxE7lxNtKKSRD4BlK1MAuYA7zjMuXKiS0o7eOkkQsTbvvT0TMpX7WoMajScg9PKRZBs3m5KGt4Um9A8HstpDdQRr
Meta Ads Library,Coop Eesti,4.67867E+14,prisma,https://www.facebook.com/ads/archive/render_ad/?id=467867359083904&access_token=EAATnrmoQyC4BOyPI2UlrqFMQKk5vv6XeANCnonDt4Ho3GPZCm24pBF6XxsSP0Qh3kIdZCuPUtE6BvZBSuq1WwOhhHeZC7dnXLq9u3XRiPfzaTxZBalwm2gvQPVjbAEyHImZBEa9uHUj8yB0OSaDuDsgTaLPYzvCZCd5fnGkOLIjhAkfnRyK2nOmUnAFTlG8Ujgl
Meta Ads Library,Coop Eesti,1.91518E+15,prisma,https://www.facebook.com/ads/archive/render_ad/?id=1915181139111980&access_token=EAATnrmoQyC4BQptmsbNRdpMvgWhT9ZCeeMMlHDkxMXfJ2nK6fMZAk2p9lKk0ofSe3VJBPuz92dPfwiAVjmS2ZCoS7xLFsfFcl3R0EZAhf5ct7tPBlrxE7lxNtKKSRD4BlK1MAuYA7zjMuXKiS0o7eOkkQsTbvvT0TMpX7WoMajScg9PKRZBs3m5KGt4Um9A8HstpDdQRr
Meta Ads Library,Coop Eesti,7.339E+14,prisma,https://www.facebook.com/ads/archive/render_ad/?id=733899552647961&access_token=EAATnrmoQyC4BQPVFaEdvyWfH85nc9J1azy5Q3EZCsaaFpLOAG9mEhR1mfp8tmZAxRmBf2IRN553VRRdSaWWJUedu3OFNvLi6Jf9yHmQkSryfa7HC1lnTHUoDGLJFXNS38IeFpk3ZBBnLtpERHKOgzlznywHZAnzlGFoqmGcIcZBTiOgc4ybEkN3braKPoQgJuFpHi7zrs
Meta Ads Library,Coop Eesti,8.76008E+14,prisma,https://www.facebook.com/ads/archive/render_ad/?id=876007771568476&access_token=EAATnrmoQyC4BQptmsbNRdpMvgWhT9ZCeeMMlHDkxMXfJ2nK6fMZAk2p9lKk0ofSe3VJBPuz92dPfwiAVjmS2ZCoS7xLFsfFcl3R0EZAhf5ct7tPBlrxE7lxNtKKSRD4BlK1MAuYA7zjMuXKiS0o7eOkkQsTbvvT0TMpX7WoMajScg9PKRZBs3m5KGt4Um9A8HstpDdQRr
Meta Ads Library,Coop Eesti,4.20854E+14,prisma,https://www.facebook.com/ads/archive/render_ad/?id=420853924383204&access_token=EAATnrmoQyC4BQPVFaEdvyWfH85nc9J1azy5Q3EZCsaaFpLOAG9mEhR1mfp8tmZAxRmBf2IRN553VRRdSaWWJUedu3OFNvLi6Jf9yHmQkSryfa7HC1lnTHUoDGLJFXNS38IeFpk3ZBBnLtpERHKOgzlznywHZAnzlGFoqmGcIcZBTiOgc4ybEkN3braKPoQgJuFpHi7zrs
Meta Ads Library,Coop Eesti,4.46919E+14,prisma,https://www.facebook.com/ads/archive/render_ad/?id=446919287919366&access_token=EAATnrmoQyC4BOyPI2UlrqFMQKk5vv6XeANCnonDt4Ho3GPZCm24pBF6XxsSP0Qh3kIdZCuPUtE6BvZBSuq1WwOhhHeZC7dnXLq9u3XRiPfzaTxZBalwm2gvQPVjbAEyHImZBEa9uHUj8yB0OSaDuDsgTaLPYzvCZCd5fnGkOLIjhAkfnRyK2nOmUnAFTlG8Ujgl
Meta Ads Library,Coop Eesti,1.36833E+15,prisma,https://www.facebook.com/ads/archive/render_ad/?id=1368325180796993&access_token=EAATnrmoQyC4BO5erfu0T8wppuuMsqCZCnReXzEYpZAE2SuHMabkeRUXfkbCAdlN6QqZADLZAC3kW4zSBZAUYvrEe5WEyxqd6tPkCitApLgaiLpJyZAFbsttB4ePIsz7s9dCXObDRZBE4zZCfVDCOaDzwBajqvt8tZCLyglNfHAVFymweyRxgxwtmq6IHSiwo9Nmvr3dPAXdXF
Meta Ads Library,Coop Eesti,1.52717E+15,prisma,https://www.facebook.com/ads/archive/render_ad/?id=1527172365129787&access_token=EAATnrmoQyC4BQPVFaEdvyWfH85nc9J1azy5Q3EZCsaaFpLOAG9mEhR1mfp8tmZAxRmBf2IRN553VRRdSaWWJUedu3OFNvLi6Jf9yHmQkSryfa7HC1lnTHUoDGLJFXNS38IeFpk3ZBBnLtpERHKOgzlznywHZAnzlGFoqmGcIcZBTiOgc4ybEkN3braKPoQgJuFpHi7zrs
Meta Ads Library,Coop Eesti,1.3671E+15,prisma,https://www.facebook.com/ads/archive/render_ad/?id=1367104474473916&access_token=EAATnrmoQyC4BQPVFaEdvyWfH85nc9J1azy5Q3EZCsaaFpLOAG9mEhR1mfp8tmZAxRmBf2IRN553VRRdSaWWJUedu3OFNvLi6Jf9yHmQkSryfa7HC1lnTHUoDGLJFXNS38IeFpk3ZBBnLtpERHKOgzlznywHZAnzlGFoqmGcIcZBTiOgc4ybEkN3braKPoQgJuFpHi7zrs
Meta Ads Library,Coop Eesti,2.18237E+15,prisma,https://www.facebook.com/ads/archive/render_ad/?id=2182371272285526&access_token=EAATnrmoQyC4BQPVFaEdvyWfH85nc9J1azy5Q3EZCsaaFpLOAG9mEhR1mfp8tmZAxRmBf2IRN553VRRdSaWWJUedu3OFNvLi6Jf9yHmQkSryfa7HC1lnTHUoDGLJFXNS38IeFpk3ZBBnLtpERHKOgzlznywHZAnzlGFoqmGcIcZBTiOgc4ybEkN3braKPoQgJuFpHi7zrs
Meta Ads Library,Coop Eesti,8.46762E+14,prisma,https://www.facebook.com/ads/archive/render_ad/?id=846761991220738&access_token=EAATnrmoQyC4BQptmsbNRdpMvgWhT9ZCeeMMlHDkxMXfJ2nK6fMZAk2p9lKk0ofSe3VJBPuz92dPfwiAVjmS2ZCoS7xLFsfFcl3R0EZAhf5ct7tPBlrxE7lxNtKKSRD4BlK1MAuYA7zjMuXKiS0o7eOkkQsTbvvT0TMpX7WoMajScg9PKRZBs3m5KGt4Um9A8HstpDdQRr
Meta Ads Library,Coop Eesti,1.24464E+15,prisma,https://www.facebook.com/ads/archive/render_ad/?id=1244644166697760&access_token=EAATnrmoQyC4BOyPI2UlrqFMQKk5vv6XeANCnonDt4Ho3GPZCm24pBF6XxsSP0Qh3kIdZCuPUtE6BvZBSuq1WwOhhHeZC7dnXLq9u3XRiPfzaTxZBalwm2gvQPVjbAEyHImZBEa9uHUj8yB0OSaDuDsgTaLPYzvCZCd5fnGkOLIjhAkfnRyK2nOmUnAFTlG8Ujgl
Meta Ads Library,Coop Eesti,1.29203E+15,prisma,https://www.facebook.com/ads/archive/render_ad/?id=1292032405214459&access_token=EAATnrmoQyC4BQptmsbNRdpMvgWhT9ZCeeMMlHDkxMXfJ2nK6fMZAk2p9lKk0ofSe3VJBPuz92dPfwiAVjmS2ZCoS7xLFsfFcl3R0EZAhf5ct7tPBlrxE7lxNtKKSRD4BlK1MAuYA7zjMuXKiS0o7eOkkQsTbvvT0TMpX7WoMajScg9PKRZBs3m5KGt4Um9A8HstpDdQRr
Meta Ads Library,Coop Eesti,1.36719E+15,prisma,https://www.facebook.com/ads/archive/render_ad/?id=1367190057606951&access_token=EAATnrmoQyC4BQPVFaEdvyWfH85nc9J1azy5Q3EZCsaaFpLOAG9mEhR1mfp8tmZAxRmBf2IRN553VRRdSaWWJUedu3OFNvLi6Jf9yHmQkSryfa7HC1lnTHUoDGLJFXNS38IeFpk3ZBBnLtpERHKOgzlznywHZAnzlGFoqmGcIcZBTiOgc4ybEkN3braKPoQgJuFpHi7zrs
Meta Ads Library,Coop Eesti,4.10644E+14,prisma,https://www.facebook.com/ads/archive/render_ad/?id=410644125010111&access_token=EAATnrmoQyC4BOyPI2UlrqFMQKk5vv6XeANCnonDt4Ho3GPZCm24pBF6XxsSP0Qh3kIdZCuPUtE6BvZBSuq1WwOhhHeZC7dnXLq9u3XRiPfzaTxZBalwm2gvQPVjbAEyHImZBEa9uHUj8yB0OSaDuDsgTaLPYzvCZCd5fnGkOLIjhAkfnRyK2nOmUnAFTlG8Ujgl
Meta Ads Library,Coop Eesti,1.81363E+15,prisma,https://www.facebook.com/ads/archive/render_ad/?id=1813630190033649&access_token=EAATnrmoQyC4BQPVFaEdvyWfH85nc9J1azy5Q3EZCsaaFpLOAG9mEhR1mfp8tmZAxRmBf2IRN553VRRdSaWWJUedu3OFNvLi6Jf9yHmQkSryfa7HC1lnTHUoDGLJFXNS38IeFpk3ZBBnLtpERHKOgzlznywHZAnzlGFoqmGcIcZBTiOgc4ybEkN3braKPoQgJuFpHi7zrs
Meta Ads Library,Coop Eesti,7.97711E+14,prisma,https://www.facebook.com/ads/archive/render_ad/?id=797710519089896&access_token=EAATnrmoQyC4BOyPI2UlrqFMQKk5vv6XeANCnonDt4Ho3GPZCm24pBF6XxsSP0Qh3kIdZCuPUtE6BvZBSuq1WwOhhHeZC7dnXLq9u3XRiPfzaTxZBalwm2gvQPVjbAEyHImZBEa9uHUj8yB0OSaDuDsgTaLPYzvCZCd5fnGkOLIjhAkfnRyK2nOmUnAFTlG8Ujgl
Meta Ads Library,Coop Eesti,1.2396E+15,prisma,https://www.facebook.com/ads/archive/render_ad/?id=1239604034401996&access_token=EAATnrmoQyC4BQPVFaEdvyWfH85nc9J1azy5Q3EZCsaaFpLOAG9mEhR1mfp8tmZAxRmBf2IRN553VRRdSaWWJUedu3OFNvLi6Jf9yHmQkSryfa7HC1lnTHUoDGLJFXNS38IeFpk3ZBBnLtpERHKOgzlznywHZAnzlGFoqmGcIcZBTiOgc4ybEkN3braKPoQgJuFpHi7zrs
Meta Ads Library,Coop Eesti,5.6368E+14,prisma,https://www.facebook.com/ads/archive/render_ad/?id=563680333136317&access_token=EAATnrmoQyC4BQPVFaEdvyWfH85nc9J1azy5Q3EZCsaaFpLOAG9mEhR1mfp8tmZAxRmBf2IRN553VRRdSaWWJUedu3OFNvLi6Jf9yHmQkSryfa7HC1lnTHUoDGLJFXNS38IeFpk3ZBBnLtpERHKOgzlznywHZAnzlGFoqmGcIcZBTiOgc4ybEkN3braKPoQgJuFpHi7zrs
Meta Ads Library,Elisa Eesti,6.16455E+14,tele2,https://www.facebook.com/ads/archive/render_ad/?id=616454564104652&access_token=EAATnrmoQyC4BO5erfu0T8wppuuMsqCZCnReXzEYpZAE2SuHMabkeRUXfkbCAdlN6QqZADLZAC3kW4zSBZAUYvrEe5WEyxqd6tPkCitApLgaiLpJyZAFbsttB4ePIsz7s9dCXObDRZBE4zZCfVDCOaDzwBajqvt8tZCLyglNfHAVFymweyRxgxwtmq6IHSiwo9Nmvr3dPAXdXF
Meta Ads Library,Elisa Eesti,1.15345E+15,tele2,https://www.facebook.com/ads/archive/render_ad/?id=1153447189312232&access_token=EAATnrmoQyC4BPMzpZA4IBb0SXjMybbBaZAh3iKJFNiqBkucCvHUYyM1BiCwvozXjYnUzV70MsLrmdHeuwc7AP6M1pTNVggvg26dRGuCPcLwocJVlHYvqWtVlXMEZCyJQ9Y3zwKqouOI04uO8fnKsUpYu8grmDccMwtbUzDYP5HhFqB3wYpyodE7lX5JU3qEUguRSkXO
Meta Ads Library,Elisa Eesti,1.01288E+15,tele2,https://www.facebook.com/ads/archive/render_ad/?id=1012880570310333&access_token=EAATnrmoQyC4BO5erfu0T8wppuuMsqCZCnReXzEYpZAE2SuHMabkeRUXfkbCAdlN6QqZADLZAC3kW4zSBZAUYvrEe5WEyxqd6tPkCitApLgaiLpJyZAFbsttB4ePIsz7s9dCXObDRZBE4zZCfVDCOaDzwBajqvt8tZCLyglNfHAVFymweyRxgxwtmq6IHSiwo9Nmvr3dPAXdXF
Meta Ads Library,Elisa Eesti,1.47086E+15,tele2,https://www.facebook.com/ads/archive/render_ad/?id=1470858723625582&access_token=EAATnrmoQyC4BO5erfu0T8wppuuMsqCZCnReXzEYpZAE2SuHMabkeRUXfkbCAdlN6QqZADLZAC3kW4zSBZAUYvrEe5WEyxqd6tPkCitApLgaiLpJyZAFbsttB4ePIsz7s9dCXObDRZBE4zZCfVDCOaDzwBajqvt8tZCLyglNfHAVFymweyRxgxwtmq6IHSiwo9Nmvr3dPAXdXF
Meta Ads Library,Elisa Eesti,3.8235E+14,tele2,https://www.facebook.com/ads/archive/render_ad/?id=382349544950158&access_token=EAATnrmoQyC4BO5erfu0T8wppuuMsqCZCnReXzEYpZAE2SuHMabkeRUXfkbCAdlN6QqZADLZAC3kW4zSBZAUYvrEe5WEyxqd6tPkCitApLgaiLpJyZAFbsttB4ePIsz7s9dCXObDRZBE4zZCfVDCOaDzwBajqvt8tZCLyglNfHAVFymweyRxgxwtmq6IHSiwo9Nmvr3dPAXdXF
Meta Ads Library,Elisa Eesti,1.4603E+15,tele2,https://www.facebook.com/ads/archive/render_ad/?id=1460295017983867&access_token=EAATnrmoQyC4BO5erfu0T8wppuuMsqCZCnReXzEYpZAE2SuHMabkeRUXfkbCAdlN6QqZADLZAC3kW4zSBZAUYvrEe5WEyxqd6tPkCitApLgaiLpJyZAFbsttB4ePIsz7s9dCXObDRZBE4zZCfVDCOaDzwBajqvt8tZCLyglNfHAVFymweyRxgxwtmq6IHSiwo9Nmvr3dPAXdXF
Meta Ads Library,Elisa Eesti,8.79496E+14,tele2,https://www.facebook.com/ads/archive/render_ad/?id=879496034338803&access_token=EAATnrmoQyC4BO5erfu0T8wppuuMsqCZCnReXzEYpZAE2SuHMabkeRUXfkbCAdlN6QqZADLZAC3kW4zSBZAUYvrEe5WEyxqd6tPkCitApLgaiLpJyZAFbsttB4ePIsz7s9dCXObDRZBE4zZCfVDCOaDzwBajqvt8tZCLyglNfHAVFymweyRxgxwtmq6IHSiwo9Nmvr3dPAXdXF
Meta Ads Library,Elisa Eesti,5.42446E+14,tele2,https://www.facebook.com/ads/archive/render_ad/?id=542446081599487&access_token=EAATnrmoQyC4BO5erfu0T8wppuuMsqCZCnReXzEYpZAE2SuHMabkeRUXfkbCAdlN6QqZADLZAC3kW4zSBZAUYvrEe5WEyxqd6tPkCitApLgaiLpJyZAFbsttB4ePIsz7s9dCXObDRZBE4zZCfVDCOaDzwBajqvt8tZCLyglNfHAVFymweyRxgxwtmq6IHSiwo9Nmvr3dPAXdXF
Meta Ads Library,Elisa Eesti,7.13935E+14,tele2,https://www.facebook.com/ads/archive/render_ad/?id=713935108258383&access_token=EAATnrmoQyC4BPMzpZA4IBb0SXjMybbBaZAh3iKJFNiqBkucCvHUYyM1BiCwvozXjYnUzV70MsLrmdHeuwc7AP6M1pTNVggvg26dRGuCPcLwocJVlHYvqWtVlXMEZCyJQ9Y3zwKqouOI04uO8fnKsUpYu8grmDccMwtbUzDYP5HhFqB3wYpyodE7lX5JU3qEUguRSkXO
Meta Ads Library,Elisa Eesti,1.89254E+15,tele2,https://www.facebook.com/ads/archive/render_ad/?id=1892542811239036&access_token=EAATnrmoQyC4BO5erfu0T8wppuuMsqCZCnReXzEYpZAE2SuHMabkeRUXfkbCAdlN6QqZADLZAC3kW4zSBZAUYvrEe5WEyxqd6tPkCitApLgaiLpJyZAFbsttB4ePIsz7s9dCXObDRZBE4zZCfVDCOaDzwBajqvt8tZCLyglNfHAVFymweyRxgxwtmq6IHSiwo9Nmvr3dPAXdXF
Meta Ads Library,Elisa Eesti,7.94256E+14,tele2,https://www.facebook.com/ads/archive/render_ad/?id=794255852849493&access_token=EAATnrmoQyC4BO5erfu0T8wppuuMsqCZCnReXzEYpZAE2SuHMabkeRUXfkbCAdlN6QqZADLZAC3kW4zSBZAUYvrEe5WEyxqd6tPkCitApLgaiLpJyZAFbsttB4ePIsz7s9dCXObDRZBE4zZCfVDCOaDzwBajqvt8tZCLyglNfHAVFymweyRxgxwtmq6IHSiwo9Nmvr3dPAXdXF
Meta Ads Library,Elisa Eesti,1.44802E+15,tele2,https://www.facebook.com/ads/archive/render_ad/?id=1448015869544016&access_token=EAATnrmoQyC4BPMzpZA4IBb0SXjMybbBaZAh3iKJFNiqBkucCvHUYyM1BiCwvozXjYnUzV70MsLrmdHeuwc7AP6M1pTNVggvg26dRGuCPcLwocJVlHYvqWtVlXMEZCyJQ9Y3zwKqouOI04uO8fnKsUpYu8grmDccMwtbUzDYP5HhFqB3wYpyodE7lX5JU3qEUguRSkXO
Meta Ads Library,Elisa Eesti,1.0651E+15,tele2,https://www.facebook.com/ads/archive/render_ad/?id=1065099785238294&access_token=EAATnrmoQyC4BO5erfu0T8wppuuMsqCZCnReXzEYpZAE2SuHMabkeRUXfkbCAdlN6QqZADLZAC3kW4zSBZAUYvrEe5WEyxqd6tPkCitApLgaiLpJyZAFbsttB4ePIsz7s9dCXObDRZBE4zZCfVDCOaDzwBajqvt8tZCLyglNfHAVFymweyRxgxwtmq6IHSiwo9Nmvr3dPAXdXF
Meta Ads Library,Elisa Eesti,9.75462E+14,tele2,https://www.facebook.com/ads/archive/render_ad/?id=975461524334678&access_token=EAATnrmoQyC4BO5erfu0T8wppuuMsqCZCnReXzEYpZAE2SuHMabkeRUXfkbCAdlN6QqZADLZAC3kW4zSBZAUYvrEe5WEyxqd6tPkCitApLgaiLpJyZAFbsttB4ePIsz7s9dCXObDRZBE4zZCfVDCOaDzwBajqvt8tZCLyglNfHAVFymweyRxgxwtmq6IHSiwo9Nmvr3dPAXdXF
Meta Ads Library,Elisa Eesti,2.67189E+16,tele2,https://www.facebook.com/ads/archive/render_ad/?id=26718863011091953&access_token=EAATnrmoQyC4BO5erfu0T8wppuuMsqCZCnReXzEYpZAE2SuHMabkeRUXfkbCAdlN6QqZADLZAC3kW4zSBZAUYvrEe5WEyxqd6tPkCitApLgaiLpJyZAFbsttB4ePIsz7s9dCXObDRZBE4zZCfVDCOaDzwBajqvt8tZCLyglNfHAVFymweyRxgxwtmq6IHSiwo9Nmvr3dPAXdXF
Meta Ads Library,Elisa Eesti,1.29773E+15,tele2,https://www.facebook.com/ads/archive/render_ad/?id=1297732038314199&access_token=EAATnrmoQyC4BO5erfu0T8wppuuMsqCZCnReXzEYpZAE2SuHMabkeRUXfkbCAdlN6QqZADLZAC3kW4zSBZAUYvrEe5WEyxqd6tPkCitApLgaiLpJyZAFbsttB4ePIsz7s9dCXObDRZBE4zZCfVDCOaDzwBajqvt8tZCLyglNfHAVFymweyRxgxwtmq6IHSiwo9Nmvr3dPAXdXF
Meta Ads Library,Elisa Eesti,1.72014E+15,tele2,https://www.facebook.com/ads/archive/render_ad/?id=1720143352188933&access_token=EAATnrmoQyC4BPMzpZA4IBb0SXjMybbBaZAh3iKJFNiqBkucCvHUYyM1BiCwvozXjYnUzV70MsLrmdHeuwc7AP6M1pTNVggvg26dRGuCPcLwocJVlHYvqWtVlXMEZCyJQ9Y3zwKqouOI04uO8fnKsUpYu8grmDccMwtbUzDYP5HhFqB3wYpyodE7lX5JU3qEUguRSkXO
Meta Ads Library,Elisa Eesti,1.03041E+15,tele2,https://www.facebook.com/ads/archive/render_ad/?id=1030413454848789&access_token=EAATnrmoQyC4BO5erfu0T8wppuuMsqCZCnReXzEYpZAE2SuHMabkeRUXfkbCAdlN6QqZADLZAC3kW4zSBZAUYvrEe5WEyxqd6tPkCitApLgaiLpJyZAFbsttB4ePIsz7s9dCXObDRZBE4zZCfVDCOaDzwBajqvt8tZCLyglNfHAVFymweyRxgxwtmq6IHSiwo9Nmvr3dPAXdXF
Meta Ads Library,Elisa Eesti,1.42903E+15,tele2,https://www.facebook.com/ads/archive/render_ad/?id=1429031768227507&access_token=EAATnrmoQyC4BPMzpZA4IBb0SXjMybbBaZAh3iKJFNiqBkucCvHUYyM1BiCwvozXjYnUzV70MsLrmdHeuwc7AP6M1pTNVggvg26dRGuCPcLwocJVlHYvqWtVlXMEZCyJQ9Y3zwKqouOI04uO8fnKsUpYu8grmDccMwtbUzDYP5HhFqB3wYpyodE7lX5JU3qEUguRSkXO
Meta Ads Library,Elisa Eesti,2.41811E+16,tele2,https://www.facebook.com/ads/archive/render_ad/?id=24181132194824693&access_token=EAATnrmoQyC4BPMzpZA4IBb0SXjMybbBaZAh3iKJFNiqBkucCvHUYyM1BiCwvozXjYnUzV70MsLrmdHeuwc7AP6M1pTNVggvg26dRGuCPcLwocJVlHYvqWtVlXMEZCyJQ9Y3zwKqouOI04uO8fnKsUpYu8grmDccMwtbUzDYP5HhFqB3wYpyodE7lX5JU3qEUguRSkXO
Meta Ads Library,Elisa Eesti,6.33628E+14,tele2,https://www.facebook.com/ads/archive/render_ad/?id=633627519276444&access_token=EAATnrmoQyC4BPMzpZA4IBb0SXjMybbBaZAh3iKJFNiqBkucCvHUYyM1BiCwvozXjYnUzV70MsLrmdHeuwc7AP6M1pTNVggvg26dRGuCPcLwocJVlHYvqWtVlXMEZCyJQ9Y3zwKqouOI04uO8fnKsUpYu8grmDccMwtbUzDYP5HhFqB3wYpyodE7lX5JU3qEUguRSkXO
Meta Ads Library,Endover Kinnisvara,1.73101E+15,liven,https://www.facebook.com/ads/archive/render_ad/?id=1731012441181775&access_token=EAATnrmoQyC4BQPVFaEdvyWfH85nc9J1azy5Q3EZCsaaFpLOAG9mEhR1mfp8tmZAxRmBf2IRN553VRRdSaWWJUedu3OFNvLi6Jf9yHmQkSryfa7HC1lnTHUoDGLJFXNS38IeFpk3ZBBnLtpERHKOgzlznywHZAnzlGFoqmGcIcZBTiOgc4ybEkN3braKPoQgJuFpHi7zrs
Meta Ads Library,Endover Kinnisvara,8.14637E+14,liven,https://www.facebook.com/ads/archive/render_ad/?id=814636811264093&access_token=EAATnrmoQyC4BQptmsbNRdpMvgWhT9ZCeeMMlHDkxMXfJ2nK6fMZAk2p9lKk0ofSe3VJBPuz92dPfwiAVjmS2ZCoS7xLFsfFcl3R0EZAhf5ct7tPBlrxE7lxNtKKSRD4BlK1MAuYA7zjMuXKiS0o7eOkkQsTbvvT0TMpX7WoMajScg9PKRZBs3m5KGt4Um9A8HstpDdQRr
Meta Ads Library,Endover Kinnisvara,1.26436E+15,liven,https://www.facebook.com/ads/archive/render_ad/?id=1264363145484489&access_token=EAATnrmoQyC4BQPVFaEdvyWfH85nc9J1azy5Q3EZCsaaFpLOAG9mEhR1mfp8tmZAxRmBf2IRN553VRRdSaWWJUedu3OFNvLi6Jf9yHmQkSryfa7HC1lnTHUoDGLJFXNS38IeFpk3ZBBnLtpERHKOgzlznywHZAnzlGFoqmGcIcZBTiOgc4ybEkN3braKPoQgJuFpHi7zrs
Meta Ads Library,Endover Kinnisvara,6.91929E+14,liven,https://www.facebook.com/ads/archive/render_ad/?id=691928643522318&access_token=EAATnrmoQyC4BQPVFaEdvyWfH85nc9J1azy5Q3EZCsaaFpLOAG9mEhR1mfp8tmZAxRmBf2IRN553VRRdSaWWJUedu3OFNvLi6Jf9yHmQkSryfa7HC1lnTHUoDGLJFXNS38IeFpk3ZBBnLtpERHKOgzlznywHZAnzlGFoqmGcIcZBTiOgc4ybEkN3braKPoQgJuFpHi7zrs
Meta Ads Library,Endover Kinnisvara,6.47799E+14,liven,https://www.facebook.com/ads/archive/render_ad/?id=647798591350796&access_token=EAATnrmoQyC4BQPVFaEdvyWfH85nc9J1azy5Q3EZCsaaFpLOAG9mEhR1mfp8tmZAxRmBf2IRN553VRRdSaWWJUedu3OFNvLi6Jf9yHmQkSryfa7HC1lnTHUoDGLJFXNS38IeFpk3ZBBnLtpERHKOgzlznywHZAnzlGFoqmGcIcZBTiOgc4ybEkN3braKPoQgJuFpHi7zrs
Meta Ads Library,Endover Kinnisvara,4.05815E+15,liven,https://www.facebook.com/ads/archive/render_ad/?id=4058153131089020&access_token=EAATnrmoQyC4BQPVFaEdvyWfH85nc9J1azy5Q3EZCsaaFpLOAG9mEhR1mfp8tmZAxRmBf2IRN553VRRdSaWWJUedu3OFNvLi6Jf9yHmQkSryfa7HC1lnTHUoDGLJFXNS38IeFpk3ZBBnLtpERHKOgzlznywHZAnzlGFoqmGcIcZBTiOgc4ybEkN3braKPoQgJuFpHi7zrs
Meta Ads Library,Endover Kinnisvara,6.33891E+14,liven,https://www.facebook.com/ads/archive/render_ad/?id=633890782929214&access_token=EAATnrmoQyC4BQPVFaEdvyWfH85nc9J1azy5Q3EZCsaaFpLOAG9mEhR1mfp8tmZAxRmBf2IRN553VRRdSaWWJUedu3OFNvLi6Jf9yHmQkSryfa7HC1lnTHUoDGLJFXNS38IeFpk3ZBBnLtpERHKOgzlznywHZAnzlGFoqmGcIcZBTiOgc4ybEkN3braKPoQgJuFpHi7zrs
Meta Ads Library,Endover Kinnisvara,7.36947E+14,liven,https://www.facebook.com/ads/archive/render_ad/?id=736947115673782&access_token=EAATnrmoQyC4BQptmsbNRdpMvgWhT9ZCeeMMlHDkxMXfJ2nK6fMZAk2p9lKk0ofSe3VJBPuz92dPfwiAVjmS2ZCoS7xLFsfFcl3R0EZAhf5ct7tPBlrxE7lxNtKKSRD4BlK1MAuYA7zjMuXKiS0o7eOkkQsTbvvT0TMpX7WoMajScg9PKRZBs3m5KGt4Um9A8HstpDdQRr
Meta Ads Library,Endover Kinnisvara,7.3923E+14,liven,https://www.facebook.com/ads/archive/render_ad/?id=739230265136271&access_token=EAATnrmoQyC4BQPVFaEdvyWfH85nc9J1azy5Q3EZCsaaFpLOAG9mEhR1mfp8tmZAxRmBf2IRN553VRRdSaWWJUedu3OFNvLi6Jf9yHmQkSryfa7HC1lnTHUoDGLJFXNS38IeFpk3ZBBnLtpERHKOgzlznywHZAnzlGFoqmGcIcZBTiOgc4ybEkN3braKPoQgJuFpHi7zrs
Meta Ads Library,Endover Kinnisvara,7.73908E+14,liven,https://www.facebook.com/ads/archive/render_ad/?id=773907622443017&access_token=EAATnrmoQyC4BQptmsbNRdpMvgWhT9ZCeeMMlHDkxMXfJ2nK6fMZAk2p9lKk0ofSe3VJBPuz92dPfwiAVjmS2ZCoS7xLFsfFcl3R0EZAhf5ct7tPBlrxE7lxNtKKSRD4BlK1MAuYA7zjMuXKiS0o7eOkkQsTbvvT0TMpX7WoMajScg9PKRZBs3m5KGt4Um9A8HstpDdQRr
Meta Ads Library,Endover Kinnisvara,6.08683E+14,liven,https://www.facebook.com/ads/archive/render_ad/?id=608682755195534&access_token=EAATnrmoQyC4BQPVFaEdvyWfH85nc9J1azy5Q3EZCsaaFpLOAG9mEhR1mfp8tmZAxRmBf2IRN553VRRdSaWWJUedu3OFNvLi6Jf9yHmQkSryfa7HC1lnTHUoDGLJFXNS38IeFpk3ZBBnLtpERHKOgzlznywHZAnzlGFoqmGcIcZBTiOgc4ybEkN3braKPoQgJuFpHi7zrs
Meta Ads Library,Endover Kinnisvara,1.01394E+15,liven,https://www.facebook.com/ads/archive/render_ad/?id=1013936880431023&access_token=EAATnrmoQyC4BPMzpZA4IBb0SXjMybbBaZAh3iKJFNiqBkucCvHUYyM1BiCwvozXjYnUzV70MsLrmdHeuwc7AP6M1pTNVggvg26dRGuCPcLwocJVlHYvqWtVlXMEZCyJQ9Y3zwKqouOI04uO8fnKsUpYu8grmDccMwtbUzDYP5HhFqB3wYpyodE7lX5JU3qEUguRSkXO
Meta Ads Library,Endover Kinnisvara,1.33038E+15,liven,https://www.facebook.com/ads/archive/render_ad/?id=1330384362129035&access_token=EAATnrmoQyC4BQPVFaEdvyWfH85nc9J1azy5Q3EZCsaaFpLOAG9mEhR1mfp8tmZAxRmBf2IRN553VRRdSaWWJUedu3OFNvLi6Jf9yHmQkSryfa7HC1lnTHUoDGLJFXNS38IeFpk3ZBBnLtpERHKOgzlznywHZAnzlGFoqmGcIcZBTiOgc4ybEkN3braKPoQgJuFpHi7zrs
Meta Ads Library,Endover Kinnisvara,8.87029E+14,liven,https://www.facebook.com/ads/archive/render_ad/?id=887029076694916&access_token=EAATnrmoQyC4BPMzpZA4IBb0SXjMybbBaZAh3iKJFNiqBkucCvHUYyM1BiCwvozXjYnUzV70MsLrmdHeuwc7AP6M1pTNVggvg26dRGuCPcLwocJVlHYvqWtVlXMEZCyJQ9Y3zwKqouOI04uO8fnKsUpYu8grmDccMwtbUzDYP5HhFqB3wYpyodE7lX5JU3qEUguRSkXO
Meta Ads Library,Endover Kinnisvara,3.39032E+15,liven,https://www.facebook.com/ads/archive/render_ad/?id=3390316874608650&access_token=EAATnrmoQyC4BPMzpZA4IBb0SXjMybbBaZAh3iKJFNiqBkucCvHUYyM1BiCwvozXjYnUzV70MsLrmdHeuwc7AP6M1pTNVggvg26dRGuCPcLwocJVlHYvqWtVlXMEZCyJQ9Y3zwKqouOI04uO8fnKsUpYu8grmDccMwtbUzDYP5HhFqB3wYpyodE7lX5JU3qEUguRSkXO
Meta Ads Library,Endover Kinnisvara,5.33516E+14,liven,https://www.facebook.com/ads/archive/render_ad/?id=533515796098954&access_token=EAATnrmoQyC4BPMzpZA4IBb0SXjMybbBaZAh3iKJFNiqBkucCvHUYyM1BiCwvozXjYnUzV70MsLrmdHeuwc7AP6M1pTNVggvg26dRGuCPcLwocJVlHYvqWtVlXMEZCyJQ9Y3zwKqouOI04uO8fnKsUpYu8grmDccMwtbUzDYP5HhFqB3wYpyodE7lX5JU3qEUguRSkXO
Meta Ads Library,Endover Kinnisvara,5.29685E+14,liven,https://www.facebook.com/ads/archive/render_ad/?id=529684902988601&access_token=EAATnrmoQyC4BPMzpZA4IBb0SXjMybbBaZAh3iKJFNiqBkucCvHUYyM1BiCwvozXjYnUzV70MsLrmdHeuwc7AP6M1pTNVggvg26dRGuCPcLwocJVlHYvqWtVlXMEZCyJQ9Y3zwKqouOI04uO8fnKsUpYu8grmDccMwtbUzDYP5HhFqB3wYpyodE7lX5JU3qEUguRSkXO
Meta Ads Library,Endover Kinnisvara,4.01294E+15,liven,https://www.facebook.com/ads/archive/render_ad/?id=4012936918962617&access_token=EAATnrmoQyC4BPMzpZA4IBb0SXjMybbBaZAh3iKJFNiqBkucCvHUYyM1BiCwvozXjYnUzV70MsLrmdHeuwc7AP6M1pTNVggvg26dRGuCPcLwocJVlHYvqWtVlXMEZCyJQ9Y3zwKqouOI04uO8fnKsUpYu8grmDccMwtbUzDYP5HhFqB3wYpyodE7lX5JU3qEUguRSkXO
Meta Ads Library,Endover Kinnisvara,8.44486E+14,liven,https://www.facebook.com/ads/archive/render_ad/?id=844485637792468&access_token=EAATnrmoQyC4BPMzpZA4IBb0SXjMybbBaZAh3iKJFNiqBkucCvHUYyM1BiCwvozXjYnUzV70MsLrmdHeuwc7AP6M1pTNVggvg26dRGuCPcLwocJVlHYvqWtVlXMEZCyJQ9Y3zwKqouOI04uO8fnKsUpYu8grmDccMwtbUzDYP5HhFqB3wYpyodE7lX5JU3qEUguRSkXO
Meta Ads Library,Endover Kinnisvara,1.69007E+15,liven,https://www.facebook.com/ads/archive/render_ad/?id=1690066534965381&access_token=EAATnrmoQyC4BQPVFaEdvyWfH85nc9J1azy5Q3EZCsaaFpLOAG9mEhR1mfp8tmZAxRmBf2IRN553VRRdSaWWJUedu3OFNvLi6Jf9yHmQkSryfa7HC1lnTHUoDGLJFXNS38IeFpk3ZBBnLtpERHKOgzlznywHZAnzlGFoqmGcIcZBTiOgc4ybEkN3braKPoQgJuFpHi7zrs
Meta Ads Library,Endover Kinnisvara,2.52191E+16,liven,https://www.facebook.com/ads/archive/render_ad/?id=25219069187682744&access_token=EAATnrmoQyC4BQptmsbNRdpMvgWhT9ZCeeMMlHDkxMXfJ2nK6fMZAk2p9lKk0ofSe3VJBPuz92dPfwiAVjmS2ZCoS7xLFsfFcl3R0EZAhf5ct7tPBlrxE7lxNtKKSRD4BlK1MAuYA7zjMuXKiS0o7eOkkQsTbvvT0TMpX7WoMajScg9PKRZBs3m5KGt4Um9A8HstpDdQRr
Meta Ads Library,Endover Kinnisvara,9.67486E+15,liven,https://www.facebook.com/ads/archive/render_ad/?id=9674855975924571&access_token=EAATnrmoQyC4BQPVFaEdvyWfH85nc9J1azy5Q3EZCsaaFpLOAG9mEhR1mfp8tmZAxRmBf2IRN553VRRdSaWWJUedu3OFNvLi6Jf9yHmQkSryfa7HC1lnTHUoDGLJFXNS38IeFpk3ZBBnLtpERHKOgzlznywHZAnzlGFoqmGcIcZBTiOgc4ybEkN3braKPoQgJuFpHi7zrs
Meta Ads Library,Endover Kinnisvara,1.35639E+15,liven,https://www.facebook.com/ads/archive/render_ad/?id=1356393222333838&access_token=EAATnrmoQyC4BQPVFaEdvyWfH85nc9J1azy5Q3EZCsaaFpLOAG9mEhR1mfp8tmZAxRmBf2IRN553VRRdSaWWJUedu3OFNvLi6Jf9yHmQkSryfa7HC1lnTHUoDGLJFXNS38IeFpk3ZBBnLtpERHKOgzlznywHZAnzlGFoqmGcIcZBTiOgc4ybEkN3braKPoQgJuFpHi7zrs
Meta Ads Library,Endover Kinnisvara,9.59494E+14,liven,https://www.facebook.com/ads/archive/render_ad/?id=959494002684928&access_token=EAATnrmoQyC4BQPVFaEdvyWfH85nc9J1azy5Q3EZCsaaFpLOAG9mEhR1mfp8tmZAxRmBf2IRN553VRRdSaWWJUedu3OFNvLi6Jf9yHmQkSryfa7HC1lnTHUoDGLJFXNS38IeFpk3ZBBnLtpERHKOgzlznywHZAnzlGFoqmGcIcZBTiOgc4ybEkN3braKPoQgJuFpHi7zrs
Meta Ads Library,Endover Kinnisvara,1.03364E+15,liven,https://www.facebook.com/ads/archive/render_ad/?id=1033636948593661&access_token=EAATnrmoQyC4BQPVFaEdvyWfH85nc9J1azy5Q3EZCsaaFpLOAG9mEhR1mfp8tmZAxRmBf2IRN553VRRdSaWWJUedu3OFNvLi6Jf9yHmQkSryfa7HC1lnTHUoDGLJFXNS38IeFpk3ZBBnLtpERHKOgzlznywHZAnzlGFoqmGcIcZBTiOgc4ybEkN3braKPoQgJuFpHi7zrs
Meta Ads Library,Endover Kinnisvara,1.75322E+15,liven,https://www.facebook.com/ads/archive/render_ad/?id=1753218795527589&access_token=EAATnrmoQyC4BQPVFaEdvyWfH85nc9J1azy5Q3EZCsaaFpLOAG9mEhR1mfp8tmZAxRmBf2IRN553VRRdSaWWJUedu3OFNvLi6Jf9yHmQkSryfa7HC1lnTHUoDGLJFXNS38IeFpk3ZBBnLtpERHKOgzlznywHZAnzlGFoqmGcIcZBTiOgc4ybEkN3braKPoQgJuFpHi7zrs
Meta Ads Library,Endover Kinnisvara,1.10963E+15,liven,https://www.facebook.com/ads/archive/render_ad/?id=1109631103463559&access_token=EAATnrmoQyC4BPMzpZA4IBb0SXjMybbBaZAh3iKJFNiqBkucCvHUYyM1BiCwvozXjYnUzV70MsLrmdHeuwc7AP6M1pTNVggvg26dRGuCPcLwocJVlHYvqWtVlXMEZCyJQ9Y3zwKqouOI04uO8fnKsUpYu8grmDccMwtbUzDYP5HhFqB3wYpyodE7lX5JU3qEUguRSkXO
Meta Ads Library,Endover Kinnisvara,6.62792E+14,liven,https://www.facebook.com/ads/archive/render_ad/?id=662792443137907&access_token=EAATnrmoQyC4BQPVFaEdvyWfH85nc9J1azy5Q3EZCsaaFpLOAG9mEhR1mfp8tmZAxRmBf2IRN553VRRdSaWWJUedu3OFNvLi6Jf9yHmQkSryfa7HC1lnTHUoDGLJFXNS38IeFpk3ZBBnLtpERHKOgzlznywHZAnzlGFoqmGcIcZBTiOgc4ybEkN3braKPoQgJuFpHi7zrs
Meta Ads Library,Endover Kinnisvara,1.84286E+15,liven,https://www.facebook.com/ads/archive/render_ad/?id=1842857409904543&access_token=EAATnrmoQyC4BQPVFaEdvyWfH85nc9J1azy5Q3EZCsaaFpLOAG9mEhR1mfp8tmZAxRmBf2IRN553VRRdSaWWJUedu3OFNvLi6Jf9yHmQkSryfa7HC1lnTHUoDGLJFXNS38IeFpk3ZBBnLtpERHKOgzlznywHZAnzlGFoqmGcIcZBTiOgc4ybEkN3braKPoQgJuFpHi7zrs
Meta Ads Library,Endover Kinnisvara,6.67611E+14,liven,https://www.facebook.com/ads/archive/render_ad/?id=667610976017721&access_token=EAATnrmoQyC4BQPVFaEdvyWfH85nc9J1azy5Q3EZCsaaFpLOAG9mEhR1mfp8tmZAxRmBf2IRN553VRRdSaWWJUedu3OFNvLi6Jf9yHmQkSryfa7HC1lnTHUoDGLJFXNS38IeFpk3ZBBnLtpERHKOgzlznywHZAnzlGFoqmGcIcZBTiOgc4ybEkN3braKPoQgJuFpHi7zrs
Meta Ads Library,Endover Kinnisvara,1.53373E+15,liven,https://www.facebook.com/ads/archive/render_ad/?id=1533730514610034&access_token=EAATnrmoQyC4BQptmsbNRdpMvgWhT9ZCeeMMlHDkxMXfJ2nK6fMZAk2p9lKk0ofSe3VJBPuz92dPfwiAVjmS2ZCoS7xLFsfFcl3R0EZAhf5ct7tPBlrxE7lxNtKKSRD4BlK1MAuYA7zjMuXKiS0o7eOkkQsTbvvT0TMpX7WoMajScg9PKRZBs3m5KGt4Um9A8HstpDdQRr
Meta Ads Library,Endover Kinnisvara,7.34216E+14,liven,https://www.facebook.com/ads/archive/render_ad/?id=734216109007208&access_token=EAATnrmoQyC4BQPVFaEdvyWfH85nc9J1azy5Q3EZCsaaFpLOAG9mEhR1mfp8tmZAxRmBf2IRN553VRRdSaWWJUedu3OFNvLi6Jf9yHmQkSryfa7HC1lnTHUoDGLJFXNS38IeFpk3ZBBnLtpERHKOgzlznywHZAnzlGFoqmGcIcZBTiOgc4ybEkN3braKPoQgJuFpHi7zrs
Meta Ads Library,Endover Kinnisvara,4.52424E+14,liven,https://www.facebook.com/ads/archive/render_ad/?id=452424277732728&access_token=EAATnrmoQyC4BPMzpZA4IBb0SXjMybbBaZAh3iKJFNiqBkucCvHUYyM1BiCwvozXjYnUzV70MsLrmdHeuwc7AP6M1pTNVggvg26dRGuCPcLwocJVlHYvqWtVlXMEZCyJQ9Y3zwKqouOI04uO8fnKsUpYu8grmDccMwtbUzDYP5HhFqB3wYpyodE7lX5JU3qEUguRSkXO
Meta Ads Library,Endover Kinnisvara,1.20356E+15,liven,https://www.facebook.com/ads/archive/render_ad/?id=1203559025029134&access_token=EAATnrmoQyC4BQptmsbNRdpMvgWhT9ZCeeMMlHDkxMXfJ2nK6fMZAk2p9lKk0ofSe3VJBPuz92dPfwiAVjmS2ZCoS7xLFsfFcl3R0EZAhf5ct7tPBlrxE7lxNtKKSRD4BlK1MAuYA7zjMuXKiS0o7eOkkQsTbvvT0TMpX7WoMajScg9PKRZBs3m5KGt4Um9A8HstpDdQRr
Meta Ads Library,Endover Kinnisvara,1.51346E+15,liven,https://www.facebook.com/ads/archive/render_ad/?id=1513458979868851&access_token=EAATnrmoQyC4BQptmsbNRdpMvgWhT9ZCeeMMlHDkxMXfJ2nK6fMZAk2p9lKk0ofSe3VJBPuz92dPfwiAVjmS2ZCoS7xLFsfFcl3R0EZAhf5ct7tPBlrxE7lxNtKKSRD4BlK1MAuYA7zjMuXKiS0o7eOkkQsTbvvT0TMpX7WoMajScg9PKRZBs3m5KGt4Um9A8HstpDdQRr
Meta Ads Library,Endover Kinnisvara,8.96966E+14,liven,https://www.facebook.com/ads/archive/render_ad/?id=896966318600429&access_token=EAATnrmoQyC4BPMzpZA4IBb0SXjMybbBaZAh3iKJFNiqBkucCvHUYyM1BiCwvozXjYnUzV70MsLrmdHeuwc7AP6M1pTNVggvg26dRGuCPcLwocJVlHYvqWtVlXMEZCyJQ9Y3zwKqouOI04uO8fnKsUpYu8grmDccMwtbUzDYP5HhFqB3wYpyodE7lX5JU3qEUguRSkXO
Meta Ads Library,Endover Kinnisvara,1.20311E+15,liven,https://www.facebook.com/ads/archive/render_ad/?id=1203110085054071&access_token=EAATnrmoQyC4BQptmsbNRdpMvgWhT9ZCeeMMlHDkxMXfJ2nK6fMZAk2p9lKk0ofSe3VJBPuz92dPfwiAVjmS2ZCoS7xLFsfFcl3R0EZAhf5ct7tPBlrxE7lxNtKKSRD4BlK1MAuYA7zjMuXKiS0o7eOkkQsTbvvT0TMpX7WoMajScg9PKRZBs3m5KGt4Um9A8HstpDdQRr
Meta Ads Library,Endover Kinnisvara,1.56026E+15,liven,https://www.facebook.com/ads/archive/render_ad/?id=1560262564624958&access_token=EAATnrmoQyC4BQPVFaEdvyWfH85nc9J1azy5Q3EZCsaaFpLOAG9mEhR1mfp8tmZAxRmBf2IRN553VRRdSaWWJUedu3OFNvLi6Jf9yHmQkSryfa7HC1lnTHUoDGLJFXNS38IeFpk3ZBBnLtpERHKOgzlznywHZAnzlGFoqmGcIcZBTiOgc4ybEkN3braKPoQgJuFpHi7zrs
Meta Ads Library,Endover Kinnisvara,5.76639E+14,liven,https://www.facebook.com/ads/archive/render_ad/?id=576638758693776&access_token=EAATnrmoQyC4BQPVFaEdvyWfH85nc9J1azy5Q3EZCsaaFpLOAG9mEhR1mfp8tmZAxRmBf2IRN553VRRdSaWWJUedu3OFNvLi6Jf9yHmQkSryfa7HC1lnTHUoDGLJFXNS38IeFpk3ZBBnLtpERHKOgzlznywHZAnzlGFoqmGcIcZBTiOgc4ybEkN3braKPoQgJuFpHi7zrs
Meta Ads Library,Endover Kinnisvara,2.27253E+15,liven,https://www.facebook.com/ads/archive/render_ad/?id=2272530533113729&access_token=EAATnrmoQyC4BPMzpZA4IBb0SXjMybbBaZAh3iKJFNiqBkucCvHUYyM1BiCwvozXjYnUzV70MsLrmdHeuwc7AP6M1pTNVggvg26dRGuCPcLwocJVlHYvqWtVlXMEZCyJQ9Y3zwKqouOI04uO8fnKsUpYu8grmDccMwtbUzDYP5HhFqB3wYpyodE7lX5JU3qEUguRSkXO
Meta Ads Library,Endover Kinnisvara,7.61106E+14,liven,https://www.facebook.com/ads/archive/render_ad/?id=761105816542861&access_token=EAATnrmoQyC4BQPVFaEdvyWfH85nc9J1azy5Q3EZCsaaFpLOAG9mEhR1mfp8tmZAxRmBf2IRN553VRRdSaWWJUedu3OFNvLi6Jf9yHmQkSryfa7HC1lnTHUoDGLJFXNS38IeFpk3ZBBnLtpERHKOgzlznywHZAnzlGFoqmGcIcZBTiOgc4ybEkN3braKPoQgJuFpHi7zrs
Meta Ads Library,Endover Kinnisvara,1.83091E+15,liven,https://www.facebook.com/ads/archive/render_ad/?id=1830907700960521&access_token=EAATnrmoQyC4BQptmsbNRdpMvgWhT9ZCeeMMlHDkxMXfJ2nK6fMZAk2p9lKk0ofSe3VJBPuz92dPfwiAVjmS2ZCoS7xLFsfFcl3R0EZAhf5ct7tPBlrxE7lxNtKKSRD4BlK1MAuYA7zjMuXKiS0o7eOkkQsTbvvT0TMpX7WoMajScg9PKRZBs3m5KGt4Um9A8HstpDdQRr
Meta Ads Library,Endover Kinnisvara,8.12672E+14,liven,https://www.facebook.com/ads/archive/render_ad/?id=812671651151564&access_token=EAATnrmoQyC4BQPVFaEdvyWfH85nc9J1azy5Q3EZCsaaFpLOAG9mEhR1mfp8tmZAxRmBf2IRN553VRRdSaWWJUedu3OFNvLi6Jf9yHmQkSryfa7HC1lnTHUoDGLJFXNS38IeFpk3ZBBnLtpERHKOgzlznywHZAnzlGFoqmGcIcZBTiOgc4ybEkN3braKPoQgJuFpHi7zrs
Meta Ads Library,Endover Kinnisvara,1.1913E+15,liven,https://www.facebook.com/ads/archive/render_ad/?id=1191301986165011&access_token=EAATnrmoQyC4BQptmsbNRdpMvgWhT9ZCeeMMlHDkxMXfJ2nK6fMZAk2p9lKk0ofSe3VJBPuz92dPfwiAVjmS2ZCoS7xLFsfFcl3R0EZAhf5ct7tPBlrxE7lxNtKKSRD4BlK1MAuYA7zjMuXKiS0o7eOkkQsTbvvT0TMpX7WoMajScg9PKRZBs3m5KGt4Um9A8HstpDdQRr
Meta Ads Library,Endover Kinnisvara,1.67701E+15,liven,https://www.facebook.com/ads/archive/render_ad/?id=1677013233139798&access_token=EAATnrmoQyC4BPMzpZA4IBb0SXjMybbBaZAh3iKJFNiqBkucCvHUYyM1BiCwvozXjYnUzV70MsLrmdHeuwc7AP6M1pTNVggvg26dRGuCPcLwocJVlHYvqWtVlXMEZCyJQ9Y3zwKqouOI04uO8fnKsUpYu8grmDccMwtbUzDYP5HhFqB3wYpyodE7lX5JU3qEUguRSkXO
Meta Ads Library,Endover Kinnisvara,1.46955E+15,liven,https://www.facebook.com/ads/archive/render_ad/?id=1469553327097569&access_token=EAATnrmoQyC4BPMzpZA4IBb0SXjMybbBaZAh3iKJFNiqBkucCvHUYyM1BiCwvozXjYnUzV70MsLrmdHeuwc7AP6M1pTNVggvg26dRGuCPcLwocJVlHYvqWtVlXMEZCyJQ9Y3zwKqouOI04uO8fnKsUpYu8grmDccMwtbUzDYP5HhFqB3wYpyodE7lX5JU3qEUguRSkXO
Meta Ads Library,Endover Kinnisvara,4.08474E+15,liven,https://www.facebook.com/ads/archive/render_ad/?id=4084744288447087&access_token=EAATnrmoQyC4BQptmsbNRdpMvgWhT9ZCeeMMlHDkxMXfJ2nK6fMZAk2p9lKk0ofSe3VJBPuz92dPfwiAVjmS2ZCoS7xLFsfFcl3R0EZAhf5ct7tPBlrxE7lxNtKKSRD4BlK1MAuYA7zjMuXKiS0o7eOkkQsTbvvT0TMpX7WoMajScg9PKRZBs3m5KGt4Um9A8HstpDdQRr
Meta Ads Library,Endover Kinnisvara,9.49967E+14,liven,https://www.facebook.com/ads/archive/render_ad/?id=949966827270295&access_token=EAATnrmoQyC4BQPVFaEdvyWfH85nc9J1azy5Q3EZCsaaFpLOAG9mEhR1mfp8tmZAxRmBf2IRN553VRRdSaWWJUedu3OFNvLi6Jf9yHmQkSryfa7HC1lnTHUoDGLJFXNS38IeFpk3ZBBnLtpERHKOgzlznywHZAnzlGFoqmGcIcZBTiOgc4ybEkN3braKPoQgJuFpHi7zrs
Meta Ads Library,Endover Kinnisvara,2.52378E+16,liven,https://www.facebook.com/ads/archive/render_ad/?id=25237799862524782&access_token=EAATnrmoQyC4BQptmsbNRdpMvgWhT9ZCeeMMlHDkxMXfJ2nK6fMZAk2p9lKk0ofSe3VJBPuz92dPfwiAVjmS2ZCoS7xLFsfFcl3R0EZAhf5ct7tPBlrxE7lxNtKKSRD4BlK1MAuYA7zjMuXKiS0o7eOkkQsTbvvT0TMpX7WoMajScg9PKRZBs3m5KGt4Um9A8HstpDdQRr
Meta Ads Library,Endover Kinnisvara,1.47367E+15,liven,https://www.facebook.com/ads/archive/render_ad/?id=1473670437201206&access_token=EAATnrmoQyC4BQptmsbNRdpMvgWhT9ZCeeMMlHDkxMXfJ2nK6fMZAk2p9lKk0ofSe3VJBPuz92dPfwiAVjmS2ZCoS7xLFsfFcl3R0EZAhf5ct7tPBlrxE7lxNtKKSRD4BlK1MAuYA7zjMuXKiS0o7eOkkQsTbvvT0TMpX7WoMajScg9PKRZBs3m5KGt4Um9A8HstpDdQRr
Meta Ads Library,Endover Kinnisvara,5.51015E+14,liven,https://www.facebook.com/ads/archive/render_ad/?id=551014721048269&access_token=EAATnrmoQyC4BPMzpZA4IBb0SXjMybbBaZAh3iKJFNiqBkucCvHUYyM1BiCwvozXjYnUzV70MsLrmdHeuwc7AP6M1pTNVggvg26dRGuCPcLwocJVlHYvqWtVlXMEZCyJQ9Y3zwKqouOI04uO8fnKsUpYu8grmDccMwtbUzDYP5HhFqB3wYpyodE7lX5JU3qEUguRSkXO
Meta Ads Library,Endover Kinnisvara,9.03781E+15,liven,https://www.facebook.com/ads/archive/render_ad/?id=9037813499607085&access_token=EAATnrmoQyC4BQPVFaEdvyWfH85nc9J1azy5Q3EZCsaaFpLOAG9mEhR1mfp8tmZAxRmBf2IRN553VRRdSaWWJUedu3OFNvLi6Jf9yHmQkSryfa7HC1lnTHUoDGLJFXNS38IeFpk3ZBBnLtpERHKOgzlznywHZAnzlGFoqmGcIcZBTiOgc4ybEkN3braKPoQgJuFpHi7zrs
Meta Ads Library,Endover Kinnisvara,1.10772E+15,liven,https://www.facebook.com/ads/archive/render_ad/?id=1107717717884898&access_token=EAATnrmoQyC4BQPVFaEdvyWfH85nc9J1azy5Q3EZCsaaFpLOAG9mEhR1mfp8tmZAxRmBf2IRN553VRRdSaWWJUedu3OFNvLi6Jf9yHmQkSryfa7HC1lnTHUoDGLJFXNS38IeFpk3ZBBnLtpERHKOgzlznywHZAnzlGFoqmGcIcZBTiOgc4ybEkN3braKPoQgJuFpHi7zrs
Meta Ads Library,Endover Kinnisvara,1.926E+15,liven,https://www.facebook.com/ads/archive/render_ad/?id=1925995021272663&access_token=EAATnrmoQyC4BQPVFaEdvyWfH85nc9J1azy5Q3EZCsaaFpLOAG9mEhR1mfp8tmZAxRmBf2IRN553VRRdSaWWJUedu3OFNvLi6Jf9yHmQkSryfa7HC1lnTHUoDGLJFXNS38IeFpk3ZBBnLtpERHKOgzlznywHZAnzlGFoqmGcIcZBTiOgc4ybEkN3braKPoQgJuFpHi7zrs
Meta Ads Library,Endover Kinnisvara,2.68975E+15,liven,https://www.facebook.com/ads/archive/render_ad/?id=2689748468028871&access_token=EAATnrmoQyC4BQptmsbNRdpMvgWhT9ZCeeMMlHDkxMXfJ2nK6fMZAk2p9lKk0ofSe3VJBPuz92dPfwiAVjmS2ZCoS7xLFsfFcl3R0EZAhf5ct7tPBlrxE7lxNtKKSRD4BlK1MAuYA7zjMuXKiS0o7eOkkQsTbvvT0TMpX7WoMajScg9PKRZBs3m5KGt4Um9A8HstpDdQRr
Meta Ads Library,Endover Kinnisvara,8.84179E+14,liven,https://www.facebook.com/ads/archive/render_ad/?id=884179180845461&access_token=EAATnrmoQyC4BQptmsbNRdpMvgWhT9ZCeeMMlHDkxMXfJ2nK6fMZAk2p9lKk0ofSe3VJBPuz92dPfwiAVjmS2ZCoS7xLFsfFcl3R0EZAhf5ct7tPBlrxE7lxNtKKSRD4BlK1MAuYA7zjMuXKiS0o7eOkkQsTbvvT0TMpX7WoMajScg9PKRZBs3m5KGt4Um9A8HstpDdQRr
Meta Ads Library,Endover Kinnisvara,9.09448E+14,liven,https://www.facebook.com/ads/archive/render_ad/?id=909447912020575&access_token=EAATnrmoQyC4BQptmsbNRdpMvgWhT9ZCeeMMlHDkxMXfJ2nK6fMZAk2p9lKk0ofSe3VJBPuz92dPfwiAVjmS2ZCoS7xLFsfFcl3R0EZAhf5ct7tPBlrxE7lxNtKKSRD4BlK1MAuYA7zjMuXKiS0o7eOkkQsTbvvT0TMpX7WoMajScg9PKRZBs3m5KGt4Um9A8HstpDdQRr
Meta Ads Library,Endover Kinnisvara,1.0225E+15,liven,https://www.facebook.com/ads/archive/render_ad/?id=1022499914281790&access_token=EAATnrmoQyC4BQptmsbNRdpMvgWhT9ZCeeMMlHDkxMXfJ2nK6fMZAk2p9lKk0ofSe3VJBPuz92dPfwiAVjmS2ZCoS7xLFsfFcl3R0EZAhf5ct7tPBlrxE7lxNtKKSRD4BlK1MAuYA7zjMuXKiS0o7eOkkQsTbvvT0TMpX7WoMajScg9PKRZBs3m5KGt4Um9A8HstpDdQRr
Meta Ads Library,Endover Kinnisvara,5.28856E+14,liven,https://www.facebook.com/ads/archive/render_ad/?id=528856376505669&access_token=EAATnrmoQyC4BPMzpZA4IBb0SXjMybbBaZAh3iKJFNiqBkucCvHUYyM1BiCwvozXjYnUzV70MsLrmdHeuwc7AP6M1pTNVggvg26dRGuCPcLwocJVlHYvqWtVlXMEZCyJQ9Y3zwKqouOI04uO8fnKsUpYu8grmDccMwtbUzDYP5HhFqB3wYpyodE7lX5JU3qEUguRSkXO
Meta Ads Library,Endover Kinnisvara,1.32805E+15,liven,https://www.facebook.com/ads/archive/render_ad/?id=1328052258814350&access_token=EAATnrmoQyC4BQPVFaEdvyWfH85nc9J1azy5Q3EZCsaaFpLOAG9mEhR1mfp8tmZAxRmBf2IRN553VRRdSaWWJUedu3OFNvLi6Jf9yHmQkSryfa7HC1lnTHUoDGLJFXNS38IeFpk3ZBBnLtpERHKOgzlznywHZAnzlGFoqmGcIcZBTiOgc4ybEkN3braKPoQgJuFpHi7zrs
Meta Ads Library,Endover Kinnisvara,1.18316E+15,liven,https://www.facebook.com/ads/archive/render_ad/?id=1183159459633876&access_token=EAATnrmoQyC4BPMzpZA4IBb0SXjMybbBaZAh3iKJFNiqBkucCvHUYyM1BiCwvozXjYnUzV70MsLrmdHeuwc7AP6M1pTNVggvg26dRGuCPcLwocJVlHYvqWtVlXMEZCyJQ9Y3zwKqouOI04uO8fnKsUpYu8grmDccMwtbUzDYP5HhFqB3wYpyodE7lX5JU3qEUguRSkXO
Meta Ads Library,Endover Kinnisvara,4.29977E+14,liven,https://www.facebook.com/ads/archive/render_ad/?id=429976783530053&access_token=EAATnrmoQyC4BPMzpZA4IBb0SXjMybbBaZAh3iKJFNiqBkucCvHUYyM1BiCwvozXjYnUzV70MsLrmdHeuwc7AP6M1pTNVggvg26dRGuCPcLwocJVlHYvqWtVlXMEZCyJQ9Y3zwKqouOI04uO8fnKsUpYu8grmDccMwtbUzDYP5HhFqB3wYpyodE7lX5JU3qEUguRSkXO
Meta Ads Library,If Kindlustus,4.11186E+14,swedbank,https://www.facebook.com/ads/archive/render_ad/?id=411186318339418&access_token=EAATnrmoQyC4BOyPI2UlrqFMQKk5vv6XeANCnonDt4Ho3GPZCm24pBF6XxsSP0Qh3kIdZCuPUtE6BvZBSuq1WwOhhHeZC7dnXLq9u3XRiPfzaTxZBalwm2gvQPVjbAEyHImZBEa9uHUj8yB0OSaDuDsgTaLPYzvCZCd5fnGkOLIjhAkfnRyK2nOmUnAFTlG8Ujgl
Meta Ads Library,If Kindlustus,1.81299E+15,swedbank,https://www.facebook.com/ads/archive/render_ad/?id=1812993849552701&access_token=EAATnrmoQyC4BQPVFaEdvyWfH85nc9J1azy5Q3EZCsaaFpLOAG9mEhR1mfp8tmZAxRmBf2IRN553VRRdSaWWJUedu3OFNvLi6Jf9yHmQkSryfa7HC1lnTHUoDGLJFXNS38IeFpk3ZBBnLtpERHKOgzlznywHZAnzlGFoqmGcIcZBTiOgc4ybEkN3braKPoQgJuFpHi7zrs
Meta Ads Library,If Kindlustus,1.36513E+15,swedbank,https://www.facebook.com/ads/archive/render_ad/?id=1365127428670792&access_token=EAATnrmoQyC4BQptmsbNRdpMvgWhT9ZCeeMMlHDkxMXfJ2nK6fMZAk2p9lKk0ofSe3VJBPuz92dPfwiAVjmS2ZCoS7xLFsfFcl3R0EZAhf5ct7tPBlrxE7lxNtKKSRD4BlK1MAuYA7zjMuXKiS0o7eOkkQsTbvvT0TMpX7WoMajScg9PKRZBs3m5KGt4Um9A8HstpDdQRr
Meta Ads Library,If Kindlustus,1.65841E+15,swedbank,https://www.facebook.com/ads/archive/render_ad/?id=1658409208247402&access_token=EAATnrmoQyC4BOyPI2UlrqFMQKk5vv6XeANCnonDt4Ho3GPZCm24pBF6XxsSP0Qh3kIdZCuPUtE6BvZBSuq1WwOhhHeZC7dnXLq9u3XRiPfzaTxZBalwm2gvQPVjbAEyHImZBEa9uHUj8yB0OSaDuDsgTaLPYzvCZCd5fnGkOLIjhAkfnRyK2nOmUnAFTlG8Ujgl
Meta Ads Library,If Kindlustus,1.88716E+15,swedbank,https://www.facebook.com/ads/archive/render_ad/?id=1887159871722664&access_token=EAATnrmoQyC4BOyPI2UlrqFMQKk5vv6XeANCnonDt4Ho3GPZCm24pBF6XxsSP0Qh3kIdZCuPUtE6BvZBSuq1WwOhhHeZC7dnXLq9u3XRiPfzaTxZBalwm2gvQPVjbAEyHImZBEa9uHUj8yB0OSaDuDsgTaLPYzvCZCd5fnGkOLIjhAkfnRyK2nOmUnAFTlG8Ujgl
Meta Ads Library,If Kindlustus,6.22497E+14,swedbank,https://www.facebook.com/ads/archive/render_ad/?id=622497004026009&access_token=EAATnrmoQyC4BQPVFaEdvyWfH85nc9J1azy5Q3EZCsaaFpLOAG9mEhR1mfp8tmZAxRmBf2IRN553VRRdSaWWJUedu3OFNvLi6Jf9yHmQkSryfa7HC1lnTHUoDGLJFXNS38IeFpk3ZBBnLtpERHKOgzlznywHZAnzlGFoqmGcIcZBTiOgc4ybEkN3braKPoQgJuFpHi7zrs
Meta Ads Library,If Kindlustus,6.88273E+14,swedbank,https://www.facebook.com/ads/archive/render_ad/?id=688272940998682&access_token=EAATnrmoQyC4BQptmsbNRdpMvgWhT9ZCeeMMlHDkxMXfJ2nK6fMZAk2p9lKk0ofSe3VJBPuz92dPfwiAVjmS2ZCoS7xLFsfFcl3R0EZAhf5ct7tPBlrxE7lxNtKKSRD4BlK1MAuYA7zjMuXKiS0o7eOkkQsTbvvT0TMpX7WoMajScg9PKRZBs3m5KGt4Um9A8HstpDdQRr
Meta Ads Library,If Kindlustus,1.15472E+15,swedbank,https://www.facebook.com/ads/archive/render_ad/?id=1154719772506622&access_token=EAATnrmoQyC4BQPVFaEdvyWfH85nc9J1azy5Q3EZCsaaFpLOAG9mEhR1mfp8tmZAxRmBf2IRN553VRRdSaWWJUedu3OFNvLi6Jf9yHmQkSryfa7HC1lnTHUoDGLJFXNS38IeFpk3ZBBnLtpERHKOgzlznywHZAnzlGFoqmGcIcZBTiOgc4ybEkN3braKPoQgJuFpHi7zrs
Meta Ads Library,If Kindlustus,1.31464E+15,swedbank,https://www.facebook.com/ads/archive/render_ad/?id=1314642359685984&access_token=EAATnrmoQyC4BQPVFaEdvyWfH85nc9J1azy5Q3EZCsaaFpLOAG9mEhR1mfp8tmZAxRmBf2IRN553VRRdSaWWJUedu3OFNvLi6Jf9yHmQkSryfa7HC1lnTHUoDGLJFXNS38IeFpk3ZBBnLtpERHKOgzlznywHZAnzlGFoqmGcIcZBTiOgc4ybEkN3braKPoQgJuFpHi7zrs
Meta Ads Library,If Kindlustus,2.9318E+15,swedbank,https://www.facebook.com/ads/archive/render_ad/?id=2931796853664217&access_token=EAATnrmoQyC4BQPVFaEdvyWfH85nc9J1azy5Q3EZCsaaFpLOAG9mEhR1mfp8tmZAxRmBf2IRN553VRRdSaWWJUedu3OFNvLi6Jf9yHmQkSryfa7HC1lnTHUoDGLJFXNS38IeFpk3ZBBnLtpERHKOgzlznywHZAnzlGFoqmGcIcZBTiOgc4ybEkN3braKPoQgJuFpHi7zrs
Meta Ads Library,If Kindlustus,1.18447E+15,swedbank,https://www.facebook.com/ads/archive/render_ad/?id=1184466293173386&access_token=EAATnrmoQyC4BQPVFaEdvyWfH85nc9J1azy5Q3EZCsaaFpLOAG9mEhR1mfp8tmZAxRmBf2IRN553VRRdSaWWJUedu3OFNvLi6Jf9yHmQkSryfa7HC1lnTHUoDGLJFXNS38IeFpk3ZBBnLtpERHKOgzlznywHZAnzlGFoqmGcIcZBTiOgc4ybEkN3braKPoQgJuFpHi7zrs
Meta Ads Library,If Kindlustus,5.13385E+14,swedbank,https://www.facebook.com/ads/archive/render_ad/?id=513384584938684&access_token=EAATnrmoQyC4BQPVFaEdvyWfH85nc9J1azy5Q3EZCsaaFpLOAG9mEhR1mfp8tmZAxRmBf2IRN553VRRdSaWWJUedu3OFNvLi6Jf9yHmQkSryfa7HC1lnTHUoDGLJFXNS38IeFpk3ZBBnLtpERHKOgzlznywHZAnzlGFoqmGcIcZBTiOgc4ybEkN3braKPoQgJuFpHi7zrs
Meta Ads Library,If Kindlustus,6.26503E+14,swedbank,https://www.facebook.com/ads/archive/render_ad/?id=626502950289436&access_token=EAATnrmoQyC4BQPVFaEdvyWfH85nc9J1azy5Q3EZCsaaFpLOAG9mEhR1mfp8tmZAxRmBf2IRN553VRRdSaWWJUedu3OFNvLi6Jf9yHmQkSryfa7HC1lnTHUoDGLJFXNS38IeFpk3ZBBnLtpERHKOgzlznywHZAnzlGFoqmGcIcZBTiOgc4ybEkN3braKPoQgJuFpHi7zrs
Meta Ads Library,If Kindlustus,2.52534E+14,swedbank,https://www.facebook.com/ads/archive/render_ad/?id=252533791260092&access_token=EAATnrmoQyC4BOyPI2UlrqFMQKk5vv6XeANCnonDt4Ho3GPZCm24pBF6XxsSP0Qh3kIdZCuPUtE6BvZBSuq1WwOhhHeZC7dnXLq9u3XRiPfzaTxZBalwm2gvQPVjbAEyHImZBEa9uHUj8yB0OSaDuDsgTaLPYzvCZCd5fnGkOLIjhAkfnRyK2nOmUnAFTlG8Ujgl
Meta Ads Library,JD Sports Lithuania,7.1759E+14,ballzy,https://www.facebook.com/ads/archive/render_ad/?id=717590067363561&access_token=EAATnrmoQyC4BQPVFaEdvyWfH85nc9J1azy5Q3EZCsaaFpLOAG9mEhR1mfp8tmZAxRmBf2IRN553VRRdSaWWJUedu3OFNvLi6Jf9yHmQkSryfa7HC1lnTHUoDGLJFXNS38IeFpk3ZBBnLtpERHKOgzlznywHZAnzlGFoqmGcIcZBTiOgc4ybEkN3braKPoQgJuFpHi7zrs
Meta Ads Library,JD Sports Lithuania,1.25494E+15,ballzy,https://www.facebook.com/ads/archive/render_ad/?id=1254942989563846&access_token=EAATnrmoQyC4BQPVFaEdvyWfH85nc9J1azy5Q3EZCsaaFpLOAG9mEhR1mfp8tmZAxRmBf2IRN553VRRdSaWWJUedu3OFNvLi6Jf9yHmQkSryfa7HC1lnTHUoDGLJFXNS38IeFpk3ZBBnLtpERHKOgzlznywHZAnzlGFoqmGcIcZBTiOgc4ybEkN3braKPoQgJuFpHi7zrs
Meta Ads Library,JD Sports Lithuania,1.19973E+15,ballzy,https://www.facebook.com/ads/archive/render_ad/?id=1199725468826735&access_token=EAATnrmoQyC4BQPVFaEdvyWfH85nc9J1azy5Q3EZCsaaFpLOAG9mEhR1mfp8tmZAxRmBf2IRN553VRRdSaWWJUedu3OFNvLi6Jf9yHmQkSryfa7HC1lnTHUoDGLJFXNS38IeFpk3ZBBnLtpERHKOgzlznywHZAnzlGFoqmGcIcZBTiOgc4ybEkN3braKPoQgJuFpHi7zrs
Meta Ads Library,JD Sports Lithuania,1.46065E+15,ballzy,https://www.facebook.com/ads/archive/render_ad/?id=1460647668416683&access_token=EAATnrmoQyC4BQPVFaEdvyWfH85nc9J1azy5Q3EZCsaaFpLOAG9mEhR1mfp8tmZAxRmBf2IRN553VRRdSaWWJUedu3OFNvLi6Jf9yHmQkSryfa7HC1lnTHUoDGLJFXNS38IeFpk3ZBBnLtpERHKOgzlznywHZAnzlGFoqmGcIcZBTiOgc4ybEkN3braKPoQgJuFpHi7zrs
Meta Ads Library,JD Sports Lithuania,9.94463E+14,ballzy,https://www.facebook.com/ads/archive/render_ad/?id=994463312263424&access_token=EAATnrmoQyC4BOyPI2UlrqFMQKk5vv6XeANCnonDt4Ho3GPZCm24pBF6XxsSP0Qh3kIdZCuPUtE6BvZBSuq1WwOhhHeZC7dnXLq9u3XRiPfzaTxZBalwm2gvQPVjbAEyHImZBEa9uHUj8yB0OSaDuDsgTaLPYzvCZCd5fnGkOLIjhAkfnRyK2nOmUnAFTlG8Ujgl
Meta Ads Library,JD Sports Lithuania,1.57197E+15,ballzy,https://www.facebook.com/ads/archive/render_ad/?id=1571974027441778&access_token=EAATnrmoQyC4BQptmsbNRdpMvgWhT9ZCeeMMlHDkxMXfJ2nK6fMZAk2p9lKk0ofSe3VJBPuz92dPfwiAVjmS2ZCoS7xLFsfFcl3R0EZAhf5ct7tPBlrxE7lxNtKKSRD4BlK1MAuYA7zjMuXKiS0o7eOkkQsTbvvT0TMpX7WoMajScg9PKRZBs3m5KGt4Um9A8HstpDdQRr
Meta Ads Library,JD Sports Lithuania,1.42868E+15,ballzy,https://www.facebook.com/ads/archive/render_ad/?id=1428681821779548&access_token=EAATnrmoQyC4BQptmsbNRdpMvgWhT9ZCeeMMlHDkxMXfJ2nK6fMZAk2p9lKk0ofSe3VJBPuz92dPfwiAVjmS2ZCoS7xLFsfFcl3R0EZAhf5ct7tPBlrxE7lxNtKKSRD4BlK1MAuYA7zjMuXKiS0o7eOkkQsTbvvT0TMpX7WoMajScg9PKRZBs3m5KGt4Um9A8HstpDdQRr
Meta Ads Library,JD Sports Lithuania,1.88394E+15,ballzy,https://www.facebook.com/ads/archive/render_ad/?id=1883940209074297&access_token=EAATnrmoQyC4BQPVFaEdvyWfH85nc9J1azy5Q3EZCsaaFpLOAG9mEhR1mfp8tmZAxRmBf2IRN553VRRdSaWWJUedu3OFNvLi6Jf9yHmQkSryfa7HC1lnTHUoDGLJFXNS38IeFpk3ZBBnLtpERHKOgzlznywHZAnzlGFoqmGcIcZBTiOgc4ybEkN3braKPoQgJuFpHi7zrs
Meta Ads Library,JD Sports Lithuania,2.94896E+15,ballzy,https://www.facebook.com/ads/archive/render_ad/?id=2948961701967871&access_token=EAATnrmoQyC4BQptmsbNRdpMvgWhT9ZCeeMMlHDkxMXfJ2nK6fMZAk2p9lKk0ofSe3VJBPuz92dPfwiAVjmS2ZCoS7xLFsfFcl3R0EZAhf5ct7tPBlrxE7lxNtKKSRD4BlK1MAuYA7zjMuXKiS0o7eOkkQsTbvvT0TMpX7WoMajScg9PKRZBs3m5KGt4Um9A8HstpDdQRr
Meta Ads Library,JD Sports Lithuania,1.66544E+15,ballzy,https://www.facebook.com/ads/archive/render_ad/?id=1665436454406889&access_token=EAATnrmoQyC4BQPVFaEdvyWfH85nc9J1azy5Q3EZCsaaFpLOAG9mEhR1mfp8tmZAxRmBf2IRN553VRRdSaWWJUedu3OFNvLi6Jf9yHmQkSryfa7HC1lnTHUoDGLJFXNS38IeFpk3ZBBnLtpERHKOgzlznywHZAnzlGFoqmGcIcZBTiOgc4ybEkN3braKPoQgJuFpHi7zrs
Meta Ads Library,JD Sports Lithuania,7.7506E+14,ballzy,https://www.facebook.com/ads/archive/render_ad/?id=775059738411951&access_token=EAATnrmoQyC4BQptmsbNRdpMvgWhT9ZCeeMMlHDkxMXfJ2nK6fMZAk2p9lKk0ofSe3VJBPuz92dPfwiAVjmS2ZCoS7xLFsfFcl3R0EZAhf5ct7tPBlrxE7lxNtKKSRD4BlK1MAuYA7zjMuXKiS0o7eOkkQsTbvvT0TMpX7WoMajScg9PKRZBs3m5KGt4Um9A8HstpDdQRr
Meta Ads Library,Join UP Eesti,6.15309E+14,teztour,https://www.facebook.com/ads/archive/render_ad/?id=615308878044246&access_token=EAATnrmoQyC4BQPVFaEdvyWfH85nc9J1azy5Q3EZCsaaFpLOAG9mEhR1mfp8tmZAxRmBf2IRN553VRRdSaWWJUedu3OFNvLi6Jf9yHmQkSryfa7HC1lnTHUoDGLJFXNS38IeFpk3ZBBnLtpERHKOgzlznywHZAnzlGFoqmGcIcZBTiOgc4ybEkN3braKPoQgJuFpHi7zrs
Meta Ads Library,Join UP Eesti,1.06655E+15,teztour,https://www.facebook.com/ads/archive/render_ad/?id=1066549348473283&access_token=EAATnrmoQyC4BQPVFaEdvyWfH85nc9J1azy5Q3EZCsaaFpLOAG9mEhR1mfp8tmZAxRmBf2IRN553VRRdSaWWJUedu3OFNvLi6Jf9yHmQkSryfa7HC1lnTHUoDGLJFXNS38IeFpk3ZBBnLtpERHKOgzlznywHZAnzlGFoqmGcIcZBTiOgc4ybEkN3braKPoQgJuFpHi7zrs
Meta Ads Library,Join UP Eesti,1.63315E+15,teztour,https://www.facebook.com/ads/archive/render_ad/?id=1633146840588479&access_token=EAATnrmoQyC4BO5erfu0T8wppuuMsqCZCnReXzEYpZAE2SuHMabkeRUXfkbCAdlN6QqZADLZAC3kW4zSBZAUYvrEe5WEyxqd6tPkCitApLgaiLpJyZAFbsttB4ePIsz7s9dCXObDRZBE4zZCfVDCOaDzwBajqvt8tZCLyglNfHAVFymweyRxgxwtmq6IHSiwo9Nmvr3dPAXdXF
Meta Ads Library,Join UP Eesti,1.63292E+15,teztour,https://www.facebook.com/ads/archive/render_ad/?id=1632920434288237&access_token=EAATnrmoQyC4BQPVFaEdvyWfH85nc9J1azy5Q3EZCsaaFpLOAG9mEhR1mfp8tmZAxRmBf2IRN553VRRdSaWWJUedu3OFNvLi6Jf9yHmQkSryfa7HC1lnTHUoDGLJFXNS38IeFpk3ZBBnLtpERHKOgzlznywHZAnzlGFoqmGcIcZBTiOgc4ybEkN3braKPoQgJuFpHi7zrs
Meta Ads Library,Join UP Eesti,1.54941E+15,teztour,https://www.facebook.com/ads/archive/render_ad/?id=1549410065946578&access_token=EAATnrmoQyC4BQptmsbNRdpMvgWhT9ZCeeMMlHDkxMXfJ2nK6fMZAk2p9lKk0ofSe3VJBPuz92dPfwiAVjmS2ZCoS7xLFsfFcl3R0EZAhf5ct7tPBlrxE7lxNtKKSRD4BlK1MAuYA7zjMuXKiS0o7eOkkQsTbvvT0TMpX7WoMajScg9PKRZBs3m5KGt4Um9A8HstpDdQRr
Meta Ads Library,Join UP Eesti,1.65298E+15,teztour,https://www.facebook.com/ads/archive/render_ad/?id=1652982835337394&access_token=EAATnrmoQyC4BQPVFaEdvyWfH85nc9J1azy5Q3EZCsaaFpLOAG9mEhR1mfp8tmZAxRmBf2IRN553VRRdSaWWJUedu3OFNvLi6Jf9yHmQkSryfa7HC1lnTHUoDGLJFXNS38IeFpk3ZBBnLtpERHKOgzlznywHZAnzlGFoqmGcIcZBTiOgc4ybEkN3braKPoQgJuFpHi7zrs
Meta Ads Library,Join UP Eesti,1.13479E+15,teztour,https://www.facebook.com/ads/archive/render_ad/?id=1134789258621317&access_token=EAATnrmoQyC4BQptmsbNRdpMvgWhT9ZCeeMMlHDkxMXfJ2nK6fMZAk2p9lKk0ofSe3VJBPuz92dPfwiAVjmS2ZCoS7xLFsfFcl3R0EZAhf5ct7tPBlrxE7lxNtKKSRD4BlK1MAuYA7zjMuXKiS0o7eOkkQsTbvvT0TMpX7WoMajScg9PKRZBs3m5KGt4Um9A8HstpDdQRr
Meta Ads Library,Join UP Eesti,1.23122E+15,teztour,https://www.facebook.com/ads/archive/render_ad/?id=1231218101307240&access_token=EAATnrmoQyC4BQPVFaEdvyWfH85nc9J1azy5Q3EZCsaaFpLOAG9mEhR1mfp8tmZAxRmBf2IRN553VRRdSaWWJUedu3OFNvLi6Jf9yHmQkSryfa7HC1lnTHUoDGLJFXNS38IeFpk3ZBBnLtpERHKOgzlznywHZAnzlGFoqmGcIcZBTiOgc4ybEkN3braKPoQgJuFpHi7zrs
Meta Ads Library,Join UP Eesti,2.48973E+16,teztour,https://www.facebook.com/ads/archive/render_ad/?id=24897295496637958&access_token=EAATnrmoQyC4BQptmsbNRdpMvgWhT9ZCeeMMlHDkxMXfJ2nK6fMZAk2p9lKk0ofSe3VJBPuz92dPfwiAVjmS2ZCoS7xLFsfFcl3R0EZAhf5ct7tPBlrxE7lxNtKKSRD4BlK1MAuYA7zjMuXKiS0o7eOkkQsTbvvT0TMpX7WoMajScg9PKRZBs3m5KGt4Um9A8HstpDdQRr
Meta Ads Library,Join UP Eesti,1.26218E+15,teztour,https://www.facebook.com/ads/archive/render_ad/?id=1262177588553441&access_token=EAATnrmoQyC4BO5erfu0T8wppuuMsqCZCnReXzEYpZAE2SuHMabkeRUXfkbCAdlN6QqZADLZAC3kW4zSBZAUYvrEe5WEyxqd6tPkCitApLgaiLpJyZAFbsttB4ePIsz7s9dCXObDRZBE4zZCfVDCOaDzwBajqvt8tZCLyglNfHAVFymweyRxgxwtmq6IHSiwo9Nmvr3dPAXdXF
Meta Ads Library,Join UP Eesti,4.62752E+14,teztour,https://www.facebook.com/ads/archive/render_ad/?id=462751863401785&access_token=EAATnrmoQyC4BO5erfu0T8wppuuMsqCZCnReXzEYpZAE2SuHMabkeRUXfkbCAdlN6QqZADLZAC3kW4zSBZAUYvrEe5WEyxqd6tPkCitApLgaiLpJyZAFbsttB4ePIsz7s9dCXObDRZBE4zZCfVDCOaDzwBajqvt8tZCLyglNfHAVFymweyRxgxwtmq6IHSiwo9Nmvr3dPAXdXF
Meta Ads Library,Join UP Eesti,5.4216E+14,teztour,https://www.facebook.com/ads/archive/render_ad/?id=542159728636414&access_token=EAATnrmoQyC4BQPVFaEdvyWfH85nc9J1azy5Q3EZCsaaFpLOAG9mEhR1mfp8tmZAxRmBf2IRN553VRRdSaWWJUedu3OFNvLi6Jf9yHmQkSryfa7HC1lnTHUoDGLJFXNS38IeFpk3ZBBnLtpERHKOgzlznywHZAnzlGFoqmGcIcZBTiOgc4ybEkN3braKPoQgJuFpHi7zrs
Meta Ads Library,Join UP Eesti,3.84317E+15,teztour,https://www.facebook.com/ads/archive/render_ad/?id=3843170655953918&access_token=EAATnrmoQyC4BO5erfu0T8wppuuMsqCZCnReXzEYpZAE2SuHMabkeRUXfkbCAdlN6QqZADLZAC3kW4zSBZAUYvrEe5WEyxqd6tPkCitApLgaiLpJyZAFbsttB4ePIsz7s9dCXObDRZBE4zZCfVDCOaDzwBajqvt8tZCLyglNfHAVFymweyRxgxwtmq6IHSiwo9Nmvr3dPAXdXF
Meta Ads Library,Join UP Eesti,2.09549E+15,teztour,https://www.facebook.com/ads/archive/render_ad/?id=2095487270978188&access_token=EAATnrmoQyC4BQPVFaEdvyWfH85nc9J1azy5Q3EZCsaaFpLOAG9mEhR1mfp8tmZAxRmBf2IRN553VRRdSaWWJUedu3OFNvLi6Jf9yHmQkSryfa7HC1lnTHUoDGLJFXNS38IeFpk3ZBBnLtpERHKOgzlznywHZAnzlGFoqmGcIcZBTiOgc4ybEkN3braKPoQgJuFpHi7zrs
Meta Ads Library,Join UP Eesti,7.35492E+14,teztour,https://www.facebook.com/ads/archive/render_ad/?id=735491718820259&access_token=EAATnrmoQyC4BQPVFaEdvyWfH85nc9J1azy5Q3EZCsaaFpLOAG9mEhR1mfp8tmZAxRmBf2IRN553VRRdSaWWJUedu3OFNvLi6Jf9yHmQkSryfa7HC1lnTHUoDGLJFXNS38IeFpk3ZBBnLtpERHKOgzlznywHZAnzlGFoqmGcIcZBTiOgc4ybEkN3braKPoQgJuFpHi7zrs
Meta Ads Library,Join UP Latvija,3.39932E+15,teztour,https://www.facebook.com/ads/archive/render_ad/?id=3399318313710494&access_token=EAATnrmoQyC4BO5erfu0T8wppuuMsqCZCnReXzEYpZAE2SuHMabkeRUXfkbCAdlN6QqZADLZAC3kW4zSBZAUYvrEe5WEyxqd6tPkCitApLgaiLpJyZAFbsttB4ePIsz7s9dCXObDRZBE4zZCfVDCOaDzwBajqvt8tZCLyglNfHAVFymweyRxgxwtmq6IHSiwo9Nmvr3dPAXdXF
Meta Ads Library,Join UP Latvija,5.68651E+14,teztour,https://www.facebook.com/ads/archive/render_ad/?id=568650822451241&access_token=EAATnrmoQyC4BO5erfu0T8wppuuMsqCZCnReXzEYpZAE2SuHMabkeRUXfkbCAdlN6QqZADLZAC3kW4zSBZAUYvrEe5WEyxqd6tPkCitApLgaiLpJyZAFbsttB4ePIsz7s9dCXObDRZBE4zZCfVDCOaDzwBajqvt8tZCLyglNfHAVFymweyRxgxwtmq6IHSiwo9Nmvr3dPAXdXF
Meta Ads Library,Join UP Latvija,1.75048E+15,teztour,https://www.facebook.com/ads/archive/render_ad/?id=1750479775862517&access_token=EAATnrmoQyC4BQPVFaEdvyWfH85nc9J1azy5Q3EZCsaaFpLOAG9mEhR1mfp8tmZAxRmBf2IRN553VRRdSaWWJUedu3OFNvLi6Jf9yHmQkSryfa7HC1lnTHUoDGLJFXNS38IeFpk3ZBBnLtpERHKOgzlznywHZAnzlGFoqmGcIcZBTiOgc4ybEkN3braKPoQgJuFpHi7zrs
Meta Ads Library,Join UP Latvija,1.21319E+15,teztour,https://www.facebook.com/ads/archive/render_ad/?id=1213187940628598&access_token=EAATnrmoQyC4BQptmsbNRdpMvgWhT9ZCeeMMlHDkxMXfJ2nK6fMZAk2p9lKk0ofSe3VJBPuz92dPfwiAVjmS2ZCoS7xLFsfFcl3R0EZAhf5ct7tPBlrxE7lxNtKKSRD4BlK1MAuYA7zjMuXKiS0o7eOkkQsTbvvT0TMpX7WoMajScg9PKRZBs3m5KGt4Um9A8HstpDdQRr
Meta Ads Library,Join UP Latvija,2.37002E+15,teztour,https://www.facebook.com/ads/archive/render_ad/?id=2370023543342842&access_token=EAATnrmoQyC4BO5erfu0T8wppuuMsqCZCnReXzEYpZAE2SuHMabkeRUXfkbCAdlN6QqZADLZAC3kW4zSBZAUYvrEe5WEyxqd6tPkCitApLgaiLpJyZAFbsttB4ePIsz7s9dCXObDRZBE4zZCfVDCOaDzwBajqvt8tZCLyglNfHAVFymweyRxgxwtmq6IHSiwo9Nmvr3dPAXdXF
Meta Ads Library,Join UP Latvija,1.1348E+15,teztour,https://www.facebook.com/ads/archive/render_ad/?id=1134795165374961&access_token=EAATnrmoQyC4BQPVFaEdvyWfH85nc9J1azy5Q3EZCsaaFpLOAG9mEhR1mfp8tmZAxRmBf2IRN553VRRdSaWWJUedu3OFNvLi6Jf9yHmQkSryfa7HC1lnTHUoDGLJFXNS38IeFpk3ZBBnLtpERHKOgzlznywHZAnzlGFoqmGcIcZBTiOgc4ybEkN3braKPoQgJuFpHi7zrs
Meta Ads Library,Join UP Latvija,9.6261E+14,teztour,https://www.facebook.com/ads/archive/render_ad/?id=962609655662074&access_token=EAATnrmoQyC4BO5erfu0T8wppuuMsqCZCnReXzEYpZAE2SuHMabkeRUXfkbCAdlN6QqZADLZAC3kW4zSBZAUYvrEe5WEyxqd6tPkCitApLgaiLpJyZAFbsttB4ePIsz7s9dCXObDRZBE4zZCfVDCOaDzwBajqvt8tZCLyglNfHAVFymweyRxgxwtmq6IHSiwo9Nmvr3dPAXdXF
Meta Ads Library,Join UP Latvija,2.072E+15,teztour,https://www.facebook.com/ads/archive/render_ad/?id=2072002410001745&access_token=EAATnrmoQyC4BQPVFaEdvyWfH85nc9J1azy5Q3EZCsaaFpLOAG9mEhR1mfp8tmZAxRmBf2IRN553VRRdSaWWJUedu3OFNvLi6Jf9yHmQkSryfa7HC1lnTHUoDGLJFXNS38IeFpk3ZBBnLtpERHKOgzlznywHZAnzlGFoqmGcIcZBTiOgc4ybEkN3braKPoQgJuFpHi7zrs
Meta Ads Library,Join UP Latvija,1.44535E+15,teztour,https://www.facebook.com/ads/archive/render_ad/?id=1445353690173151&access_token=EAATnrmoQyC4BQPVFaEdvyWfH85nc9J1azy5Q3EZCsaaFpLOAG9mEhR1mfp8tmZAxRmBf2IRN553VRRdSaWWJUedu3OFNvLi6Jf9yHmQkSryfa7HC1lnTHUoDGLJFXNS38IeFpk3ZBBnLtpERHKOgzlznywHZAnzlGFoqmGcIcZBTiOgc4ybEkN3braKPoQgJuFpHi7zrs
Meta Ads Library,Join UP Latvija,8.49917E+14,teztour,https://www.facebook.com/ads/archive/render_ad/?id=849916944471448&access_token=EAATnrmoQyC4BQptmsbNRdpMvgWhT9ZCeeMMlHDkxMXfJ2nK6fMZAk2p9lKk0ofSe3VJBPuz92dPfwiAVjmS2ZCoS7xLFsfFcl3R0EZAhf5ct7tPBlrxE7lxNtKKSRD4BlK1MAuYA7zjMuXKiS0o7eOkkQsTbvvT0TMpX7WoMajScg9PKRZBs3m5KGt4Um9A8HstpDdQRr
Meta Ads Library,Join UP Latvija,1.14505E+15,teztour,https://www.facebook.com/ads/archive/render_ad/?id=1145052430602408&access_token=EAATnrmoQyC4BQPVFaEdvyWfH85nc9J1azy5Q3EZCsaaFpLOAG9mEhR1mfp8tmZAxRmBf2IRN553VRRdSaWWJUedu3OFNvLi6Jf9yHmQkSryfa7HC1lnTHUoDGLJFXNS38IeFpk3ZBBnLtpERHKOgzlznywHZAnzlGFoqmGcIcZBTiOgc4ybEkN3braKPoQgJuFpHi7zrs
Meta Ads Library,Join UP Latvija,9.25695E+14,teztour,https://www.facebook.com/ads/archive/render_ad/?id=925694972737341&access_token=EAATnrmoQyC4BO5erfu0T8wppuuMsqCZCnReXzEYpZAE2SuHMabkeRUXfkbCAdlN6QqZADLZAC3kW4zSBZAUYvrEe5WEyxqd6tPkCitApLgaiLpJyZAFbsttB4ePIsz7s9dCXObDRZBE4zZCfVDCOaDzwBajqvt8tZCLyglNfHAVFymweyRxgxwtmq6IHSiwo9Nmvr3dPAXdXF
Meta Ads Library,Join UP Latvija,4.25017E+14,teztour,https://www.facebook.com/ads/archive/render_ad/?id=425016573952406&access_token=EAATnrmoQyC4BO5erfu0T8wppuuMsqCZCnReXzEYpZAE2SuHMabkeRUXfkbCAdlN6QqZADLZAC3kW4zSBZAUYvrEe5WEyxqd6tPkCitApLgaiLpJyZAFbsttB4ePIsz7s9dCXObDRZBE4zZCfVDCOaDzwBajqvt8tZCLyglNfHAVFymweyRxgxwtmq6IHSiwo9Nmvr3dPAXdXF
Meta Ads Library,Join UP Lietuva,1.02951E+15,teztour,https://www.facebook.com/ads/archive/render_ad/?id=1029507215667482&access_token=EAATnrmoQyC4BQPVFaEdvyWfH85nc9J1azy5Q3EZCsaaFpLOAG9mEhR1mfp8tmZAxRmBf2IRN553VRRdSaWWJUedu3OFNvLi6Jf9yHmQkSryfa7HC1lnTHUoDGLJFXNS38IeFpk3ZBBnLtpERHKOgzlznywHZAnzlGFoqmGcIcZBTiOgc4ybEkN3braKPoQgJuFpHi7zrs
Meta Ads Library,Join UP Lietuva,8.49604E+14,teztour,https://www.facebook.com/ads/archive/render_ad/?id=849603624443731&access_token=EAATnrmoQyC4BQptmsbNRdpMvgWhT9ZCeeMMlHDkxMXfJ2nK6fMZAk2p9lKk0ofSe3VJBPuz92dPfwiAVjmS2ZCoS7xLFsfFcl3R0EZAhf5ct7tPBlrxE7lxNtKKSRD4BlK1MAuYA7zjMuXKiS0o7eOkkQsTbvvT0TMpX7WoMajScg9PKRZBs3m5KGt4Um9A8HstpDdQRr
Meta Ads Library,Join UP Lietuva,1.43518E+15,teztour,https://www.facebook.com/ads/archive/render_ad/?id=1435184627505460&access_token=EAATnrmoQyC4BQPVFaEdvyWfH85nc9J1azy5Q3EZCsaaFpLOAG9mEhR1mfp8tmZAxRmBf2IRN553VRRdSaWWJUedu3OFNvLi6Jf9yHmQkSryfa7HC1lnTHUoDGLJFXNS38IeFpk3ZBBnLtpERHKOgzlznywHZAnzlGFoqmGcIcZBTiOgc4ybEkN3braKPoQgJuFpHi7zrs
Meta Ads Library,Join UP Lietuva,5.49649E+14,teztour,https://www.facebook.com/ads/archive/render_ad/?id=549649301016727&access_token=EAATnrmoQyC4BO5erfu0T8wppuuMsqCZCnReXzEYpZAE2SuHMabkeRUXfkbCAdlN6QqZADLZAC3kW4zSBZAUYvrEe5WEyxqd6tPkCitApLgaiLpJyZAFbsttB4ePIsz7s9dCXObDRZBE4zZCfVDCOaDzwBajqvt8tZCLyglNfHAVFymweyRxgxwtmq6IHSiwo9Nmvr3dPAXdXF
Meta Ads Library,Join UP Lietuva,7.53333E+14,teztour,https://www.facebook.com/ads/archive/render_ad/?id=753333407852173&access_token=EAATnrmoQyC4BQptmsbNRdpMvgWhT9ZCeeMMlHDkxMXfJ2nK6fMZAk2p9lKk0ofSe3VJBPuz92dPfwiAVjmS2ZCoS7xLFsfFcl3R0EZAhf5ct7tPBlrxE7lxNtKKSRD4BlK1MAuYA7zjMuXKiS0o7eOkkQsTbvvT0TMpX7WoMajScg9PKRZBs3m5KGt4Um9A8HstpDdQRr
Meta Ads Library,Join UP Lietuva,1.12594E+15,teztour,https://www.facebook.com/ads/archive/render_ad/?id=1125944172715594&access_token=EAATnrmoQyC4BQPVFaEdvyWfH85nc9J1azy5Q3EZCsaaFpLOAG9mEhR1mfp8tmZAxRmBf2IRN553VRRdSaWWJUedu3OFNvLi6Jf9yHmQkSryfa7HC1lnTHUoDGLJFXNS38IeFpk3ZBBnLtpERHKOgzlznywHZAnzlGFoqmGcIcZBTiOgc4ybEkN3braKPoQgJuFpHi7zrs
Meta Ads Library,Join UP Lietuva,1.49842E+15,teztour,https://www.facebook.com/ads/archive/render_ad/?id=1498424354829017&access_token=EAATnrmoQyC4BQPVFaEdvyWfH85nc9J1azy5Q3EZCsaaFpLOAG9mEhR1mfp8tmZAxRmBf2IRN553VRRdSaWWJUedu3OFNvLi6Jf9yHmQkSryfa7HC1lnTHUoDGLJFXNS38IeFpk3ZBBnLtpERHKOgzlznywHZAnzlGFoqmGcIcZBTiOgc4ybEkN3braKPoQgJuFpHi7zrs
Meta Ads Library,Join UP Lietuva,1.16104E+15,teztour,https://www.facebook.com/ads/archive/render_ad/?id=1161037928774261&access_token=EAATnrmoQyC4BQPVFaEdvyWfH85nc9J1azy5Q3EZCsaaFpLOAG9mEhR1mfp8tmZAxRmBf2IRN553VRRdSaWWJUedu3OFNvLi6Jf9yHmQkSryfa7HC1lnTHUoDGLJFXNS38IeFpk3ZBBnLtpERHKOgzlznywHZAnzlGFoqmGcIcZBTiOgc4ybEkN3braKPoQgJuFpHi7zrs
Meta Ads Library,Join UP Lietuva,1.10962E+15,teztour,https://www.facebook.com/ads/archive/render_ad/?id=1109624151197005&access_token=EAATnrmoQyC4BQptmsbNRdpMvgWhT9ZCeeMMlHDkxMXfJ2nK6fMZAk2p9lKk0ofSe3VJBPuz92dPfwiAVjmS2ZCoS7xLFsfFcl3R0EZAhf5ct7tPBlrxE7lxNtKKSRD4BlK1MAuYA7zjMuXKiS0o7eOkkQsTbvvT0TMpX7WoMajScg9PKRZBs3m5KGt4Um9A8HstpDdQRr
Meta Ads Library,Join UP Lietuva,2.3495E+14,teztour,https://www.facebook.com/ads/archive/render_ad/?id=234950059713676&access_token=EAATnrmoQyC4BO5erfu0T8wppuuMsqCZCnReXzEYpZAE2SuHMabkeRUXfkbCAdlN6QqZADLZAC3kW4zSBZAUYvrEe5WEyxqd6tPkCitApLgaiLpJyZAFbsttB4ePIsz7s9dCXObDRZBE4zZCfVDCOaDzwBajqvt8tZCLyglNfHAVFymweyRxgxwtmq6IHSiwo9Nmvr3dPAXdXF
Meta Ads Library,Join UP Lietuva,6.85336E+14,teztour,https://www.facebook.com/ads/archive/render_ad/?id=685336150839992&access_token=EAATnrmoQyC4BQPVFaEdvyWfH85nc9J1azy5Q3EZCsaaFpLOAG9mEhR1mfp8tmZAxRmBf2IRN553VRRdSaWWJUedu3OFNvLi6Jf9yHmQkSryfa7HC1lnTHUoDGLJFXNS38IeFpk3ZBBnLtpERHKOgzlznywHZAnzlGFoqmGcIcZBTiOgc4ybEkN3braKPoQgJuFpHi7zrs
Meta Ads Library,Join UP Lietuva,9.84497E+14,teztour,https://www.facebook.com/ads/archive/render_ad/?id=984496880003189&access_token=EAATnrmoQyC4BQPVFaEdvyWfH85nc9J1azy5Q3EZCsaaFpLOAG9mEhR1mfp8tmZAxRmBf2IRN553VRRdSaWWJUedu3OFNvLi6Jf9yHmQkSryfa7HC1lnTHUoDGLJFXNS38IeFpk3ZBBnLtpERHKOgzlznywHZAnzlGFoqmGcIcZBTiOgc4ybEkN3braKPoQgJuFpHi7zrs
Meta Ads Library,Join UP Lietuva,1.1867E+15,teztour,https://www.facebook.com/ads/archive/render_ad/?id=1186699139724571&access_token=EAATnrmoQyC4BQPVFaEdvyWfH85nc9J1azy5Q3EZCsaaFpLOAG9mEhR1mfp8tmZAxRmBf2IRN553VRRdSaWWJUedu3OFNvLi6Jf9yHmQkSryfa7HC1lnTHUoDGLJFXNS38IeFpk3ZBBnLtpERHKOgzlznywHZAnzlGFoqmGcIcZBTiOgc4ybEkN3braKPoQgJuFpHi7zrs
Meta Ads Library,Join UP Lietuva,1.78786E+15,teztour,https://www.facebook.com/ads/archive/render_ad/?id=1787863768454425&access_token=EAATnrmoQyC4BQPVFaEdvyWfH85nc9J1azy5Q3EZCsaaFpLOAG9mEhR1mfp8tmZAxRmBf2IRN553VRRdSaWWJUedu3OFNvLi6Jf9yHmQkSryfa7HC1lnTHUoDGLJFXNS38IeFpk3ZBBnLtpERHKOgzlznywHZAnzlGFoqmGcIcZBTiOgc4ybEkN3braKPoQgJuFpHi7zrs
Meta Ads Library,Join UP Lietuva,7.98801E+14,teztour,https://www.facebook.com/ads/archive/render_ad/?id=798801459128607&access_token=EAATnrmoQyC4BO5erfu0T8wppuuMsqCZCnReXzEYpZAE2SuHMabkeRUXfkbCAdlN6QqZADLZAC3kW4zSBZAUYvrEe5WEyxqd6tPkCitApLgaiLpJyZAFbsttB4ePIsz7s9dCXObDRZBE4zZCfVDCOaDzwBajqvt8tZCLyglNfHAVFymweyRxgxwtmq6IHSiwo9Nmvr3dPAXdXF
Meta Ads Library,Join UP Lietuva,7.83848E+14,teztour,https://www.facebook.com/ads/archive/render_ad/?id=783847790577542&access_token=EAATnrmoQyC4BO5erfu0T8wppuuMsqCZCnReXzEYpZAE2SuHMabkeRUXfkbCAdlN6QqZADLZAC3kW4zSBZAUYvrEe5WEyxqd6tPkCitApLgaiLpJyZAFbsttB4ePIsz7s9dCXObDRZBE4zZCfVDCOaDzwBajqvt8tZCLyglNfHAVFymweyRxgxwtmq6IHSiwo9Nmvr3dPAXdXF
Meta Ads Library,Join UP Lietuva,4.9523E+14,teztour,https://www.facebook.com/ads/archive/render_ad/?id=495229500115676&access_token=EAATnrmoQyC4BO5erfu0T8wppuuMsqCZCnReXzEYpZAE2SuHMabkeRUXfkbCAdlN6QqZADLZAC3kW4zSBZAUYvrEe5WEyxqd6tPkCitApLgaiLpJyZAFbsttB4ePIsz7s9dCXObDRZBE4zZCfVDCOaDzwBajqvt8tZCLyglNfHAVFymweyRxgxwtmq6IHSiwo9Nmvr3dPAXdXF
Meta Ads Library,Join UP Lietuva,1.3934E+15,teztour,https://www.facebook.com/ads/archive/render_ad/?id=1393396118980502&access_token=EAATnrmoQyC4BQptmsbNRdpMvgWhT9ZCeeMMlHDkxMXfJ2nK6fMZAk2p9lKk0ofSe3VJBPuz92dPfwiAVjmS2ZCoS7xLFsfFcl3R0EZAhf5ct7tPBlrxE7lxNtKKSRD4BlK1MAuYA7zjMuXKiS0o7eOkkQsTbvvT0TMpX7WoMajScg9PKRZBs3m5KGt4Um9A8HstpDdQRr
Meta Ads Library,Join UP Lietuva,5.40624E+14,teztour,https://www.facebook.com/ads/archive/render_ad/?id=540624215466350&access_token=EAATnrmoQyC4BQPVFaEdvyWfH85nc9J1azy5Q3EZCsaaFpLOAG9mEhR1mfp8tmZAxRmBf2IRN553VRRdSaWWJUedu3OFNvLi6Jf9yHmQkSryfa7HC1lnTHUoDGLJFXNS38IeFpk3ZBBnLtpERHKOgzlznywHZAnzlGFoqmGcIcZBTiOgc4ybEkN3braKPoQgJuFpHi7zrs
Meta Ads Library,Join UP Lietuva,2.64876E+15,teztour,https://www.facebook.com/ads/archive/render_ad/?id=2648759151997355&access_token=EAATnrmoQyC4BO5erfu0T8wppuuMsqCZCnReXzEYpZAE2SuHMabkeRUXfkbCAdlN6QqZADLZAC3kW4zSBZAUYvrEe5WEyxqd6tPkCitApLgaiLpJyZAFbsttB4ePIsz7s9dCXObDRZBE4zZCfVDCOaDzwBajqvt8tZCLyglNfHAVFymweyRxgxwtmq6IHSiwo9Nmvr3dPAXdXF
Meta Ads Library,Join UP Lietuva,1.04202E+15,teztour,https://www.facebook.com/ads/archive/render_ad/?id=1042019731229446&access_token=EAATnrmoQyC4BQPVFaEdvyWfH85nc9J1azy5Q3EZCsaaFpLOAG9mEhR1mfp8tmZAxRmBf2IRN553VRRdSaWWJUedu3OFNvLi6Jf9yHmQkSryfa7HC1lnTHUoDGLJFXNS38IeFpk3ZBBnLtpERHKOgzlznywHZAnzlGFoqmGcIcZBTiOgc4ybEkN3braKPoQgJuFpHi7zrs
Meta Ads Library,Lidl Eesti,1.66273E+15,prisma,https://www.facebook.com/ads/archive/render_ad/?id=1662733671120479&access_token=EAATnrmoQyC4BQPVFaEdvyWfH85nc9J1azy5Q3EZCsaaFpLOAG9mEhR1mfp8tmZAxRmBf2IRN553VRRdSaWWJUedu3OFNvLi6Jf9yHmQkSryfa7HC1lnTHUoDGLJFXNS38IeFpk3ZBBnLtpERHKOgzlznywHZAnzlGFoqmGcIcZBTiOgc4ybEkN3braKPoQgJuFpHi7zrs
Meta Ads Library,Lidl Eesti,1.14228E+15,prisma,https://www.facebook.com/ads/archive/render_ad/?id=1142281610693612&access_token=EAATnrmoQyC4BQPVFaEdvyWfH85nc9J1azy5Q3EZCsaaFpLOAG9mEhR1mfp8tmZAxRmBf2IRN553VRRdSaWWJUedu3OFNvLi6Jf9yHmQkSryfa7HC1lnTHUoDGLJFXNS38IeFpk3ZBBnLtpERHKOgzlznywHZAnzlGFoqmGcIcZBTiOgc4ybEkN3braKPoQgJuFpHi7zrs
Meta Ads Library,Lidl Eesti,1.0033E+15,prisma,https://www.facebook.com/ads/archive/render_ad/?id=1003296914760031&access_token=EAATnrmoQyC4BOyPI2UlrqFMQKk5vv6XeANCnonDt4Ho3GPZCm24pBF6XxsSP0Qh3kIdZCuPUtE6BvZBSuq1WwOhhHeZC7dnXLq9u3XRiPfzaTxZBalwm2gvQPVjbAEyHImZBEa9uHUj8yB0OSaDuDsgTaLPYzvCZCd5fnGkOLIjhAkfnRyK2nOmUnAFTlG8Ujgl
Meta Ads Library,Lidl Eesti,1.79415E+15,prisma,https://www.facebook.com/ads/archive/render_ad/?id=1794152497731918&access_token=EAATnrmoQyC4BOyPI2UlrqFMQKk5vv6XeANCnonDt4Ho3GPZCm24pBF6XxsSP0Qh3kIdZCuPUtE6BvZBSuq1WwOhhHeZC7dnXLq9u3XRiPfzaTxZBalwm2gvQPVjbAEyHImZBEa9uHUj8yB0OSaDuDsgTaLPYzvCZCd5fnGkOLIjhAkfnRyK2nOmUnAFTlG8Ujgl
Meta Ads Library,Lidl Eesti,2.28602E+15,prisma,https://www.facebook.com/ads/archive/render_ad/?id=2286018538541919&access_token=EAATnrmoQyC4BQptmsbNRdpMvgWhT9ZCeeMMlHDkxMXfJ2nK6fMZAk2p9lKk0ofSe3VJBPuz92dPfwiAVjmS2ZCoS7xLFsfFcl3R0EZAhf5ct7tPBlrxE7lxNtKKSRD4BlK1MAuYA7zjMuXKiS0o7eOkkQsTbvvT0TMpX7WoMajScg9PKRZBs3m5KGt4Um9A8HstpDdQRr
Meta Ads Library,Lidl Eesti,2.82612E+15,prisma,https://www.facebook.com/ads/archive/render_ad/?id=2826116850878452&access_token=EAATnrmoQyC4BOyPI2UlrqFMQKk5vv6XeANCnonDt4Ho3GPZCm24pBF6XxsSP0Qh3kIdZCuPUtE6BvZBSuq1WwOhhHeZC7dnXLq9u3XRiPfzaTxZBalwm2gvQPVjbAEyHImZBEa9uHUj8yB0OSaDuDsgTaLPYzvCZCd5fnGkOLIjhAkfnRyK2nOmUnAFTlG8Ujgl
Meta Ads Library,Lidl Eesti,3.7898E+15,prisma,https://www.facebook.com/ads/archive/render_ad/?id=3789796051346614&access_token=EAATnrmoQyC4BOyPI2UlrqFMQKk5vv6XeANCnonDt4Ho3GPZCm24pBF6XxsSP0Qh3kIdZCuPUtE6BvZBSuq1WwOhhHeZC7dnXLq9u3XRiPfzaTxZBalwm2gvQPVjbAEyHImZBEa9uHUj8yB0OSaDuDsgTaLPYzvCZCd5fnGkOLIjhAkfnRyK2nOmUnAFTlG8Ujgl
Meta Ads Library,Lidl Eesti,1.00686E+15,prisma,https://www.facebook.com/ads/archive/render_ad/?id=1006859371103069&access_token=EAATnrmoQyC4BOyPI2UlrqFMQKk5vv6XeANCnonDt4Ho3GPZCm24pBF6XxsSP0Qh3kIdZCuPUtE6BvZBSuq1WwOhhHeZC7dnXLq9u3XRiPfzaTxZBalwm2gvQPVjbAEyHImZBEa9uHUj8yB0OSaDuDsgTaLPYzvCZCd5fnGkOLIjhAkfnRyK2nOmUnAFTlG8Ujgl
Meta Ads Library,Lidl Eesti,9.86454E+14,prisma,https://www.facebook.com/ads/archive/render_ad/?id=986454216480418&access_token=EAATnrmoQyC4BOyPI2UlrqFMQKk5vv6XeANCnonDt4Ho3GPZCm24pBF6XxsSP0Qh3kIdZCuPUtE6BvZBSuq1WwOhhHeZC7dnXLq9u3XRiPfzaTxZBalwm2gvQPVjbAEyHImZBEa9uHUj8yB0OSaDuDsgTaLPYzvCZCd5fnGkOLIjhAkfnRyK2nOmUnAFTlG8Ujgl
Meta Ads Library,Lidl Eesti,8.08199E+14,prisma,https://www.facebook.com/ads/archive/render_ad/?id=808199367711340&access_token=EAATnrmoQyC4BOyPI2UlrqFMQKk5vv6XeANCnonDt4Ho3GPZCm24pBF6XxsSP0Qh3kIdZCuPUtE6BvZBSuq1WwOhhHeZC7dnXLq9u3XRiPfzaTxZBalwm2gvQPVjbAEyHImZBEa9uHUj8yB0OSaDuDsgTaLPYzvCZCd5fnGkOLIjhAkfnRyK2nOmUnAFTlG8Ujgl
Meta Ads Library,Lidl Eesti,1.10574E+15,prisma,https://www.facebook.com/ads/archive/render_ad/?id=1105735934591229&access_token=EAATnrmoQyC4BOyPI2UlrqFMQKk5vv6XeANCnonDt4Ho3GPZCm24pBF6XxsSP0Qh3kIdZCuPUtE6BvZBSuq1WwOhhHeZC7dnXLq9u3XRiPfzaTxZBalwm2gvQPVjbAEyHImZBEa9uHUj8yB0OSaDuDsgTaLPYzvCZCd5fnGkOLIjhAkfnRyK2nOmUnAFTlG8Ujgl
Meta Ads Library,Lidl Eesti,1.43181E+15,prisma,https://www.facebook.com/ads/archive/render_ad/?id=1431805021213536&access_token=EAATnrmoQyC4BQPVFaEdvyWfH85nc9J1azy5Q3EZCsaaFpLOAG9mEhR1mfp8tmZAxRmBf2IRN553VRRdSaWWJUedu3OFNvLi6Jf9yHmQkSryfa7HC1lnTHUoDGLJFXNS38IeFpk3ZBBnLtpERHKOgzlznywHZAnzlGFoqmGcIcZBTiOgc4ybEkN3braKPoQgJuFpHi7zrs
Meta Ads Library,Lidl Eesti,1.33107E+15,prisma,https://www.facebook.com/ads/archive/render_ad/?id=1331068428451395&access_token=EAATnrmoQyC4BQPVFaEdvyWfH85nc9J1azy5Q3EZCsaaFpLOAG9mEhR1mfp8tmZAxRmBf2IRN553VRRdSaWWJUedu3OFNvLi6Jf9yHmQkSryfa7HC1lnTHUoDGLJFXNS38IeFpk3ZBBnLtpERHKOgzlznywHZAnzlGFoqmGcIcZBTiOgc4ybEkN3braKPoQgJuFpHi7zrs
Meta Ads Library,Lidl Eesti,6.64136E+14,prisma,https://www.facebook.com/ads/archive/render_ad/?id=664136273189427&access_token=EAATnrmoQyC4BQPVFaEdvyWfH85nc9J1azy5Q3EZCsaaFpLOAG9mEhR1mfp8tmZAxRmBf2IRN553VRRdSaWWJUedu3OFNvLi6Jf9yHmQkSryfa7HC1lnTHUoDGLJFXNS38IeFpk3ZBBnLtpERHKOgzlznywHZAnzlGFoqmGcIcZBTiOgc4ybEkN3braKPoQgJuFpHi7zrs
Meta Ads Library,Lidl Eesti,1.76244E+15,prisma,https://www.facebook.com/ads/archive/render_ad/?id=1762437291972503&access_token=EAATnrmoQyC4BQptmsbNRdpMvgWhT9ZCeeMMlHDkxMXfJ2nK6fMZAk2p9lKk0ofSe3VJBPuz92dPfwiAVjmS2ZCoS7xLFsfFcl3R0EZAhf5ct7tPBlrxE7lxNtKKSRD4BlK1MAuYA7zjMuXKiS0o7eOkkQsTbvvT0TMpX7WoMajScg9PKRZBs3m5KGt4Um9A8HstpDdQRr
Meta Ads Library,Lidl Eesti,2.04668E+15,prisma,https://www.facebook.com/ads/archive/render_ad/?id=2046682679517392&access_token=EAATnrmoQyC4BQptmsbNRdpMvgWhT9ZCeeMMlHDkxMXfJ2nK6fMZAk2p9lKk0ofSe3VJBPuz92dPfwiAVjmS2ZCoS7xLFsfFcl3R0EZAhf5ct7tPBlrxE7lxNtKKSRD4BlK1MAuYA7zjMuXKiS0o7eOkkQsTbvvT0TMpX7WoMajScg9PKRZBs3m5KGt4Um9A8HstpDdQRr
Meta Ads Library,Lidl Eesti,2.55866E+16,prisma,https://www.facebook.com/ads/archive/render_ad/?id=25586640817620520&access_token=EAATnrmoQyC4BQptmsbNRdpMvgWhT9ZCeeMMlHDkxMXfJ2nK6fMZAk2p9lKk0ofSe3VJBPuz92dPfwiAVjmS2ZCoS7xLFsfFcl3R0EZAhf5ct7tPBlrxE7lxNtKKSRD4BlK1MAuYA7zjMuXKiS0o7eOkkQsTbvvT0TMpX7WoMajScg9PKRZBs3m5KGt4Um9A8HstpDdQRr
Meta Ads Library,Lidl Eesti,7.58711E+14,prisma,https://www.facebook.com/ads/archive/render_ad/?id=758710989825595&access_token=EAATnrmoQyC4BQPVFaEdvyWfH85nc9J1azy5Q3EZCsaaFpLOAG9mEhR1mfp8tmZAxRmBf2IRN553VRRdSaWWJUedu3OFNvLi6Jf9yHmQkSryfa7HC1lnTHUoDGLJFXNS38IeFpk3ZBBnLtpERHKOgzlznywHZAnzlGFoqmGcIcZBTiOgc4ybEkN3braKPoQgJuFpHi7zrs
Meta Ads Library,Lidl Eesti,1.09165E+15,prisma,https://www.facebook.com/ads/archive/render_ad/?id=1091653878619341&access_token=EAATnrmoQyC4BOyPI2UlrqFMQKk5vv6XeANCnonDt4Ho3GPZCm24pBF6XxsSP0Qh3kIdZCuPUtE6BvZBSuq1WwOhhHeZC7dnXLq9u3XRiPfzaTxZBalwm2gvQPVjbAEyHImZBEa9uHUj8yB0OSaDuDsgTaLPYzvCZCd5fnGkOLIjhAkfnRyK2nOmUnAFTlG8Ujgl
Meta Ads Library,Lidl Eesti,5.61356E+14,prisma,https://www.facebook.com/ads/archive/render_ad/?id=561356456474365&access_token=EAATnrmoQyC4BOyPI2UlrqFMQKk5vv6XeANCnonDt4Ho3GPZCm24pBF6XxsSP0Qh3kIdZCuPUtE6BvZBSuq1WwOhhHeZC7dnXLq9u3XRiPfzaTxZBalwm2gvQPVjbAEyHImZBEa9uHUj8yB0OSaDuDsgTaLPYzvCZCd5fnGkOLIjhAkfnRyK2nOmUnAFTlG8Ujgl
Meta Ads Library,Lidl Eesti,1.04239E+15,prisma,https://www.facebook.com/ads/archive/render_ad/?id=1042394924226065&access_token=EAATnrmoQyC4BOyPI2UlrqFMQKk5vv6XeANCnonDt4Ho3GPZCm24pBF6XxsSP0Qh3kIdZCuPUtE6BvZBSuq1WwOhhHeZC7dnXLq9u3XRiPfzaTxZBalwm2gvQPVjbAEyHImZBEa9uHUj8yB0OSaDuDsgTaLPYzvCZCd5fnGkOLIjhAkfnRyK2nOmUnAFTlG8Ujgl
Meta Ads Library,Lidl Eesti,1.88541E+15,prisma,https://www.facebook.com/ads/archive/render_ad/?id=1885411478570563&access_token=EAATnrmoQyC4BOyPI2UlrqFMQKk5vv6XeANCnonDt4Ho3GPZCm24pBF6XxsSP0Qh3kIdZCuPUtE6BvZBSuq1WwOhhHeZC7dnXLq9u3XRiPfzaTxZBalwm2gvQPVjbAEyHImZBEa9uHUj8yB0OSaDuDsgTaLPYzvCZCd5fnGkOLIjhAkfnRyK2nOmUnAFTlG8Ujgl
Meta Ads Library,Lidl Eesti,1.4397E+15,prisma,https://www.facebook.com/ads/archive/render_ad/?id=1439700440836629&access_token=EAATnrmoQyC4BQptmsbNRdpMvgWhT9ZCeeMMlHDkxMXfJ2nK6fMZAk2p9lKk0ofSe3VJBPuz92dPfwiAVjmS2ZCoS7xLFsfFcl3R0EZAhf5ct7tPBlrxE7lxNtKKSRD4BlK1MAuYA7zjMuXKiS0o7eOkkQsTbvvT0TMpX7WoMajScg9PKRZBs3m5KGt4Um9A8HstpDdQRr
Meta Ads Library,Lidl Eesti,1.17218E+15,prisma,https://www.facebook.com/ads/archive/render_ad/?id=1172175804539425&access_token=EAATnrmoQyC4BQPVFaEdvyWfH85nc9J1azy5Q3EZCsaaFpLOAG9mEhR1mfp8tmZAxRmBf2IRN553VRRdSaWWJUedu3OFNvLi6Jf9yHmQkSryfa7HC1lnTHUoDGLJFXNS38IeFpk3ZBBnLtpERHKOgzlznywHZAnzlGFoqmGcIcZBTiOgc4ybEkN3braKPoQgJuFpHi7zrs
Meta Ads Library,Lidl Eesti,5.71325E+14,prisma,https://www.facebook.com/ads/archive/render_ad/?id=571324892379794&access_token=EAATnrmoQyC4BO5erfu0T8wppuuMsqCZCnReXzEYpZAE2SuHMabkeRUXfkbCAdlN6QqZADLZAC3kW4zSBZAUYvrEe5WEyxqd6tPkCitApLgaiLpJyZAFbsttB4ePIsz7s9dCXObDRZBE4zZCfVDCOaDzwBajqvt8tZCLyglNfHAVFymweyRxgxwtmq6IHSiwo9Nmvr3dPAXdXF
Meta Ads Library,Lidl Eesti,1.42635E+15,prisma,https://www.facebook.com/ads/archive/render_ad/?id=1426348571423347&access_token=EAATnrmoQyC4BOyPI2UlrqFMQKk5vv6XeANCnonDt4Ho3GPZCm24pBF6XxsSP0Qh3kIdZCuPUtE6BvZBSuq1WwOhhHeZC7dnXLq9u3XRiPfzaTxZBalwm2gvQPVjbAEyHImZBEa9uHUj8yB0OSaDuDsgTaLPYzvCZCd5fnGkOLIjhAkfnRyK2nOmUnAFTlG8Ujgl
Meta Ads Library,Lidl Eesti,2.50712E+15,prisma,https://www.facebook.com/ads/archive/render_ad/?id=2507123776344743&access_token=EAATnrmoQyC4BOyPI2UlrqFMQKk5vv6XeANCnonDt4Ho3GPZCm24pBF6XxsSP0Qh3kIdZCuPUtE6BvZBSuq1WwOhhHeZC7dnXLq9u3XRiPfzaTxZBalwm2gvQPVjbAEyHImZBEa9uHUj8yB0OSaDuDsgTaLPYzvCZCd5fnGkOLIjhAkfnRyK2nOmUnAFTlG8Ujgl
Meta Ads Library,Lidl Eesti,1.90053E+15,prisma,https://www.facebook.com/ads/archive/render_ad/?id=1900533467236479&access_token=EAATnrmoQyC4BQptmsbNRdpMvgWhT9ZCeeMMlHDkxMXfJ2nK6fMZAk2p9lKk0ofSe3VJBPuz92dPfwiAVjmS2ZCoS7xLFsfFcl3R0EZAhf5ct7tPBlrxE7lxNtKKSRD4BlK1MAuYA7zjMuXKiS0o7eOkkQsTbvvT0TMpX7WoMajScg9PKRZBs3m5KGt4Um9A8HstpDdQRr
Meta Ads Library,Lidl Eesti,6.0539E+14,prisma,https://www.facebook.com/ads/archive/render_ad/?id=605390032183870&access_token=EAATnrmoQyC4BQPVFaEdvyWfH85nc9J1azy5Q3EZCsaaFpLOAG9mEhR1mfp8tmZAxRmBf2IRN553VRRdSaWWJUedu3OFNvLi6Jf9yHmQkSryfa7HC1lnTHUoDGLJFXNS38IeFpk3ZBBnLtpERHKOgzlznywHZAnzlGFoqmGcIcZBTiOgc4ybEkN3braKPoQgJuFpHi7zrs
Meta Ads Library,Lidl Eesti,3.20881E+15,prisma,https://www.facebook.com/ads/archive/render_ad/?id=3208810612602964&access_token=EAATnrmoQyC4BQPVFaEdvyWfH85nc9J1azy5Q3EZCsaaFpLOAG9mEhR1mfp8tmZAxRmBf2IRN553VRRdSaWWJUedu3OFNvLi6Jf9yHmQkSryfa7HC1lnTHUoDGLJFXNS38IeFpk3ZBBnLtpERHKOgzlznywHZAnzlGFoqmGcIcZBTiOgc4ybEkN3braKPoQgJuFpHi7zrs
Meta Ads Library,Lidl Eesti,9.40659E+14,prisma,https://www.facebook.com/ads/archive/render_ad/?id=940659447973560&access_token=EAATnrmoQyC4BQPVFaEdvyWfH85nc9J1azy5Q3EZCsaaFpLOAG9mEhR1mfp8tmZAxRmBf2IRN553VRRdSaWWJUedu3OFNvLi6Jf9yHmQkSryfa7HC1lnTHUoDGLJFXNS38IeFpk3ZBBnLtpERHKOgzlznywHZAnzlGFoqmGcIcZBTiOgc4ybEkN3braKPoQgJuFpHi7zrs
Meta Ads Library,Lidl Eesti,1.36643E+15,prisma,https://www.facebook.com/ads/archive/render_ad/?id=1366432074848418&access_token=EAATnrmoQyC4BQptmsbNRdpMvgWhT9ZCeeMMlHDkxMXfJ2nK6fMZAk2p9lKk0ofSe3VJBPuz92dPfwiAVjmS2ZCoS7xLFsfFcl3R0EZAhf5ct7tPBlrxE7lxNtKKSRD4BlK1MAuYA7zjMuXKiS0o7eOkkQsTbvvT0TMpX7WoMajScg9PKRZBs3m5KGt4Um9A8HstpDdQRr
Meta Ads Library,Lidl Eesti,9.41224E+14,prisma,https://www.facebook.com/ads/archive/render_ad/?id=941223827704862&access_token=EAATnrmoQyC4BOyPI2UlrqFMQKk5vv6XeANCnonDt4Ho3GPZCm24pBF6XxsSP0Qh3kIdZCuPUtE6BvZBSuq1WwOhhHeZC7dnXLq9u3XRiPfzaTxZBalwm2gvQPVjbAEyHImZBEa9uHUj8yB0OSaDuDsgTaLPYzvCZCd5fnGkOLIjhAkfnRyK2nOmUnAFTlG8Ujgl
Meta Ads Library,Lidl Eesti,1.15515E+15,prisma,https://www.facebook.com/ads/archive/render_ad/?id=1155148396136533&access_token=EAATnrmoQyC4BQptmsbNRdpMvgWhT9ZCeeMMlHDkxMXfJ2nK6fMZAk2p9lKk0ofSe3VJBPuz92dPfwiAVjmS2ZCoS7xLFsfFcl3R0EZAhf5ct7tPBlrxE7lxNtKKSRD4BlK1MAuYA7zjMuXKiS0o7eOkkQsTbvvT0TMpX7WoMajScg9PKRZBs3m5KGt4Um9A8HstpDdQRr
Meta Ads Library,Lidl Eesti,7.07033E+14,prisma,https://www.facebook.com/ads/archive/render_ad/?id=707033188648004&access_token=EAATnrmoQyC4BQPVFaEdvyWfH85nc9J1azy5Q3EZCsaaFpLOAG9mEhR1mfp8tmZAxRmBf2IRN553VRRdSaWWJUedu3OFNvLi6Jf9yHmQkSryfa7HC1lnTHUoDGLJFXNS38IeFpk3ZBBnLtpERHKOgzlznywHZAnzlGFoqmGcIcZBTiOgc4ybEkN3braKPoQgJuFpHi7zrs
Meta Ads Library,Lidl Eesti,6.80732E+14,prisma,https://www.facebook.com/ads/archive/render_ad/?id=680732367794415&access_token=EAATnrmoQyC4BQPVFaEdvyWfH85nc9J1azy5Q3EZCsaaFpLOAG9mEhR1mfp8tmZAxRmBf2IRN553VRRdSaWWJUedu3OFNvLi6Jf9yHmQkSryfa7HC1lnTHUoDGLJFXNS38IeFpk3ZBBnLtpERHKOgzlznywHZAnzlGFoqmGcIcZBTiOgc4ybEkN3braKPoQgJuFpHi7zrs
Meta Ads Library,Lidl Eesti,1.47312E+15,prisma,https://www.facebook.com/ads/archive/render_ad/?id=1473120127464347&access_token=EAATnrmoQyC4BQPVFaEdvyWfH85nc9J1azy5Q3EZCsaaFpLOAG9mEhR1mfp8tmZAxRmBf2IRN553VRRdSaWWJUedu3OFNvLi6Jf9yHmQkSryfa7HC1lnTHUoDGLJFXNS38IeFpk3ZBBnLtpERHKOgzlznywHZAnzlGFoqmGcIcZBTiOgc4ybEkN3braKPoQgJuFpHi7zrs
Meta Ads Library,Lidl Eesti,1.49529E+15,prisma,https://www.facebook.com/ads/archive/render_ad/?id=1495285868434383&access_token=EAATnrmoQyC4BQptmsbNRdpMvgWhT9ZCeeMMlHDkxMXfJ2nK6fMZAk2p9lKk0ofSe3VJBPuz92dPfwiAVjmS2ZCoS7xLFsfFcl3R0EZAhf5ct7tPBlrxE7lxNtKKSRD4BlK1MAuYA7zjMuXKiS0o7eOkkQsTbvvT0TMpX7WoMajScg9PKRZBs3m5KGt4Um9A8HstpDdQRr
Meta Ads Library,Lidl Eesti,8.12991E+14,prisma,https://www.facebook.com/ads/archive/render_ad/?id=812991414316140&access_token=EAATnrmoQyC4BOyPI2UlrqFMQKk5vv6XeANCnonDt4Ho3GPZCm24pBF6XxsSP0Qh3kIdZCuPUtE6BvZBSuq1WwOhhHeZC7dnXLq9u3XRiPfzaTxZBalwm2gvQPVjbAEyHImZBEa9uHUj8yB0OSaDuDsgTaLPYzvCZCd5fnGkOLIjhAkfnRyK2nOmUnAFTlG8Ujgl
Meta Ads Library,Lidl Eesti,4.86321E+14,prisma,https://www.facebook.com/ads/archive/render_ad/?id=486320687732642&access_token=EAATnrmoQyC4BOyPI2UlrqFMQKk5vv6XeANCnonDt4Ho3GPZCm24pBF6XxsSP0Qh3kIdZCuPUtE6BvZBSuq1WwOhhHeZC7dnXLq9u3XRiPfzaTxZBalwm2gvQPVjbAEyHImZBEa9uHUj8yB0OSaDuDsgTaLPYzvCZCd5fnGkOLIjhAkfnRyK2nOmUnAFTlG8Ujgl
Meta Ads Library,Lidl Eesti,1.73013E+15,prisma,https://www.facebook.com/ads/archive/render_ad/?id=1730133527560401&access_token=EAATnrmoQyC4BOyPI2UlrqFMQKk5vv6XeANCnonDt4Ho3GPZCm24pBF6XxsSP0Qh3kIdZCuPUtE6BvZBSuq1WwOhhHeZC7dnXLq9u3XRiPfzaTxZBalwm2gvQPVjbAEyHImZBEa9uHUj8yB0OSaDuDsgTaLPYzvCZCd5fnGkOLIjhAkfnRyK2nOmUnAFTlG8Ujgl
Meta Ads Library,Liven,6.12945E+14,liven,https://www.facebook.com/ads/archive/render_ad/?id=612945158185761&access_token=EAATnrmoQyC4BQPVFaEdvyWfH85nc9J1azy5Q3EZCsaaFpLOAG9mEhR1mfp8tmZAxRmBf2IRN553VRRdSaWWJUedu3OFNvLi6Jf9yHmQkSryfa7HC1lnTHUoDGLJFXNS38IeFpk3ZBBnLtpERHKOgzlznywHZAnzlGFoqmGcIcZBTiOgc4ybEkN3braKPoQgJuFpHi7zrs
Meta Ads Library,Liven,2.55065E+16,liven,https://www.facebook.com/ads/archive/render_ad/?id=25506499219021436&access_token=EAATnrmoQyC4BQptmsbNRdpMvgWhT9ZCeeMMlHDkxMXfJ2nK6fMZAk2p9lKk0ofSe3VJBPuz92dPfwiAVjmS2ZCoS7xLFsfFcl3R0EZAhf5ct7tPBlrxE7lxNtKKSRD4BlK1MAuYA7zjMuXKiS0o7eOkkQsTbvvT0TMpX7WoMajScg9PKRZBs3m5KGt4Um9A8HstpDdQRr
Meta Ads Library,Liven,8.36383E+14,liven,https://www.facebook.com/ads/archive/render_ad/?id=836382849435718&access_token=EAATnrmoQyC4BQptmsbNRdpMvgWhT9ZCeeMMlHDkxMXfJ2nK6fMZAk2p9lKk0ofSe3VJBPuz92dPfwiAVjmS2ZCoS7xLFsfFcl3R0EZAhf5ct7tPBlrxE7lxNtKKSRD4BlK1MAuYA7zjMuXKiS0o7eOkkQsTbvvT0TMpX7WoMajScg9PKRZBs3m5KGt4Um9A8HstpDdQRr
Meta Ads Library,Liven,1.55871E+15,liven,https://www.facebook.com/ads/archive/render_ad/?id=1558707858666314&access_token=EAATnrmoQyC4BQptmsbNRdpMvgWhT9ZCeeMMlHDkxMXfJ2nK6fMZAk2p9lKk0ofSe3VJBPuz92dPfwiAVjmS2ZCoS7xLFsfFcl3R0EZAhf5ct7tPBlrxE7lxNtKKSRD4BlK1MAuYA7zjMuXKiS0o7eOkkQsTbvvT0TMpX7WoMajScg9PKRZBs3m5KGt4Um9A8HstpDdQRr
Meta Ads Library,Liven,7.4611E+14,liven,https://www.facebook.com/ads/archive/render_ad/?id=746109625026846&access_token=EAATnrmoQyC4BQPVFaEdvyWfH85nc9J1azy5Q3EZCsaaFpLOAG9mEhR1mfp8tmZAxRmBf2IRN553VRRdSaWWJUedu3OFNvLi6Jf9yHmQkSryfa7HC1lnTHUoDGLJFXNS38IeFpk3ZBBnLtpERHKOgzlznywHZAnzlGFoqmGcIcZBTiOgc4ybEkN3braKPoQgJuFpHi7zrs
Meta Ads Library,Liven,1.75292E+15,liven,https://www.facebook.com/ads/archive/render_ad/?id=1752922911914492&access_token=EAATnrmoQyC4BPMzpZA4IBb0SXjMybbBaZAh3iKJFNiqBkucCvHUYyM1BiCwvozXjYnUzV70MsLrmdHeuwc7AP6M1pTNVggvg26dRGuCPcLwocJVlHYvqWtVlXMEZCyJQ9Y3zwKqouOI04uO8fnKsUpYu8grmDccMwtbUzDYP5HhFqB3wYpyodE7lX5JU3qEUguRSkXO
Meta Ads Library,Liven,1.50994E+15,liven,https://www.facebook.com/ads/archive/render_ad/?id=1509940560249624&access_token=EAATnrmoQyC4BQptmsbNRdpMvgWhT9ZCeeMMlHDkxMXfJ2nK6fMZAk2p9lKk0ofSe3VJBPuz92dPfwiAVjmS2ZCoS7xLFsfFcl3R0EZAhf5ct7tPBlrxE7lxNtKKSRD4BlK1MAuYA7zjMuXKiS0o7eOkkQsTbvvT0TMpX7WoMajScg9PKRZBs3m5KGt4Um9A8HstpDdQRr
Meta Ads Library,Liven,1.39497E+15,liven,https://www.facebook.com/ads/archive/render_ad/?id=1394968138988178&access_token=EAATnrmoQyC4BQptmsbNRdpMvgWhT9ZCeeMMlHDkxMXfJ2nK6fMZAk2p9lKk0ofSe3VJBPuz92dPfwiAVjmS2ZCoS7xLFsfFcl3R0EZAhf5ct7tPBlrxE7lxNtKKSRD4BlK1MAuYA7zjMuXKiS0o7eOkkQsTbvvT0TMpX7WoMajScg9PKRZBs3m5KGt4Um9A8HstpDdQRr
Meta Ads Library,Liven,1.20846E+15,liven,https://www.facebook.com/ads/archive/render_ad/?id=1208459481214644&access_token=EAATnrmoQyC4BQptmsbNRdpMvgWhT9ZCeeMMlHDkxMXfJ2nK6fMZAk2p9lKk0ofSe3VJBPuz92dPfwiAVjmS2ZCoS7xLFsfFcl3R0EZAhf5ct7tPBlrxE7lxNtKKSRD4BlK1MAuYA7zjMuXKiS0o7eOkkQsTbvvT0TMpX7WoMajScg9PKRZBs3m5KGt4Um9A8HstpDdQRr
Meta Ads Library,Liven,1.20164E+15,liven,https://www.facebook.com/ads/archive/render_ad/?id=1201642365349520&access_token=EAATnrmoQyC4BQptmsbNRdpMvgWhT9ZCeeMMlHDkxMXfJ2nK6fMZAk2p9lKk0ofSe3VJBPuz92dPfwiAVjmS2ZCoS7xLFsfFcl3R0EZAhf5ct7tPBlrxE7lxNtKKSRD4BlK1MAuYA7zjMuXKiS0o7eOkkQsTbvvT0TMpX7WoMajScg9PKRZBs3m5KGt4Um9A8HstpDdQRr
Meta Ads Library,Liven,5.54027E+14,liven,https://www.facebook.com/ads/archive/render_ad/?id=554027297114518&access_token=EAATnrmoQyC4BPMzpZA4IBb0SXjMybbBaZAh3iKJFNiqBkucCvHUYyM1BiCwvozXjYnUzV70MsLrmdHeuwc7AP6M1pTNVggvg26dRGuCPcLwocJVlHYvqWtVlXMEZCyJQ9Y3zwKqouOI04uO8fnKsUpYu8grmDccMwtbUzDYP5HhFqB3wYpyodE7lX5JU3qEUguRSkXO
Google Transparence Center,Luminor Bank AS,CR02581200389126750209,swedbank,https://adstransparency.google.com/advertiser/AR17503554412100976641/creative/CR02581200389126750209
Google Transparence Center,Luminor Bank AS,CR14014670254706262017,swedbank,https://adstransparency.google.com/advertiser/AR17503554412100976641/creative/CR14014670254706262017
Google Transparence Center,Luminor Bank AS,CR13702072759557816321,swedbank,https://adstransparency.google.com/advertiser/AR17503554412100976641/creative/CR13702072759557816321
Google Transparence Center,Luminor Bank AS,CR02215923591084507137,swedbank,https://adstransparency.google.com/advertiser/AR17503554412100976641/creative/CR02215923591084507137
Google Transparence Center,Luminor Bank AS,CR00943556262837092353,swedbank,https://adstransparency.google.com/advertiser/AR17503554412100976641/creative/CR00943556262837092353
Google Transparence Center,Luminor Bank AS,CR16621994593432371201,swedbank,https://adstransparency.google.com/advertiser/AR17503554412100976641/creative/CR16621994593432371201
Google Transparence Center,Luminor Bank AS,CR06237523709117071361,swedbank,https://adstransparency.google.com/advertiser/AR17503554412100976641/creative/CR06237523709117071361
Google Transparence Center,Luminor Bank AS,CR14013909847926374401,swedbank,https://adstransparency.google.com/advertiser/AR17503554412100976641/creative/CR14013909847926374401
Google Transparence Center,Luminor Bank AS,CR15758305386358112257,swedbank,https://adstransparency.google.com/advertiser/AR17503554412100976641/creative/CR15758305386358112257
Google Transparence Center,Luminor Bank AS,CR16621523658858299393,swedbank,https://adstransparency.google.com/advertiser/AR17503554412100976641/creative/CR16621523658858299393
Google Transparence Center,MODIVO S.A.,CR09724634130917883905,ballzy,https://adstransparency.google.com/advertiser/AR15094201179225194497/creative/CR09724634130917883905
Google Transparence Center,MODIVO S.A.,CR08642917755240054785,ballzy,https://adstransparency.google.com/advertiser/AR15094201179225194497/creative/CR08642917755240054785
Google Transparence Center,MODIVO S.A.,CR12121713584212279297,ballzy,https://adstransparency.google.com/advertiser/AR15094201179225194497/creative/CR12121713584212279297
Google Transparence Center,MODIVO S.A.,CR03858019004299870209,ballzy,https://adstransparency.google.com/advertiser/AR15094201179225194497/creative/CR03858019004299870209
Google Transparence Center,MODIVO S.A.,CR02167310831946039297,ballzy,https://adstransparency.google.com/advertiser/AR15094201179225194497/creative/CR02167310831946039297
Google Transparence Center,MODIVO S.A.,CR14916712583430930433,ballzy,https://adstransparency.google.com/advertiser/AR15094201179225194497/creative/CR14916712583430930433
Google Transparence Center,MODIVO S.A.,CR01431411479046782977,ballzy,https://adstransparency.google.com/advertiser/AR15094201179225194497/creative/CR01431411479046782977
Google Transparence Center,MODIVO S.A.,CR08477079498754359297,ballzy,https://adstransparency.google.com/advertiser/AR15094201179225194497/creative/CR08477079498754359297
Google Transparence Center,MODIVO S.A.,CR17594871532847366145,ballzy,https://adstransparency.google.com/advertiser/AR15094201179225194497/creative/CR17594871532847366145
Google Transparence Center,MODIVO S.A.,CR04291710422299443201,ballzy,https://adstransparency.google.com/advertiser/AR15094201179225194497/creative/CR04291710422299443201
Google Transparence Center,MODIVO S.A.,CR11311872606921031681,ballzy,https://adstransparency.google.com/advertiser/AR15094201179225194497/creative/CR11311872606921031681
Google Transparence Center,MODIVO S.A.,CR08555424993633107969,ballzy,https://adstransparency.google.com/advertiser/AR15094201179225194497/creative/CR08555424993633107969
Google Transparence Center,MODIVO S.A.,CR16909933461563768833,ballzy,https://adstransparency.google.com/advertiser/AR15094201179225194497/creative/CR16909933461563768833
Google Transparence Center,MODIVO S.A. (Modivo.com S.A.),CR12031832717709541377,ballzy,https://adstransparency.google.com/advertiser/AR15094201179225194497/creative/CR12031832717709541377
Google Transparence Center,MODIVO S.A. (Modivo.com S.A.),CR06032580617214885889,ballzy,https://adstransparency.google.com/advertiser/AR15094201179225194497/creative/CR06032580617214885889
Google Transparence Center,MODIVO S.A. (Modivo.com S.A.),CR08601013391420555265,ballzy,https://adstransparency.google.com/advertiser/AR15094201179225194497/creative/CR08601013391420555265
Google Transparence Center,MODIVO S.A. (Modivo.com S.A.),CR00345808621822541825,ballzy,https://adstransparency.google.com/advertiser/AR15094201179225194497/creative/CR00345808621822541825
Google Transparence Center,MODIVO S.A. (Modivo.com S.A.),CR13611621298059870209,ballzy,https://adstransparency.google.com/advertiser/AR15094201179225194497/creative/CR13611621298059870209
Google Transparence Center,MODIVO S.A. (Modivo.com S.A.),CR07727574342296403969,ballzy,https://adstransparency.google.com/advertiser/AR15094201179225194497/creative/CR07727574342296403969
Google Transparence Center,MODIVO S.A. (Modivo.com S.A.),CR16754017249546731521,ballzy,https://adstransparency.google.com/advertiser/AR15094201179225194497/creative/CR16754017249546731521
Google Transparence Center,MODIVO S.A. (Modivo.com S.A.),CR02052254825659236353,ballzy,https://adstransparency.google.com/advertiser/AR15094201179225194497/creative/CR02052254825659236353
Google Transparence Center,MODIVO S.A. (Modivo.com S.A.),CR02913315297999978497,ballzy,https://adstransparency.google.com/advertiser/AR15094201179225194497/creative/CR02913315297999978497
Google Transparence Center,MODIVO S.A. (Modivo.com S.A.),CR12635150793868050433,ballzy,https://adstransparency.google.com/advertiser/AR15094201179225194497/creative/CR12635150793868050433
Google Transparence Center,MODIVO S.A. (Modivo.com S.A.),CR07256971030462201857,ballzy,https://adstransparency.google.com/advertiser/AR15094201179225194497/creative/CR07256971030462201857
Google Transparence Center,MODIVO S.A. (Modivo.com S.A.),CR13744040087597875201,ballzy,https://adstransparency.google.com/advertiser/AR15094201179225194497/creative/CR13744040087597875201
Google Transparence Center,MODIVO S.A. (Modivo.com S.A.),CR16834866916517478401,ballzy,https://adstransparency.google.com/advertiser/AR15094201179225194497/creative/CR16834866916517478401
Google Transparence Center,MODIVO S.A. (Modivo.com S.A.),CR02834000995938205697,ballzy,https://adstransparency.google.com/advertiser/AR15094201179225194497/creative/CR02834000995938205697
Google Transparence Center,MODIVO S.A. (Modivo.com S.A.),CR01758693123782868993,ballzy,https://adstransparency.google.com/advertiser/AR15094201179225194497/creative/CR01758693123782868993
Google Transparence Center,MODIVO S.A. (Modivo.com S.A.),CR17966453909815820289,ballzy,https://adstransparency.google.com/advertiser/AR15094201179225194497/creative/CR17966453909815820289
Google Transparence Center,MODIVO S.A. (Modivo.com S.A.),CR01840279635342917633,ballzy,https://adstransparency.google.com/advertiser/AR15094201179225194497/creative/CR01840279635342917633
Google Transparence Center,MODIVO S.A. (Modivo.com S.A.),CR00910088949953724417,ballzy,https://adstransparency.google.com/advertiser/AR15094201179225194497/creative/CR00910088949953724417
Google Transparence Center,MODIVO S.A. (Modivo.com S.A.),CR08184188464611196929,ballzy,https://adstransparency.google.com/advertiser/AR15094201179225194497/creative/CR08184188464611196929
Google Transparence Center,MODIVO S.A. (Modivo.com S.A.),CR14422808541439983617,ballzy,https://adstransparency.google.com/advertiser/AR15094201179225194497/creative/CR14422808541439983617
Google Transparence Center,MODIVO S.A. (Modivo.com S.A.),CR05816253319357661185,ballzy,https://adstransparency.google.com/advertiser/AR15094201179225194497/creative/CR05816253319357661185
Google Transparence Center,MODIVO S.A. (Modivo.com S.A.),CR11175423420072460289,ballzy,https://adstransparency.google.com/advertiser/AR15094201179225194497/creative/CR11175423420072460289
Google Transparence Center,MODIVO S.A. (Modivo.com S.A.),CR08558490225892917249,ballzy,https://adstransparency.google.com/advertiser/AR15094201179225194497/creative/CR08558490225892917249
Google Transparence Center,MODIVO S.A. (Modivo.com S.A.),CR06345303302070075393,ballzy,https://adstransparency.google.com/advertiser/AR15094201179225194497/creative/CR06345303302070075393
Google Transparence Center,MODIVO S.A. (Modivo.com S.A.),CR11500513102479228929,ballzy,https://adstransparency.google.com/advertiser/AR15094201179225194497/creative/CR11500513102479228929
Google Transparence Center,MODIVO S.A. (Modivo.com S.A.),CR04966067120094838785,ballzy,https://adstransparency.google.com/advertiser/AR15094201179225194497/creative/CR04966067120094838785
Google Transparence Center,MODIVO S.A. (Modivo.com S.A.),CR15751594439828570113,ballzy,https://adstransparency.google.com/advertiser/AR15094201179225194497/creative/CR15751594439828570113
Google Transparence Center,MODIVO S.A. (Modivo.com S.A.),CR18363291433219129345,ballzy,https://adstransparency.google.com/advertiser/AR15094201179225194497/creative/CR18363291433219129345
Google Transparence Center,MODIVO S.A. (Modivo.com S.A.),CR00709358190176763905,ballzy,https://adstransparency.google.com/advertiser/AR15094201179225194497/creative/CR00709358190176763905
Google Transparence Center,MODIVO S.A. (Modivo.com S.A.),CR05237239775932448769,ballzy,https://adstransparency.google.com/advertiser/AR15094201179225194497/creative/CR05237239775932448769
Google Transparence Center,MODIVO S.A. (Modivo.com S.A.),CR08392057494393847809,ballzy,https://adstransparency.google.com/advertiser/AR15094201179225194497/creative/CR08392057494393847809
Google Transparence Center,MODIVO S.A. (Modivo.com S.A.),CR02326716361293692929,ballzy,https://adstransparency.google.com/advertiser/AR15094201179225194497/creative/CR02326716361293692929
Google Transparence Center,MODIVO S.A. (Modivo.com S.A.),CR12762566393182814209,ballzy,https://adstransparency.google.com/advertiser/AR15094201179225194497/creative/CR12762566393182814209
Google Transparence Center,MODIVO S.A. (Modivo.com S.A.),CR14722786718298144769,ballzy,https://adstransparency.google.com/advertiser/AR15094201179225194497/creative/CR14722786718298144769
Google Transparence Center,MODIVO S.A. (Modivo.com S.A.),CR07698227174360219649,ballzy,https://adstransparency.google.com/advertiser/AR15094201179225194497/creative/CR07698227174360219649
Google Transparence Center,MODIVO S.A. (Modivo.com S.A.),CR01151625352196390913,ballzy,https://adstransparency.google.com/advertiser/AR15094201179225194497/creative/CR01151625352196390913
Google Transparence Center,MODIVO S.A. (Modivo.com S.A.),CR06919226725133975553,ballzy,https://adstransparency.google.com/advertiser/AR15094201179225194497/creative/CR06919226725133975553
Google Transparence Center,MODIVO S.A. (Modivo.com S.A.),CR15184238640235544577,ballzy,https://adstransparency.google.com/advertiser/AR15094201179225194497/creative/CR15184238640235544577
Google Transparence Center,MODIVO S.A. (Modivo.com S.A.),CR04752495713772896257,ballzy,https://adstransparency.google.com/advertiser/AR15094201179225194497/creative/CR04752495713772896257
Google Transparence Center,MODIVO S.A. (Modivo.com S.A.),CR11414797031403683841,ballzy,https://adstransparency.google.com/advertiser/AR15094201179225194497/creative/CR11414797031403683841
Google Transparence Center,MODIVO S.A. (Modivo.com S.A.),CR13543046286843838465,ballzy,https://adstransparency.google.com/advertiser/AR15094201179225194497/creative/CR13543046286843838465
Google Transparence Center,MODIVO S.A. (Modivo.com S.A.),CR02382212389639553025,ballzy,https://adstransparency.google.com/advertiser/AR15094201179225194497/creative/CR02382212389639553025
Google Transparence Center,MODIVO S.A. (Modivo.com S.A.),CR08430920523151572993,ballzy,https://adstransparency.google.com/advertiser/AR15094201179225194497/creative/CR08430920523151572993
Google Transparence Center,MODIVO S.A. (Modivo.com S.A.),CR09604517244407119873,ballzy,https://adstransparency.google.com/advertiser/AR15094201179225194497/creative/CR09604517244407119873
Google Transparence Center,MODIVO S.A. (Modivo.com S.A.),CR08739577660683845633,ballzy,https://adstransparency.google.com/advertiser/AR15094201179225194497/creative/CR08739577660683845633
Google Transparence Center,MODIVO S.A. (Modivo.com S.A.),CR09107291457529577473,ballzy,https://adstransparency.google.com/advertiser/AR15094201179225194497/creative/CR09107291457529577473
Google Transparence Center,MODIVO S.A. (Modivo.com S.A.),CR17354945468462792705,ballzy,https://adstransparency.google.com/advertiser/AR15094201179225194497/creative/CR17354945468462792705
Google Transparence Center,MODIVO S.A. (Modivo.com S.A.),CR10200005457746067457,ballzy,https://adstransparency.google.com/advertiser/AR15094201179225194497/creative/CR10200005457746067457
Google Transparence Center,MODIVO S.A. (Modivo.com S.A.),CR00764397611959451649,ballzy,https://adstransparency.google.com/advertiser/AR15094201179225194497/creative/CR00764397611959451649
Google Transparence Center,MODIVO S.A. (Modivo.com S.A.),CR13275518701030866945,ballzy,https://adstransparency.google.com/advertiser/AR15094201179225194497/creative/CR13275518701030866945
Google Transparence Center,MODIVO S.A. (Modivo.com S.A.),CR09307136045294288897,ballzy,https://adstransparency.google.com/advertiser/AR15094201179225194497/creative/CR09307136045294288897
Google Transparence Center,MODIVO S.A. (Modivo.com S.A.),CR14796841472128712705,ballzy,https://adstransparency.google.com/advertiser/AR15094201179225194497/creative/CR14796841472128712705
Google Transparence Center,MODIVO S.A. (Modivo.com S.A.),CR13546806702510178305,ballzy,https://adstransparency.google.com/advertiser/AR15094201179225194497/creative/CR13546806702510178305
Google Transparence Center,MODIVO S.A. (Modivo.com S.A.),CR16051183338030891009,ballzy,https://adstransparency.google.com/advertiser/AR15094201179225194497/creative/CR16051183338030891009
Google Transparence Center,MODIVO S.A. (Modivo.com S.A.),CR11630477833603645441,ballzy,https://adstransparency.google.com/advertiser/AR15094201179225194497/creative/CR11630477833603645441
Google Transparence Center,MODIVO S.A. (Modivo.com S.A.),CR11167322115319791617,ballzy,https://adstransparency.google.com/advertiser/AR15094201179225194497/creative/CR11167322115319791617
Google Transparence Center,MODIVO S.A. (Modivo.com S.A.),CR01228883473024942081,ballzy,https://adstransparency.google.com/advertiser/AR15094201179225194497/creative/CR01228883473024942081
Google Transparence Center,MODIVO S.A. (Modivo.com S.A.),CR17075743044847796225,ballzy,https://adstransparency.google.com/advertiser/AR15094201179225194497/creative/CR17075743044847796225
Google Transparence Center,MODIVO S.A. (Modivo.com S.A.),CR09876478524959752193,ballzy,https://adstransparency.google.com/advertiser/AR15094201179225194497/creative/CR09876478524959752193
Google Transparence Center,MODIVO S.A. (Modivo.com S.A.),CR00712284883971473409,ballzy,https://adstransparency.google.com/advertiser/AR15094201179225194497/creative/CR00712284883971473409
Google Transparence Center,MODIVO S.A. (Modivo.com S.A.),CR11866204175886974977,ballzy,https://adstransparency.google.com/advertiser/AR15094201179225194497/creative/CR11866204175886974977
Google Transparence Center,MODIVO S.A. (Modivo.com S.A.),CR07483992831246204929,ballzy,https://adstransparency.google.com/advertiser/AR15094201179225194497/creative/CR07483992831246204929
Google Transparence Center,MODIVO S.A. (Modivo.com S.A.),CR13181600994766618625,ballzy,https://adstransparency.google.com/advertiser/AR15094201179225194497/creative/CR13181600994766618625
Google Transparence Center,MODIVO S.A. (Modivo.com S.A.),CR16169821536021118977,ballzy,https://adstransparency.google.com/advertiser/AR15094201179225194497/creative/CR16169821536021118977
Google Transparence Center,MODIVO S.A. (Modivo.com S.A.),CR16719196162971664385,ballzy,https://adstransparency.google.com/advertiser/AR15094201179225194497/creative/CR16719196162971664385
Google Transparence Center,MODIVO S.A. (Modivo.com S.A.),CR13628812849554915329,ballzy,https://adstransparency.google.com/advertiser/AR15094201179225194497/creative/CR13628812849554915329
Google Transparence Center,MODIVO S.A. (Modivo.com S.A.),CR09187071608924143617,ballzy,https://adstransparency.google.com/advertiser/AR15094201179225194497/creative/CR09187071608924143617
Google Transparence Center,MODIVO S.A. (Modivo.com S.A.),CR07670516732561195009,ballzy,https://adstransparency.google.com/advertiser/AR15094201179225194497/creative/CR07670516732561195009
Google Transparence Center,MODIVO S.A. (Modivo.com S.A.),CR14332429510270517249,ballzy,https://adstransparency.google.com/advertiser/AR15094201179225194497/creative/CR14332429510270517249
Google Transparence Center,MODIVO S.A. (Modivo.com S.A.),CR08038734243171401729,ballzy,https://adstransparency.google.com/advertiser/AR15094201179225194497/creative/CR08038734243171401729
Google Transparence Center,MODIVO S.A. (Modivo.com S.A.),CR05366715447720804353,ballzy,https://adstransparency.google.com/advertiser/AR15094201179225194497/creative/CR05366715447720804353
Google Transparence Center,MODIVO S.A. (Modivo.com S.A.),CR07929635751661142017,ballzy,https://adstransparency.google.com/advertiser/AR15094201179225194497/creative/CR07929635751661142017
Google Transparence Center,MODIVO S.A. (Modivo.com S.A.),CR02269936756201619457,ballzy,https://adstransparency.google.com/advertiser/AR15094201179225194497/creative/CR02269936756201619457
Google Transparence Center,MODIVO S.A. (Modivo.com S.A.),CR13164388037154570241,ballzy,https://adstransparency.google.com/advertiser/AR15094201179225194497/creative/CR13164388037154570241
Google Transparence Center,MODIVO S.A. (Modivo.com S.A.),CR06289137069847478273,ballzy,https://adstransparency.google.com/advertiser/AR15094201179225194497/creative/CR06289137069847478273
Google Transparence Center,MODIVO S.A. (Modivo.com S.A.),CR10472468596637302785,ballzy,https://adstransparency.google.com/advertiser/AR15094201179225194497/creative/CR10472468596637302785
Google Transparence Center,MODIVO S.A. (Modivo.com S.A.),CR10608560648365277185,ballzy,https://adstransparency.google.com/advertiser/AR15094201179225194497/creative/CR10608560648365277185
Google Transparence Center,MODIVO S.A. (Modivo.com S.A.),CR12760236871640940545,ballzy,https://adstransparency.google.com/advertiser/AR15094201179225194497/creative/CR12760236871640940545
Google Transparence Center,MODIVO S.A. (Modivo.com S.A.),CR17896512944380837889,ballzy,https://adstransparency.google.com/advertiser/AR15094201179225194497/creative/CR17896512944380837889
Google Transparence Center,MODIVO S.A. (Modivo.com S.A.),CR05058784022222602241,ballzy,https://adstransparency.google.com/advertiser/AR15094201179225194497/creative/CR05058784022222602241
Google Transparence Center,MODIVO S.A. (Modivo.com S.A.),CR13443079050423697409,ballzy,https://adstransparency.google.com/advertiser/AR15094201179225194497/creative/CR13443079050423697409
Google Transparence Center,MODIVO S.A. (Modivo.com S.A.),CR00530837393482186753,ballzy,https://adstransparency.google.com/advertiser/AR15094201179225194497/creative/CR00530837393482186753
Google Transparence Center,MODIVO S.A. (Modivo.com S.A.),CR17618416148427046913,ballzy,https://adstransparency.google.com/advertiser/AR15094201179225194497/creative/CR17618416148427046913
Google Transparence Center,MODIVO S.A. (Modivo.com S.A.),CR02181425245531930625,ballzy,https://adstransparency.google.com/advertiser/AR15094201179225194497/creative/CR02181425245531930625
Google Transparence Center,MODIVO S.A. (Modivo.com S.A.),CR13721115888634036225,ballzy,https://adstransparency.google.com/advertiser/AR15094201179225194497/creative/CR13721115888634036225
Google Transparence Center,MODIVO S.A. (Modivo.com S.A.),CR06545556839440842753,ballzy,https://adstransparency.google.com/advertiser/AR15094201179225194497/creative/CR06545556839440842753
Google Transparence Center,MODIVO S.A. (Modivo.com S.A.),CR07686962609014177793,ballzy,https://adstransparency.google.com/advertiser/AR15094201179225194497/creative/CR07686962609014177793
Google Transparence Center,MODIVO S.A. (Modivo.com S.A.),CR07845438106143555585,ballzy,https://adstransparency.google.com/advertiser/AR15094201179225194497/creative/CR07845438106143555585
Google Transparence Center,Marketing Investment Group S.A.,CR01276754912218185729,ballzy,https://adstransparency.google.com/advertiser/AR15765237523703398401/creative/CR01276754912218185729
Google Transparence Center,Marketing Investment Group S.A.,CR12588837611759468545,ballzy,https://adstransparency.google.com/advertiser/AR15765237523703398401/creative/CR12588837611759468545
Google Transparence Center,Marketing Investment Group S.A.,CR06500427934434590721,ballzy,https://adstransparency.google.com/advertiser/AR15765237523703398401/creative/CR06500427934434590721
Google Transparence Center,Marketing Investment Group S.A.,CR01203929378027732993,ballzy,https://adstransparency.google.com/advertiser/AR15765237523703398401/creative/CR01203929378027732993
Google Transparence Center,Marketing Investment Group S.A.,CR07713807460284235777,ballzy,https://adstransparency.google.com/advertiser/AR15765237523703398401/creative/CR07713807460284235777
Google Transparence Center,Marketing Investment Group S.A.,CR16545975407459958785,ballzy,https://adstransparency.google.com/advertiser/AR15765237523703398401/creative/CR16545975407459958785
Google Transparence Center,Marketing Investment Group S.A.,CR00262231135222759425,ballzy,https://adstransparency.google.com/advertiser/AR15765237523703398401/creative/CR00262231135222759425
Google Transparence Center,Marketing Investment Group S.A.,CR16231494964289208321,ballzy,https://adstransparency.google.com/advertiser/AR15765237523703398401/creative/CR16231494964289208321
Google Transparence Center,Marketing Investment Group S.A.,CR01515841860252205057,ballzy,https://adstransparency.google.com/advertiser/AR15765237523703398401/creative/CR01515841860252205057
Google Transparence Center,Marketing Investment Group S.A.,CR08157390102067150849,ballzy,https://adstransparency.google.com/advertiser/AR15765237523703398401/creative/CR08157390102067150849
Google Transparence Center,Marketing Investment Group S.A.,CR18036251423343116289,ballzy,https://adstransparency.google.com/advertiser/AR15765237523703398401/creative/CR18036251423343116289
Google Transparence Center,Marketing Investment Group S.A.,CR04122860380126969857,ballzy,https://adstransparency.google.com/advertiser/AR15765237523703398401/creative/CR04122860380126969857
Google Transparence Center,Marketing Investment Group S.A.,CR02109794090206887937,ballzy,https://adstransparency.google.com/advertiser/AR15765237523703398401/creative/CR02109794090206887937
Google Transparence Center,Marketing Investment Group S.A.,CR00035742425779535873,ballzy,https://adstransparency.google.com/advertiser/AR15765237523703398401/creative/CR00035742425779535873
Google Transparence Center,Marketing Investment Group S.A.,CR17542502189153386497,ballzy,https://adstransparency.google.com/advertiser/AR15765237523703398401/creative/CR17542502189153386497
Google Transparence Center,Marketing Investment Group S.A.,CR02949815751147520001,ballzy,https://adstransparency.google.com/advertiser/AR15765237523703398401/creative/CR02949815751147520001
Google Transparence Center,Marketing Investment Group S.A.,CR10242581880868175873,ballzy,https://adstransparency.google.com/advertiser/AR15765237523703398401/creative/CR10242581880868175873
Google Transparence Center,Marketing Investment Group S.A.,CR18096128816547102721,ballzy,https://adstransparency.google.com/advertiser/AR15765237523703398401/creative/CR18096128816547102721
Google Transparence Center,Marketing Investment Group S.A.,CR15640807476415168513,ballzy,https://adstransparency.google.com/advertiser/AR15765237523703398401/creative/CR15640807476415168513
Google Transparence Center,Marketing Investment Group S.A.,CR17497584149861498881,ballzy,https://adstransparency.google.com/advertiser/AR15765237523703398401/creative/CR17497584149861498881
Google Transparence Center,Marketing Investment Group S.A.,CR03653113106814468097,ballzy,https://adstransparency.google.com/advertiser/AR15765237523703398401/creative/CR03653113106814468097
Google Transparence Center,Marketing Investment Group S.A.,CR16447835456285966337,ballzy,https://adstransparency.google.com/advertiser/AR15765237523703398401/creative/CR16447835456285966337
Google Transparence Center,Marketing Investment Group S.A.,CR12404012009232793601,ballzy,https://adstransparency.google.com/advertiser/AR15765237523703398401/creative/CR12404012009232793601
Meta Ads Library,Maxima Eesti,1.66026E+15,prisma,https://www.facebook.com/ads/archive/render_ad/?id=1660262521281325&access_token=EAATnrmoQyC4BQPVFaEdvyWfH85nc9J1azy5Q3EZCsaaFpLOAG9mEhR1mfp8tmZAxRmBf2IRN553VRRdSaWWJUedu3OFNvLi6Jf9yHmQkSryfa7HC1lnTHUoDGLJFXNS38IeFpk3ZBBnLtpERHKOgzlznywHZAnzlGFoqmGcIcZBTiOgc4ybEkN3braKPoQgJuFpHi7zrs
Meta Ads Library,Maxima Eesti,1.20846E+15,prisma,https://www.facebook.com/ads/archive/render_ad/?id=1208459380603363&access_token=EAATnrmoQyC4BQPVFaEdvyWfH85nc9J1azy5Q3EZCsaaFpLOAG9mEhR1mfp8tmZAxRmBf2IRN553VRRdSaWWJUedu3OFNvLi6Jf9yHmQkSryfa7HC1lnTHUoDGLJFXNS38IeFpk3ZBBnLtpERHKOgzlznywHZAnzlGFoqmGcIcZBTiOgc4ybEkN3braKPoQgJuFpHi7zrs
Meta Ads Library,Maxima Eesti,1.36709E+15,prisma,https://www.facebook.com/ads/archive/render_ad/?id=1367090818298702&access_token=EAATnrmoQyC4BQptmsbNRdpMvgWhT9ZCeeMMlHDkxMXfJ2nK6fMZAk2p9lKk0ofSe3VJBPuz92dPfwiAVjmS2ZCoS7xLFsfFcl3R0EZAhf5ct7tPBlrxE7lxNtKKSRD4BlK1MAuYA7zjMuXKiS0o7eOkkQsTbvvT0TMpX7WoMajScg9PKRZBs3m5KGt4Um9A8HstpDdQRr
Meta Ads Library,Maxima Eesti,1.16025E+15,prisma,https://www.facebook.com/ads/archive/render_ad/?id=1160245242692950&access_token=EAATnrmoQyC4BQptmsbNRdpMvgWhT9ZCeeMMlHDkxMXfJ2nK6fMZAk2p9lKk0ofSe3VJBPuz92dPfwiAVjmS2ZCoS7xLFsfFcl3R0EZAhf5ct7tPBlrxE7lxNtKKSRD4BlK1MAuYA7zjMuXKiS0o7eOkkQsTbvvT0TMpX7WoMajScg9PKRZBs3m5KGt4Um9A8HstpDdQRr
Meta Ads Library,Maxima Eesti,1.56792E+15,prisma,https://www.facebook.com/ads/archive/render_ad/?id=1567920377599544&access_token=EAATnrmoQyC4BQptmsbNRdpMvgWhT9ZCeeMMlHDkxMXfJ2nK6fMZAk2p9lKk0ofSe3VJBPuz92dPfwiAVjmS2ZCoS7xLFsfFcl3R0EZAhf5ct7tPBlrxE7lxNtKKSRD4BlK1MAuYA7zjMuXKiS0o7eOkkQsTbvvT0TMpX7WoMajScg9PKRZBs3m5KGt4Um9A8HstpDdQRr
Meta Ads Library,Maxima Eesti,1.84979E+15,prisma,https://www.facebook.com/ads/archive/render_ad/?id=1849788025948194&access_token=EAATnrmoQyC4BQptmsbNRdpMvgWhT9ZCeeMMlHDkxMXfJ2nK6fMZAk2p9lKk0ofSe3VJBPuz92dPfwiAVjmS2ZCoS7xLFsfFcl3R0EZAhf5ct7tPBlrxE7lxNtKKSRD4BlK1MAuYA7zjMuXKiS0o7eOkkQsTbvvT0TMpX7WoMajScg9PKRZBs3m5KGt4Um9A8HstpDdQRr
Meta Ads Library,Maxima Eesti,3.53497E+15,prisma,https://www.facebook.com/ads/archive/render_ad/?id=3534970449968532&access_token=EAATnrmoQyC4BQPVFaEdvyWfH85nc9J1azy5Q3EZCsaaFpLOAG9mEhR1mfp8tmZAxRmBf2IRN553VRRdSaWWJUedu3OFNvLi6Jf9yHmQkSryfa7HC1lnTHUoDGLJFXNS38IeFpk3ZBBnLtpERHKOgzlznywHZAnzlGFoqmGcIcZBTiOgc4ybEkN3braKPoQgJuFpHi7zrs
Meta Ads Library,Maxima Eesti,2.31762E+15,prisma,https://www.facebook.com/ads/archive/render_ad/?id=2317621848660287&access_token=EAATnrmoQyC4BQptmsbNRdpMvgWhT9ZCeeMMlHDkxMXfJ2nK6fMZAk2p9lKk0ofSe3VJBPuz92dPfwiAVjmS2ZCoS7xLFsfFcl3R0EZAhf5ct7tPBlrxE7lxNtKKSRD4BlK1MAuYA7zjMuXKiS0o7eOkkQsTbvvT0TMpX7WoMajScg9PKRZBs3m5KGt4Um9A8HstpDdQRr
Meta Ads Library,Maxima Eesti,6.40736E+14,prisma,https://www.facebook.com/ads/archive/render_ad/?id=640736378591031&access_token=EAATnrmoQyC4BQPVFaEdvyWfH85nc9J1azy5Q3EZCsaaFpLOAG9mEhR1mfp8tmZAxRmBf2IRN553VRRdSaWWJUedu3OFNvLi6Jf9yHmQkSryfa7HC1lnTHUoDGLJFXNS38IeFpk3ZBBnLtpERHKOgzlznywHZAnzlGFoqmGcIcZBTiOgc4ybEkN3braKPoQgJuFpHi7zrs
Meta Ads Library,Maxima Eesti,2.68186E+14,prisma,https://www.facebook.com/ads/archive/render_ad/?id=268186139699830&access_token=EAATnrmoQyC4BOyPI2UlrqFMQKk5vv6XeANCnonDt4Ho3GPZCm24pBF6XxsSP0Qh3kIdZCuPUtE6BvZBSuq1WwOhhHeZC7dnXLq9u3XRiPfzaTxZBalwm2gvQPVjbAEyHImZBEa9uHUj8yB0OSaDuDsgTaLPYzvCZCd5fnGkOLIjhAkfnRyK2nOmUnAFTlG8Ujgl
Meta Ads Library,Maxima Eesti,4.9134E+14,prisma,https://www.facebook.com/ads/archive/render_ad/?id=491339813541038&access_token=EAATnrmoQyC4BOyPI2UlrqFMQKk5vv6XeANCnonDt4Ho3GPZCm24pBF6XxsSP0Qh3kIdZCuPUtE6BvZBSuq1WwOhhHeZC7dnXLq9u3XRiPfzaTxZBalwm2gvQPVjbAEyHImZBEa9uHUj8yB0OSaDuDsgTaLPYzvCZCd5fnGkOLIjhAkfnRyK2nOmUnAFTlG8Ujgl
Meta Ads Library,Maxima Eesti,1.21745E+15,prisma,https://www.facebook.com/ads/archive/render_ad/?id=1217452123896713&access_token=EAATnrmoQyC4BQptmsbNRdpMvgWhT9ZCeeMMlHDkxMXfJ2nK6fMZAk2p9lKk0ofSe3VJBPuz92dPfwiAVjmS2ZCoS7xLFsfFcl3R0EZAhf5ct7tPBlrxE7lxNtKKSRD4BlK1MAuYA7zjMuXKiS0o7eOkkQsTbvvT0TMpX7WoMajScg9PKRZBs3m5KGt4Um9A8HstpDdQRr
Meta Ads Library,Maxima Eesti,6.10954E+14,prisma,https://www.facebook.com/ads/archive/render_ad/?id=610954118000151&access_token=EAATnrmoQyC4BQPVFaEdvyWfH85nc9J1azy5Q3EZCsaaFpLOAG9mEhR1mfp8tmZAxRmBf2IRN553VRRdSaWWJUedu3OFNvLi6Jf9yHmQkSryfa7HC1lnTHUoDGLJFXNS38IeFpk3ZBBnLtpERHKOgzlznywHZAnzlGFoqmGcIcZBTiOgc4ybEkN3braKPoQgJuFpHi7zrs
Meta Ads Library,Merko,9.37478E+15,liven,https://www.facebook.com/ads/archive/render_ad/?id=9374784392622960&access_token=EAATnrmoQyC4BQPVFaEdvyWfH85nc9J1azy5Q3EZCsaaFpLOAG9mEhR1mfp8tmZAxRmBf2IRN553VRRdSaWWJUedu3OFNvLi6Jf9yHmQkSryfa7HC1lnTHUoDGLJFXNS38IeFpk3ZBBnLtpERHKOgzlznywHZAnzlGFoqmGcIcZBTiOgc4ybEkN3braKPoQgJuFpHi7zrs
Meta Ads Library,Merko,4.13082E+15,liven,https://www.facebook.com/ads/archive/render_ad/?id=4130822503841495&access_token=EAATnrmoQyC4BQPVFaEdvyWfH85nc9J1azy5Q3EZCsaaFpLOAG9mEhR1mfp8tmZAxRmBf2IRN553VRRdSaWWJUedu3OFNvLi6Jf9yHmQkSryfa7HC1lnTHUoDGLJFXNS38IeFpk3ZBBnLtpERHKOgzlznywHZAnzlGFoqmGcIcZBTiOgc4ybEkN3braKPoQgJuFpHi7zrs
Meta Ads Library,Merko,2.16234E+15,liven,https://www.facebook.com/ads/archive/render_ad/?id=2162336660946191&access_token=EAATnrmoQyC4BQPVFaEdvyWfH85nc9J1azy5Q3EZCsaaFpLOAG9mEhR1mfp8tmZAxRmBf2IRN553VRRdSaWWJUedu3OFNvLi6Jf9yHmQkSryfa7HC1lnTHUoDGLJFXNS38IeFpk3ZBBnLtpERHKOgzlznywHZAnzlGFoqmGcIcZBTiOgc4ybEkN3braKPoQgJuFpHi7zrs
Meta Ads Library,Merko,8.70943E+14,liven,https://www.facebook.com/ads/archive/render_ad/?id=870942654515793&access_token=EAATnrmoQyC4BPMzpZA4IBb0SXjMybbBaZAh3iKJFNiqBkucCvHUYyM1BiCwvozXjYnUzV70MsLrmdHeuwc7AP6M1pTNVggvg26dRGuCPcLwocJVlHYvqWtVlXMEZCyJQ9Y3zwKqouOI04uO8fnKsUpYu8grmDccMwtbUzDYP5HhFqB3wYpyodE7lX5JU3qEUguRSkXO
Meta Ads Library,Merko,1.90143E+15,liven,https://www.facebook.com/ads/archive/render_ad/?id=1901430073936820&access_token=EAATnrmoQyC4BQPVFaEdvyWfH85nc9J1azy5Q3EZCsaaFpLOAG9mEhR1mfp8tmZAxRmBf2IRN553VRRdSaWWJUedu3OFNvLi6Jf9yHmQkSryfa7HC1lnTHUoDGLJFXNS38IeFpk3ZBBnLtpERHKOgzlznywHZAnzlGFoqmGcIcZBTiOgc4ybEkN3braKPoQgJuFpHi7zrs
Meta Ads Library,Merko,2.14545E+15,liven,https://www.facebook.com/ads/archive/render_ad/?id=2145447879200968&access_token=EAATnrmoQyC4BQPVFaEdvyWfH85nc9J1azy5Q3EZCsaaFpLOAG9mEhR1mfp8tmZAxRmBf2IRN553VRRdSaWWJUedu3OFNvLi6Jf9yHmQkSryfa7HC1lnTHUoDGLJFXNS38IeFpk3ZBBnLtpERHKOgzlznywHZAnzlGFoqmGcIcZBTiOgc4ybEkN3braKPoQgJuFpHi7zrs
Meta Ads Library,Merko,1.20018E+15,liven,https://www.facebook.com/ads/archive/render_ad/?id=1200179464907178&access_token=EAATnrmoQyC4BQPVFaEdvyWfH85nc9J1azy5Q3EZCsaaFpLOAG9mEhR1mfp8tmZAxRmBf2IRN553VRRdSaWWJUedu3OFNvLi6Jf9yHmQkSryfa7HC1lnTHUoDGLJFXNS38IeFpk3ZBBnLtpERHKOgzlznywHZAnzlGFoqmGcIcZBTiOgc4ybEkN3braKPoQgJuFpHi7zrs
Meta Ads Library,Merko,8.21548E+15,liven,https://www.facebook.com/ads/archive/render_ad/?id=8215475438570089&access_token=EAATnrmoQyC4BPMzpZA4IBb0SXjMybbBaZAh3iKJFNiqBkucCvHUYyM1BiCwvozXjYnUzV70MsLrmdHeuwc7AP6M1pTNVggvg26dRGuCPcLwocJVlHYvqWtVlXMEZCyJQ9Y3zwKqouOI04uO8fnKsUpYu8grmDccMwtbUzDYP5HhFqB3wYpyodE7lX5JU3qEUguRSkXO
Meta Ads Library,Merko,1.41208E+15,liven,https://www.facebook.com/ads/archive/render_ad/?id=1412078016585908&access_token=EAATnrmoQyC4BQPVFaEdvyWfH85nc9J1azy5Q3EZCsaaFpLOAG9mEhR1mfp8tmZAxRmBf2IRN553VRRdSaWWJUedu3OFNvLi6Jf9yHmQkSryfa7HC1lnTHUoDGLJFXNS38IeFpk3ZBBnLtpERHKOgzlznywHZAnzlGFoqmGcIcZBTiOgc4ybEkN3braKPoQgJuFpHi7zrs
Meta Ads Library,Merko,1.21893E+15,liven,https://www.facebook.com/ads/archive/render_ad/?id=1218934625911132&access_token=EAATnrmoQyC4BQPVFaEdvyWfH85nc9J1azy5Q3EZCsaaFpLOAG9mEhR1mfp8tmZAxRmBf2IRN553VRRdSaWWJUedu3OFNvLi6Jf9yHmQkSryfa7HC1lnTHUoDGLJFXNS38IeFpk3ZBBnLtpERHKOgzlznywHZAnzlGFoqmGcIcZBTiOgc4ybEkN3braKPoQgJuFpHi7zrs
Meta Ads Library,Novatours,1.77738E+15,teztour,https://www.facebook.com/ads/archive/render_ad/?id=1777377929655738&access_token=EAATnrmoQyC4BQPVFaEdvyWfH85nc9J1azy5Q3EZCsaaFpLOAG9mEhR1mfp8tmZAxRmBf2IRN553VRRdSaWWJUedu3OFNvLi6Jf9yHmQkSryfa7HC1lnTHUoDGLJFXNS38IeFpk3ZBBnLtpERHKOgzlznywHZAnzlGFoqmGcIcZBTiOgc4ybEkN3braKPoQgJuFpHi7zrs
Meta Ads Library,Novatours,4.14982E+15,teztour,https://www.facebook.com/ads/archive/render_ad/?id=4149815895294061&access_token=EAATnrmoQyC4BQPVFaEdvyWfH85nc9J1azy5Q3EZCsaaFpLOAG9mEhR1mfp8tmZAxRmBf2IRN553VRRdSaWWJUedu3OFNvLi6Jf9yHmQkSryfa7HC1lnTHUoDGLJFXNS38IeFpk3ZBBnLtpERHKOgzlznywHZAnzlGFoqmGcIcZBTiOgc4ybEkN3braKPoQgJuFpHi7zrs
Meta Ads Library,Novatours,1.0624E+15,teztour,https://www.facebook.com/ads/archive/render_ad/?id=1062402019406402&access_token=EAATnrmoQyC4BQPVFaEdvyWfH85nc9J1azy5Q3EZCsaaFpLOAG9mEhR1mfp8tmZAxRmBf2IRN553VRRdSaWWJUedu3OFNvLi6Jf9yHmQkSryfa7HC1lnTHUoDGLJFXNS38IeFpk3ZBBnLtpERHKOgzlznywHZAnzlGFoqmGcIcZBTiOgc4ybEkN3braKPoQgJuFpHi7zrs
Meta Ads Library,Novatours,1.0251E+15,teztour,https://www.facebook.com/ads/archive/render_ad/?id=1025099996172207&access_token=EAATnrmoQyC4BQPVFaEdvyWfH85nc9J1azy5Q3EZCsaaFpLOAG9mEhR1mfp8tmZAxRmBf2IRN553VRRdSaWWJUedu3OFNvLi6Jf9yHmQkSryfa7HC1lnTHUoDGLJFXNS38IeFpk3ZBBnLtpERHKOgzlznywHZAnzlGFoqmGcIcZBTiOgc4ybEkN3braKPoQgJuFpHi7zrs
Meta Ads Library,Novatours,5.33245E+14,teztour,https://www.facebook.com/ads/archive/render_ad/?id=533244985845201&access_token=EAATnrmoQyC4BO5erfu0T8wppuuMsqCZCnReXzEYpZAE2SuHMabkeRUXfkbCAdlN6QqZADLZAC3kW4zSBZAUYvrEe5WEyxqd6tPkCitApLgaiLpJyZAFbsttB4ePIsz7s9dCXObDRZBE4zZCfVDCOaDzwBajqvt8tZCLyglNfHAVFymweyRxgxwtmq6IHSiwo9Nmvr3dPAXdXF
Meta Ads Library,Novatours,1.11733E+15,teztour,https://www.facebook.com/ads/archive/render_ad/?id=1117325417101888&access_token=EAATnrmoQyC4BQPVFaEdvyWfH85nc9J1azy5Q3EZCsaaFpLOAG9mEhR1mfp8tmZAxRmBf2IRN553VRRdSaWWJUedu3OFNvLi6Jf9yHmQkSryfa7HC1lnTHUoDGLJFXNS38IeFpk3ZBBnLtpERHKOgzlznywHZAnzlGFoqmGcIcZBTiOgc4ybEkN3braKPoQgJuFpHi7zrs
Meta Ads Library,Novatours,2.26839E+15,teztour,https://www.facebook.com/ads/archive/render_ad/?id=2268386813670671&access_token=EAATnrmoQyC4BQptmsbNRdpMvgWhT9ZCeeMMlHDkxMXfJ2nK6fMZAk2p9lKk0ofSe3VJBPuz92dPfwiAVjmS2ZCoS7xLFsfFcl3R0EZAhf5ct7tPBlrxE7lxNtKKSRD4BlK1MAuYA7zjMuXKiS0o7eOkkQsTbvvT0TMpX7WoMajScg9PKRZBs3m5KGt4Um9A8HstpDdQRr
Meta Ads Library,Novatours,1.21151E+15,teztour,https://www.facebook.com/ads/archive/render_ad/?id=1211508817309208&access_token=EAATnrmoQyC4BQPVFaEdvyWfH85nc9J1azy5Q3EZCsaaFpLOAG9mEhR1mfp8tmZAxRmBf2IRN553VRRdSaWWJUedu3OFNvLi6Jf9yHmQkSryfa7HC1lnTHUoDGLJFXNS38IeFpk3ZBBnLtpERHKOgzlznywHZAnzlGFoqmGcIcZBTiOgc4ybEkN3braKPoQgJuFpHi7zrs
Meta Ads Library,Novatours,1.01836E+15,teztour,https://www.facebook.com/ads/archive/render_ad/?id=1018360070187477&access_token=EAATnrmoQyC4BQPVFaEdvyWfH85nc9J1azy5Q3EZCsaaFpLOAG9mEhR1mfp8tmZAxRmBf2IRN553VRRdSaWWJUedu3OFNvLi6Jf9yHmQkSryfa7HC1lnTHUoDGLJFXNS38IeFpk3ZBBnLtpERHKOgzlznywHZAnzlGFoqmGcIcZBTiOgc4ybEkN3braKPoQgJuFpHi7zrs
Meta Ads Library,Novatours,4.84576E+14,teztour,https://www.facebook.com/ads/archive/render_ad/?id=484576364596360&access_token=EAATnrmoQyC4BO5erfu0T8wppuuMsqCZCnReXzEYpZAE2SuHMabkeRUXfkbCAdlN6QqZADLZAC3kW4zSBZAUYvrEe5WEyxqd6tPkCitApLgaiLpJyZAFbsttB4ePIsz7s9dCXObDRZBE4zZCfVDCOaDzwBajqvt8tZCLyglNfHAVFymweyRxgxwtmq6IHSiwo9Nmvr3dPAXdXF
Meta Ads Library,Novatours,1.88987E+15,teztour,https://www.facebook.com/ads/archive/render_ad/?id=1889869501932570&access_token=EAATnrmoQyC4BQptmsbNRdpMvgWhT9ZCeeMMlHDkxMXfJ2nK6fMZAk2p9lKk0ofSe3VJBPuz92dPfwiAVjmS2ZCoS7xLFsfFcl3R0EZAhf5ct7tPBlrxE7lxNtKKSRD4BlK1MAuYA7zjMuXKiS0o7eOkkQsTbvvT0TMpX7WoMajScg9PKRZBs3m5KGt4Um9A8HstpDdQRr
Meta Ads Library,Novatours,2.58814E+16,teztour,https://www.facebook.com/ads/archive/render_ad/?id=25881400118129838&access_token=EAATnrmoQyC4BQptmsbNRdpMvgWhT9ZCeeMMlHDkxMXfJ2nK6fMZAk2p9lKk0ofSe3VJBPuz92dPfwiAVjmS2ZCoS7xLFsfFcl3R0EZAhf5ct7tPBlrxE7lxNtKKSRD4BlK1MAuYA7zjMuXKiS0o7eOkkQsTbvvT0TMpX7WoMajScg9PKRZBs3m5KGt4Um9A8HstpDdQRr
Meta Ads Library,Novatours,5.19858E+14,teztour,https://www.facebook.com/ads/archive/render_ad/?id=519857540886783&access_token=EAATnrmoQyC4BO5erfu0T8wppuuMsqCZCnReXzEYpZAE2SuHMabkeRUXfkbCAdlN6QqZADLZAC3kW4zSBZAUYvrEe5WEyxqd6tPkCitApLgaiLpJyZAFbsttB4ePIsz7s9dCXObDRZBE4zZCfVDCOaDzwBajqvt8tZCLyglNfHAVFymweyRxgxwtmq6IHSiwo9Nmvr3dPAXdXF
Meta Ads Library,Novatours,4.51616E+14,teztour,https://www.facebook.com/ads/archive/render_ad/?id=451615937869002&access_token=EAATnrmoQyC4BO5erfu0T8wppuuMsqCZCnReXzEYpZAE2SuHMabkeRUXfkbCAdlN6QqZADLZAC3kW4zSBZAUYvrEe5WEyxqd6tPkCitApLgaiLpJyZAFbsttB4ePIsz7s9dCXObDRZBE4zZCfVDCOaDzwBajqvt8tZCLyglNfHAVFymweyRxgxwtmq6IHSiwo9Nmvr3dPAXdXF
Meta Ads Library,Novatours,9.72943E+14,teztour,https://www.facebook.com/ads/archive/render_ad/?id=972943241410808&access_token=EAATnrmoQyC4BQPVFaEdvyWfH85nc9J1azy5Q3EZCsaaFpLOAG9mEhR1mfp8tmZAxRmBf2IRN553VRRdSaWWJUedu3OFNvLi6Jf9yHmQkSryfa7HC1lnTHUoDGLJFXNS38IeFpk3ZBBnLtpERHKOgzlznywHZAnzlGFoqmGcIcZBTiOgc4ybEkN3braKPoQgJuFpHi7zrs
Meta Ads Library,Novatours,5.93111E+14,teztour,https://www.facebook.com/ads/archive/render_ad/?id=593111280211065&access_token=EAATnrmoQyC4BQPVFaEdvyWfH85nc9J1azy5Q3EZCsaaFpLOAG9mEhR1mfp8tmZAxRmBf2IRN553VRRdSaWWJUedu3OFNvLi6Jf9yHmQkSryfa7HC1lnTHUoDGLJFXNS38IeFpk3ZBBnLtpERHKOgzlznywHZAnzlGFoqmGcIcZBTiOgc4ybEkN3braKPoQgJuFpHi7zrs
Meta Ads Library,Novatours,2.0641E+15,teztour,https://www.facebook.com/ads/archive/render_ad/?id=2064102294055133&access_token=EAATnrmoQyC4BQPVFaEdvyWfH85nc9J1azy5Q3EZCsaaFpLOAG9mEhR1mfp8tmZAxRmBf2IRN553VRRdSaWWJUedu3OFNvLi6Jf9yHmQkSryfa7HC1lnTHUoDGLJFXNS38IeFpk3ZBBnLtpERHKOgzlznywHZAnzlGFoqmGcIcZBTiOgc4ybEkN3braKPoQgJuFpHi7zrs
Meta Ads Library,Novatours,5.15502E+14,teztour,https://www.facebook.com/ads/archive/render_ad/?id=515502271368869&access_token=EAATnrmoQyC4BO5erfu0T8wppuuMsqCZCnReXzEYpZAE2SuHMabkeRUXfkbCAdlN6QqZADLZAC3kW4zSBZAUYvrEe5WEyxqd6tPkCitApLgaiLpJyZAFbsttB4ePIsz7s9dCXObDRZBE4zZCfVDCOaDzwBajqvt8tZCLyglNfHAVFymweyRxgxwtmq6IHSiwo9Nmvr3dPAXdXF
Meta Ads Library,Novatours,1.9767E+15,teztour,https://www.facebook.com/ads/archive/render_ad/?id=1976696519436360&access_token=EAATnrmoQyC4BO5erfu0T8wppuuMsqCZCnReXzEYpZAE2SuHMabkeRUXfkbCAdlN6QqZADLZAC3kW4zSBZAUYvrEe5WEyxqd6tPkCitApLgaiLpJyZAFbsttB4ePIsz7s9dCXObDRZBE4zZCfVDCOaDzwBajqvt8tZCLyglNfHAVFymweyRxgxwtmq6IHSiwo9Nmvr3dPAXdXF
Meta Ads Library,Novatours,2.03592E+15,teztour,https://www.facebook.com/ads/archive/render_ad/?id=2035916780316069&access_token=EAATnrmoQyC4BQptmsbNRdpMvgWhT9ZCeeMMlHDkxMXfJ2nK6fMZAk2p9lKk0ofSe3VJBPuz92dPfwiAVjmS2ZCoS7xLFsfFcl3R0EZAhf5ct7tPBlrxE7lxNtKKSRD4BlK1MAuYA7zjMuXKiS0o7eOkkQsTbvvT0TMpX7WoMajScg9PKRZBs3m5KGt4Um9A8HstpDdQRr
Meta Ads Library,Novatours,1.16881E+15,teztour,https://www.facebook.com/ads/archive/render_ad/?id=1168805500919095&access_token=EAATnrmoQyC4BQPVFaEdvyWfH85nc9J1azy5Q3EZCsaaFpLOAG9mEhR1mfp8tmZAxRmBf2IRN553VRRdSaWWJUedu3OFNvLi6Jf9yHmQkSryfa7HC1lnTHUoDGLJFXNS38IeFpk3ZBBnLtpERHKOgzlznywHZAnzlGFoqmGcIcZBTiOgc4ybEkN3braKPoQgJuFpHi7zrs
Meta Ads Library,Novatours,2.04943E+15,teztour,https://www.facebook.com/ads/archive/render_ad/?id=2049426865618327&access_token=EAATnrmoQyC4BQptmsbNRdpMvgWhT9ZCeeMMlHDkxMXfJ2nK6fMZAk2p9lKk0ofSe3VJBPuz92dPfwiAVjmS2ZCoS7xLFsfFcl3R0EZAhf5ct7tPBlrxE7lxNtKKSRD4BlK1MAuYA7zjMuXKiS0o7eOkkQsTbvvT0TMpX7WoMajScg9PKRZBs3m5KGt4Um9A8HstpDdQRr
Meta Ads Library,Novatours,8.87696E+14,teztour,https://www.facebook.com/ads/archive/render_ad/?id=887696359989156&access_token=EAATnrmoQyC4BO5erfu0T8wppuuMsqCZCnReXzEYpZAE2SuHMabkeRUXfkbCAdlN6QqZADLZAC3kW4zSBZAUYvrEe5WEyxqd6tPkCitApLgaiLpJyZAFbsttB4ePIsz7s9dCXObDRZBE4zZCfVDCOaDzwBajqvt8tZCLyglNfHAVFymweyRxgxwtmq6IHSiwo9Nmvr3dPAXdXF
Meta Ads Library,Novatours,1.36733E+15,teztour,https://www.facebook.com/ads/archive/render_ad/?id=1367328597580868&access_token=EAATnrmoQyC4BO5erfu0T8wppuuMsqCZCnReXzEYpZAE2SuHMabkeRUXfkbCAdlN6QqZADLZAC3kW4zSBZAUYvrEe5WEyxqd6tPkCitApLgaiLpJyZAFbsttB4ePIsz7s9dCXObDRZBE4zZCfVDCOaDzwBajqvt8tZCLyglNfHAVFymweyRxgxwtmq6IHSiwo9Nmvr3dPAXdXF
Google Transparence Center,Novatours,CR01932486209456570369,teztour,https://adstransparency.google.com/advertiser/AR04355145044856930305/creative/CR01932486209456570369
Google Transparence Center,Novatours,CR13574160043548344321,teztour,https://adstransparency.google.com/advertiser/AR04355145044856930305/creative/CR13574160043548344321
Meta Ads Library,Novaturas,5.31016E+14,teztour,https://www.facebook.com/ads/archive/render_ad/?id=531015919859890&access_token=EAATnrmoQyC4BQPVFaEdvyWfH85nc9J1azy5Q3EZCsaaFpLOAG9mEhR1mfp8tmZAxRmBf2IRN553VRRdSaWWJUedu3OFNvLi6Jf9yHmQkSryfa7HC1lnTHUoDGLJFXNS38IeFpk3ZBBnLtpERHKOgzlznywHZAnzlGFoqmGcIcZBTiOgc4ybEkN3braKPoQgJuFpHi7zrs
Meta Ads Library,Novaturas,8.50941E+14,teztour,https://www.facebook.com/ads/archive/render_ad/?id=850940880623147&access_token=EAATnrmoQyC4BQptmsbNRdpMvgWhT9ZCeeMMlHDkxMXfJ2nK6fMZAk2p9lKk0ofSe3VJBPuz92dPfwiAVjmS2ZCoS7xLFsfFcl3R0EZAhf5ct7tPBlrxE7lxNtKKSRD4BlK1MAuYA7zjMuXKiS0o7eOkkQsTbvvT0TMpX7WoMajScg9PKRZBs3m5KGt4Um9A8HstpDdQRr
Meta Ads Library,Novaturas,4.18976E+14,teztour,https://www.facebook.com/ads/archive/render_ad/?id=418976414005037&access_token=EAATnrmoQyC4BO5erfu0T8wppuuMsqCZCnReXzEYpZAE2SuHMabkeRUXfkbCAdlN6QqZADLZAC3kW4zSBZAUYvrEe5WEyxqd6tPkCitApLgaiLpJyZAFbsttB4ePIsz7s9dCXObDRZBE4zZCfVDCOaDzwBajqvt8tZCLyglNfHAVFymweyRxgxwtmq6IHSiwo9Nmvr3dPAXdXF
Meta Ads Library,Novaturas,8.75604E+14,teztour,https://www.facebook.com/ads/archive/render_ad/?id=875603774633508&access_token=EAATnrmoQyC4BO5erfu0T8wppuuMsqCZCnReXzEYpZAE2SuHMabkeRUXfkbCAdlN6QqZADLZAC3kW4zSBZAUYvrEe5WEyxqd6tPkCitApLgaiLpJyZAFbsttB4ePIsz7s9dCXObDRZBE4zZCfVDCOaDzwBajqvt8tZCLyglNfHAVFymweyRxgxwtmq6IHSiwo9Nmvr3dPAXdXF
Meta Ads Library,Novaturas,1.22669E+15,teztour,https://www.facebook.com/ads/archive/render_ad/?id=1226693458325688&access_token=EAATnrmoQyC4BO5erfu0T8wppuuMsqCZCnReXzEYpZAE2SuHMabkeRUXfkbCAdlN6QqZADLZAC3kW4zSBZAUYvrEe5WEyxqd6tPkCitApLgaiLpJyZAFbsttB4ePIsz7s9dCXObDRZBE4zZCfVDCOaDzwBajqvt8tZCLyglNfHAVFymweyRxgxwtmq6IHSiwo9Nmvr3dPAXdXF
Meta Ads Library,Novaturas,1.04301E+15,teztour,https://www.facebook.com/ads/archive/render_ad/?id=1043005961174989&access_token=EAATnrmoQyC4BO5erfu0T8wppuuMsqCZCnReXzEYpZAE2SuHMabkeRUXfkbCAdlN6QqZADLZAC3kW4zSBZAUYvrEe5WEyxqd6tPkCitApLgaiLpJyZAFbsttB4ePIsz7s9dCXObDRZBE4zZCfVDCOaDzwBajqvt8tZCLyglNfHAVFymweyRxgxwtmq6IHSiwo9Nmvr3dPAXdXF
Meta Ads Library,Novaturas,1.04575E+15,teztour,https://www.facebook.com/ads/archive/render_ad/?id=1045752283783070&access_token=EAATnrmoQyC4BO5erfu0T8wppuuMsqCZCnReXzEYpZAE2SuHMabkeRUXfkbCAdlN6QqZADLZAC3kW4zSBZAUYvrEe5WEyxqd6tPkCitApLgaiLpJyZAFbsttB4ePIsz7s9dCXObDRZBE4zZCfVDCOaDzwBajqvt8tZCLyglNfHAVFymweyRxgxwtmq6IHSiwo9Nmvr3dPAXdXF
Meta Ads Library,Novaturas,1.64796E+15,teztour,https://www.facebook.com/ads/archive/render_ad/?id=1647959465991156&access_token=EAATnrmoQyC4BO5erfu0T8wppuuMsqCZCnReXzEYpZAE2SuHMabkeRUXfkbCAdlN6QqZADLZAC3kW4zSBZAUYvrEe5WEyxqd6tPkCitApLgaiLpJyZAFbsttB4ePIsz7s9dCXObDRZBE4zZCfVDCOaDzwBajqvt8tZCLyglNfHAVFymweyRxgxwtmq6IHSiwo9Nmvr3dPAXdXF
Meta Ads Library,Novaturas,4.85016E+14,teztour,https://www.facebook.com/ads/archive/render_ad/?id=485015704465736&access_token=EAATnrmoQyC4BO5erfu0T8wppuuMsqCZCnReXzEYpZAE2SuHMabkeRUXfkbCAdlN6QqZADLZAC3kW4zSBZAUYvrEe5WEyxqd6tPkCitApLgaiLpJyZAFbsttB4ePIsz7s9dCXObDRZBE4zZCfVDCOaDzwBajqvt8tZCLyglNfHAVFymweyRxgxwtmq6IHSiwo9Nmvr3dPAXdXF
Meta Ads Library,Novaturas,1.49287E+15,teztour,https://www.facebook.com/ads/archive/render_ad/?id=1492872014679666&access_token=EAATnrmoQyC4BQPVFaEdvyWfH85nc9J1azy5Q3EZCsaaFpLOAG9mEhR1mfp8tmZAxRmBf2IRN553VRRdSaWWJUedu3OFNvLi6Jf9yHmQkSryfa7HC1lnTHUoDGLJFXNS38IeFpk3ZBBnLtpERHKOgzlznywHZAnzlGFoqmGcIcZBTiOgc4ybEkN3braKPoQgJuFpHi7zrs
Meta Ads Library,Novaturas,1.50566E+15,teztour,https://www.facebook.com/ads/archive/render_ad/?id=1505656087465142&access_token=EAATnrmoQyC4BQPVFaEdvyWfH85nc9J1azy5Q3EZCsaaFpLOAG9mEhR1mfp8tmZAxRmBf2IRN553VRRdSaWWJUedu3OFNvLi6Jf9yHmQkSryfa7HC1lnTHUoDGLJFXNS38IeFpk3ZBBnLtpERHKOgzlznywHZAnzlGFoqmGcIcZBTiOgc4ybEkN3braKPoQgJuFpHi7zrs
Meta Ads Library,Novaturas,8.01232E+14,teztour,https://www.facebook.com/ads/archive/render_ad/?id=801231779016575&access_token=EAATnrmoQyC4BQptmsbNRdpMvgWhT9ZCeeMMlHDkxMXfJ2nK6fMZAk2p9lKk0ofSe3VJBPuz92dPfwiAVjmS2ZCoS7xLFsfFcl3R0EZAhf5ct7tPBlrxE7lxNtKKSRD4BlK1MAuYA7zjMuXKiS0o7eOkkQsTbvvT0TMpX7WoMajScg9PKRZBs3m5KGt4Um9A8HstpDdQRr
Meta Ads Library,Prisma Peremarketid,1.9933E+15,prisma,https://www.facebook.com/ads/archive/render_ad/?id=1993303007813734&access_token=EAATnrmoQyC4BQPVFaEdvyWfH85nc9J1azy5Q3EZCsaaFpLOAG9mEhR1mfp8tmZAxRmBf2IRN553VRRdSaWWJUedu3OFNvLi6Jf9yHmQkSryfa7HC1lnTHUoDGLJFXNS38IeFpk3ZBBnLtpERHKOgzlznywHZAnzlGFoqmGcIcZBTiOgc4ybEkN3braKPoQgJuFpHi7zrs
Meta Ads Library,Prisma Peremarketid,1.35461E+15,prisma,https://www.facebook.com/ads/archive/render_ad/?id=1354610198778103&access_token=EAATnrmoQyC4BQPVFaEdvyWfH85nc9J1azy5Q3EZCsaaFpLOAG9mEhR1mfp8tmZAxRmBf2IRN553VRRdSaWWJUedu3OFNvLi6Jf9yHmQkSryfa7HC1lnTHUoDGLJFXNS38IeFpk3ZBBnLtpERHKOgzlznywHZAnzlGFoqmGcIcZBTiOgc4ybEkN3braKPoQgJuFpHi7zrs
Meta Ads Library,Prisma Peremarketid,1.88544E+15,prisma,https://www.facebook.com/ads/archive/render_ad/?id=1885444892058531&access_token=EAATnrmoQyC4BQptmsbNRdpMvgWhT9ZCeeMMlHDkxMXfJ2nK6fMZAk2p9lKk0ofSe3VJBPuz92dPfwiAVjmS2ZCoS7xLFsfFcl3R0EZAhf5ct7tPBlrxE7lxNtKKSRD4BlK1MAuYA7zjMuXKiS0o7eOkkQsTbvvT0TMpX7WoMajScg9PKRZBs3m5KGt4Um9A8HstpDdQRr
Meta Ads Library,Prisma Peremarketid,1.21196E+15,prisma,https://www.facebook.com/ads/archive/render_ad/?id=1211957514109587&access_token=EAATnrmoQyC4BQptmsbNRdpMvgWhT9ZCeeMMlHDkxMXfJ2nK6fMZAk2p9lKk0ofSe3VJBPuz92dPfwiAVjmS2ZCoS7xLFsfFcl3R0EZAhf5ct7tPBlrxE7lxNtKKSRD4BlK1MAuYA7zjMuXKiS0o7eOkkQsTbvvT0TMpX7WoMajScg9PKRZBs3m5KGt4Um9A8HstpDdQRr
Meta Ads Library,Prisma Peremarketid,9.69106E+14,prisma,https://www.facebook.com/ads/archive/render_ad/?id=969106365425558&access_token=EAATnrmoQyC4BQPVFaEdvyWfH85nc9J1azy5Q3EZCsaaFpLOAG9mEhR1mfp8tmZAxRmBf2IRN553VRRdSaWWJUedu3OFNvLi6Jf9yHmQkSryfa7HC1lnTHUoDGLJFXNS38IeFpk3ZBBnLtpERHKOgzlznywHZAnzlGFoqmGcIcZBTiOgc4ybEkN3braKPoQgJuFpHi7zrs
Meta Ads Library,Prisma Peremarketid,3.84639E+14,prisma,https://www.facebook.com/ads/archive/render_ad/?id=384639414259554&access_token=EAATnrmoQyC4BOyPI2UlrqFMQKk5vv6XeANCnonDt4Ho3GPZCm24pBF6XxsSP0Qh3kIdZCuPUtE6BvZBSuq1WwOhhHeZC7dnXLq9u3XRiPfzaTxZBalwm2gvQPVjbAEyHImZBEa9uHUj8yB0OSaDuDsgTaLPYzvCZCd5fnGkOLIjhAkfnRyK2nOmUnAFTlG8Ujgl
Meta Ads Library,Prisma Peremarketid,5.13134E+14,prisma,https://www.facebook.com/ads/archive/render_ad/?id=513133851785584&access_token=EAATnrmoQyC4BO5erfu0T8wppuuMsqCZCnReXzEYpZAE2SuHMabkeRUXfkbCAdlN6QqZADLZAC3kW4zSBZAUYvrEe5WEyxqd6tPkCitApLgaiLpJyZAFbsttB4ePIsz7s9dCXObDRZBE4zZCfVDCOaDzwBajqvt8tZCLyglNfHAVFymweyRxgxwtmq6IHSiwo9Nmvr3dPAXdXF
Meta Ads Library,Prisma Peremarketid,1.37674E+15,prisma,https://www.facebook.com/ads/archive/render_ad/?id=1376739153381716&access_token=EAATnrmoQyC4BQPVFaEdvyWfH85nc9J1azy5Q3EZCsaaFpLOAG9mEhR1mfp8tmZAxRmBf2IRN553VRRdSaWWJUedu3OFNvLi6Jf9yHmQkSryfa7HC1lnTHUoDGLJFXNS38IeFpk3ZBBnLtpERHKOgzlznywHZAnzlGFoqmGcIcZBTiOgc4ybEkN3braKPoQgJuFpHi7zrs
Meta Ads Library,Prisma Peremarketid,2.68617E+16,prisma,https://www.facebook.com/ads/archive/render_ad/?id=26861681243445220&access_token=EAATnrmoQyC4BOyPI2UlrqFMQKk5vv6XeANCnonDt4Ho3GPZCm24pBF6XxsSP0Qh3kIdZCuPUtE6BvZBSuq1WwOhhHeZC7dnXLq9u3XRiPfzaTxZBalwm2gvQPVjbAEyHImZBEa9uHUj8yB0OSaDuDsgTaLPYzvCZCd5fnGkOLIjhAkfnRyK2nOmUnAFTlG8Ujgl
Meta Ads Library,Prisma Peremarketid,4.13734E+15,prisma,https://www.facebook.com/ads/archive/render_ad/?id=4137338316515486&access_token=EAATnrmoQyC4BQPVFaEdvyWfH85nc9J1azy5Q3EZCsaaFpLOAG9mEhR1mfp8tmZAxRmBf2IRN553VRRdSaWWJUedu3OFNvLi6Jf9yHmQkSryfa7HC1lnTHUoDGLJFXNS38IeFpk3ZBBnLtpERHKOgzlznywHZAnzlGFoqmGcIcZBTiOgc4ybEkN3braKPoQgJuFpHi7zrs
Meta Ads Library,Prisma Peremarketid,1.2979E+15,prisma,https://www.facebook.com/ads/archive/render_ad/?id=1297903648571909&access_token=EAATnrmoQyC4BQPVFaEdvyWfH85nc9J1azy5Q3EZCsaaFpLOAG9mEhR1mfp8tmZAxRmBf2IRN553VRRdSaWWJUedu3OFNvLi6Jf9yHmQkSryfa7HC1lnTHUoDGLJFXNS38IeFpk3ZBBnLtpERHKOgzlznywHZAnzlGFoqmGcIcZBTiOgc4ybEkN3braKPoQgJuFpHi7zrs
Meta Ads Library,Prisma Peremarketid,1.83667E+15,prisma,https://www.facebook.com/ads/archive/render_ad/?id=1836671353890306&access_token=EAATnrmoQyC4BQPVFaEdvyWfH85nc9J1azy5Q3EZCsaaFpLOAG9mEhR1mfp8tmZAxRmBf2IRN553VRRdSaWWJUedu3OFNvLi6Jf9yHmQkSryfa7HC1lnTHUoDGLJFXNS38IeFpk3ZBBnLtpERHKOgzlznywHZAnzlGFoqmGcIcZBTiOgc4ybEkN3braKPoQgJuFpHi7zrs
Meta Ads Library,Prisma Peremarketid,1.93951E+15,prisma,https://www.facebook.com/ads/archive/render_ad/?id=1939510966607639&access_token=EAATnrmoQyC4BQPVFaEdvyWfH85nc9J1azy5Q3EZCsaaFpLOAG9mEhR1mfp8tmZAxRmBf2IRN553VRRdSaWWJUedu3OFNvLi6Jf9yHmQkSryfa7HC1lnTHUoDGLJFXNS38IeFpk3ZBBnLtpERHKOgzlznywHZAnzlGFoqmGcIcZBTiOgc4ybEkN3braKPoQgJuFpHi7zrs
Meta Ads Library,Prisma Peremarketid,1.55913E+15,prisma,https://www.facebook.com/ads/archive/render_ad/?id=1559127958690322&access_token=EAATnrmoQyC4BQptmsbNRdpMvgWhT9ZCeeMMlHDkxMXfJ2nK6fMZAk2p9lKk0ofSe3VJBPuz92dPfwiAVjmS2ZCoS7xLFsfFcl3R0EZAhf5ct7tPBlrxE7lxNtKKSRD4BlK1MAuYA7zjMuXKiS0o7eOkkQsTbvvT0TMpX7WoMajScg9PKRZBs3m5KGt4Um9A8HstpDdQRr
Meta Ads Library,Prisma Peremarketid,4.15348E+14,prisma,https://www.facebook.com/ads/archive/render_ad/?id=415348397766964&access_token=EAATnrmoQyC4BOyPI2UlrqFMQKk5vv6XeANCnonDt4Ho3GPZCm24pBF6XxsSP0Qh3kIdZCuPUtE6BvZBSuq1WwOhhHeZC7dnXLq9u3XRiPfzaTxZBalwm2gvQPVjbAEyHImZBEa9uHUj8yB0OSaDuDsgTaLPYzvCZCd5fnGkOLIjhAkfnRyK2nOmUnAFTlG8Ujgl
Meta Ads Library,Rimi Eesti,3.65546E+14,prisma,https://www.facebook.com/ads/archive/render_ad/?id=365545856638264&access_token=EAATnrmoQyC4BOyPI2UlrqFMQKk5vv6XeANCnonDt4Ho3GPZCm24pBF6XxsSP0Qh3kIdZCuPUtE6BvZBSuq1WwOhhHeZC7dnXLq9u3XRiPfzaTxZBalwm2gvQPVjbAEyHImZBEa9uHUj8yB0OSaDuDsgTaLPYzvCZCd5fnGkOLIjhAkfnRyK2nOmUnAFTlG8Ujgl
Meta Ads Library,Rimi Eesti,4.12006E+15,prisma,https://www.facebook.com/ads/archive/render_ad/?id=4120063054984236&access_token=EAATnrmoQyC4BQPVFaEdvyWfH85nc9J1azy5Q3EZCsaaFpLOAG9mEhR1mfp8tmZAxRmBf2IRN553VRRdSaWWJUedu3OFNvLi6Jf9yHmQkSryfa7HC1lnTHUoDGLJFXNS38IeFpk3ZBBnLtpERHKOgzlznywHZAnzlGFoqmGcIcZBTiOgc4ybEkN3braKPoQgJuFpHi7zrs
Meta Ads Library,Rimi Eesti,3.80444E+15,prisma,https://www.facebook.com/ads/archive/render_ad/?id=3804435209825817&access_token=EAATnrmoQyC4BOyPI2UlrqFMQKk5vv6XeANCnonDt4Ho3GPZCm24pBF6XxsSP0Qh3kIdZCuPUtE6BvZBSuq1WwOhhHeZC7dnXLq9u3XRiPfzaTxZBalwm2gvQPVjbAEyHImZBEa9uHUj8yB0OSaDuDsgTaLPYzvCZCd5fnGkOLIjhAkfnRyK2nOmUnAFTlG8Ujgl
Meta Ads Library,Rimi Eesti,2.31146E+15,prisma,https://www.facebook.com/ads/archive/render_ad/?id=2311455502527170&access_token=EAATnrmoQyC4BOyPI2UlrqFMQKk5vv6XeANCnonDt4Ho3GPZCm24pBF6XxsSP0Qh3kIdZCuPUtE6BvZBSuq1WwOhhHeZC7dnXLq9u3XRiPfzaTxZBalwm2gvQPVjbAEyHImZBEa9uHUj8yB0OSaDuDsgTaLPYzvCZCd5fnGkOLIjhAkfnRyK2nOmUnAFTlG8Ujgl
Meta Ads Library,Rimi Eesti,6.63078E+14,prisma,https://www.facebook.com/ads/archive/render_ad/?id=663078336173618&access_token=EAATnrmoQyC4BQPVFaEdvyWfH85nc9J1azy5Q3EZCsaaFpLOAG9mEhR1mfp8tmZAxRmBf2IRN553VRRdSaWWJUedu3OFNvLi6Jf9yHmQkSryfa7HC1lnTHUoDGLJFXNS38IeFpk3ZBBnLtpERHKOgzlznywHZAnzlGFoqmGcIcZBTiOgc4ybEkN3braKPoQgJuFpHi7zrs
Meta Ads Library,Rimi Eesti,3.76023E+15,prisma,https://www.facebook.com/ads/archive/render_ad/?id=3760233044271340&access_token=EAATnrmoQyC4BQptmsbNRdpMvgWhT9ZCeeMMlHDkxMXfJ2nK6fMZAk2p9lKk0ofSe3VJBPuz92dPfwiAVjmS2ZCoS7xLFsfFcl3R0EZAhf5ct7tPBlrxE7lxNtKKSRD4BlK1MAuYA7zjMuXKiS0o7eOkkQsTbvvT0TMpX7WoMajScg9PKRZBs3m5KGt4Um9A8HstpDdQRr
Meta Ads Library,Rimi Eesti,1.13667E+15,prisma,https://www.facebook.com/ads/archive/render_ad/?id=1136666000780786&access_token=EAATnrmoQyC4BOyPI2UlrqFMQKk5vv6XeANCnonDt4Ho3GPZCm24pBF6XxsSP0Qh3kIdZCuPUtE6BvZBSuq1WwOhhHeZC7dnXLq9u3XRiPfzaTxZBalwm2gvQPVjbAEyHImZBEa9uHUj8yB0OSaDuDsgTaLPYzvCZCd5fnGkOLIjhAkfnRyK2nOmUnAFTlG8Ujgl
Meta Ads Library,Rimi Eesti,1.39627E+15,prisma,https://www.facebook.com/ads/archive/render_ad/?id=1396265767755903&access_token=EAATnrmoQyC4BOyPI2UlrqFMQKk5vv6XeANCnonDt4Ho3GPZCm24pBF6XxsSP0Qh3kIdZCuPUtE6BvZBSuq1WwOhhHeZC7dnXLq9u3XRiPfzaTxZBalwm2gvQPVjbAEyHImZBEa9uHUj8yB0OSaDuDsgTaLPYzvCZCd5fnGkOLIjhAkfnRyK2nOmUnAFTlG8Ujgl
Meta Ads Library,Rimi Eesti,1.3409E+15,prisma,https://www.facebook.com/ads/archive/render_ad/?id=1340896217178681&access_token=EAATnrmoQyC4BQPVFaEdvyWfH85nc9J1azy5Q3EZCsaaFpLOAG9mEhR1mfp8tmZAxRmBf2IRN553VRRdSaWWJUedu3OFNvLi6Jf9yHmQkSryfa7HC1lnTHUoDGLJFXNS38IeFpk3ZBBnLtpERHKOgzlznywHZAnzlGFoqmGcIcZBTiOgc4ybEkN3braKPoQgJuFpHi7zrs
Meta Ads Library,Rimi Eesti,3.32802E+15,prisma,https://www.facebook.com/ads/archive/render_ad/?id=3328024594022483&access_token=EAATnrmoQyC4BQptmsbNRdpMvgWhT9ZCeeMMlHDkxMXfJ2nK6fMZAk2p9lKk0ofSe3VJBPuz92dPfwiAVjmS2ZCoS7xLFsfFcl3R0EZAhf5ct7tPBlrxE7lxNtKKSRD4BlK1MAuYA7zjMuXKiS0o7eOkkQsTbvvT0TMpX7WoMajScg9PKRZBs3m5KGt4Um9A8HstpDdQRr
Meta Ads Library,Rimi Eesti,1.01838E+15,prisma,https://www.facebook.com/ads/archive/render_ad/?id=1018375914681561&access_token=EAATnrmoQyC4BQptmsbNRdpMvgWhT9ZCeeMMlHDkxMXfJ2nK6fMZAk2p9lKk0ofSe3VJBPuz92dPfwiAVjmS2ZCoS7xLFsfFcl3R0EZAhf5ct7tPBlrxE7lxNtKKSRD4BlK1MAuYA7zjMuXKiS0o7eOkkQsTbvvT0TMpX7WoMajScg9PKRZBs3m5KGt4Um9A8HstpDdQRr
Meta Ads Library,Rimi Eesti,1.42886E+15,prisma,https://www.facebook.com/ads/archive/render_ad/?id=1428861795421904&access_token=EAATnrmoQyC4BQptmsbNRdpMvgWhT9ZCeeMMlHDkxMXfJ2nK6fMZAk2p9lKk0ofSe3VJBPuz92dPfwiAVjmS2ZCoS7xLFsfFcl3R0EZAhf5ct7tPBlrxE7lxNtKKSRD4BlK1MAuYA7zjMuXKiS0o7eOkkQsTbvvT0TMpX7WoMajScg9PKRZBs3m5KGt4Um9A8HstpDdQRr
Meta Ads Library,Rimi Eesti,7.27097E+14,prisma,https://www.facebook.com/ads/archive/render_ad/?id=727096689745397&access_token=EAATnrmoQyC4BQPVFaEdvyWfH85nc9J1azy5Q3EZCsaaFpLOAG9mEhR1mfp8tmZAxRmBf2IRN553VRRdSaWWJUedu3OFNvLi6Jf9yHmQkSryfa7HC1lnTHUoDGLJFXNS38IeFpk3ZBBnLtpERHKOgzlznywHZAnzlGFoqmGcIcZBTiOgc4ybEkN3braKPoQgJuFpHi7zrs
Meta Ads Library,Rimi Eesti,1.57801E+15,prisma,https://www.facebook.com/ads/archive/render_ad/?id=1578012919787131&access_token=EAATnrmoQyC4BOyPI2UlrqFMQKk5vv6XeANCnonDt4Ho3GPZCm24pBF6XxsSP0Qh3kIdZCuPUtE6BvZBSuq1WwOhhHeZC7dnXLq9u3XRiPfzaTxZBalwm2gvQPVjbAEyHImZBEa9uHUj8yB0OSaDuDsgTaLPYzvCZCd5fnGkOLIjhAkfnRyK2nOmUnAFTlG8Ujgl
Meta Ads Library,Rimi Eesti,8.46225E+14,prisma,https://www.facebook.com/ads/archive/render_ad/?id=846224877682554&access_token=EAATnrmoQyC4BOyPI2UlrqFMQKk5vv6XeANCnonDt4Ho3GPZCm24pBF6XxsSP0Qh3kIdZCuPUtE6BvZBSuq1WwOhhHeZC7dnXLq9u3XRiPfzaTxZBalwm2gvQPVjbAEyHImZBEa9uHUj8yB0OSaDuDsgTaLPYzvCZCd5fnGkOLIjhAkfnRyK2nOmUnAFTlG8Ujgl
Meta Ads Library,Rimi Eesti,5.01873E+14,prisma,https://www.facebook.com/ads/archive/render_ad/?id=501873419310029&access_token=EAATnrmoQyC4BOyPI2UlrqFMQKk5vv6XeANCnonDt4Ho3GPZCm24pBF6XxsSP0Qh3kIdZCuPUtE6BvZBSuq1WwOhhHeZC7dnXLq9u3XRiPfzaTxZBalwm2gvQPVjbAEyHImZBEa9uHUj8yB0OSaDuDsgTaLPYzvCZCd5fnGkOLIjhAkfnRyK2nOmUnAFTlG8Ujgl
Meta Ads Library,Rimi Eesti,3.38311E+15,prisma,https://www.facebook.com/ads/archive/render_ad/?id=3383111001985056&access_token=EAATnrmoQyC4BOyPI2UlrqFMQKk5vv6XeANCnonDt4Ho3GPZCm24pBF6XxsSP0Qh3kIdZCuPUtE6BvZBSuq1WwOhhHeZC7dnXLq9u3XRiPfzaTxZBalwm2gvQPVjbAEyHImZBEa9uHUj8yB0OSaDuDsgTaLPYzvCZCd5fnGkOLIjhAkfnRyK2nOmUnAFTlG8Ujgl
Meta Ads Library,Rimi Eesti,1.24114E+15,prisma,https://www.facebook.com/ads/archive/render_ad/?id=1241135493758920&access_token=EAATnrmoQyC4BOyPI2UlrqFMQKk5vv6XeANCnonDt4Ho3GPZCm24pBF6XxsSP0Qh3kIdZCuPUtE6BvZBSuq1WwOhhHeZC7dnXLq9u3XRiPfzaTxZBalwm2gvQPVjbAEyHImZBEa9uHUj8yB0OSaDuDsgTaLPYzvCZCd5fnGkOLIjhAkfnRyK2nOmUnAFTlG8Ujgl
Meta Ads Library,Rimi Eesti,3.47939E+15,prisma,https://www.facebook.com/ads/archive/render_ad/?id=3479385415564480&access_token=EAATnrmoQyC4BQptmsbNRdpMvgWhT9ZCeeMMlHDkxMXfJ2nK6fMZAk2p9lKk0ofSe3VJBPuz92dPfwiAVjmS2ZCoS7xLFsfFcl3R0EZAhf5ct7tPBlrxE7lxNtKKSRD4BlK1MAuYA7zjMuXKiS0o7eOkkQsTbvvT0TMpX7WoMajScg9PKRZBs3m5KGt4Um9A8HstpDdQRr
Meta Ads Library,Rimi Eesti,1.44213E+15,prisma,https://www.facebook.com/ads/archive/render_ad/?id=1442130623456044&access_token=EAATnrmoQyC4BQPVFaEdvyWfH85nc9J1azy5Q3EZCsaaFpLOAG9mEhR1mfp8tmZAxRmBf2IRN553VRRdSaWWJUedu3OFNvLi6Jf9yHmQkSryfa7HC1lnTHUoDGLJFXNS38IeFpk3ZBBnLtpERHKOgzlznywHZAnzlGFoqmGcIcZBTiOgc4ybEkN3braKPoQgJuFpHi7zrs
Meta Ads Library,Rimi Eesti,1.29112E+15,prisma,https://www.facebook.com/ads/archive/render_ad/?id=1291116819084669&access_token=EAATnrmoQyC4BQPVFaEdvyWfH85nc9J1azy5Q3EZCsaaFpLOAG9mEhR1mfp8tmZAxRmBf2IRN553VRRdSaWWJUedu3OFNvLi6Jf9yHmQkSryfa7HC1lnTHUoDGLJFXNS38IeFpk3ZBBnLtpERHKOgzlznywHZAnzlGFoqmGcIcZBTiOgc4ybEkN3braKPoQgJuFpHi7zrs
Meta Ads Library,SELVER,1.68481E+15,prisma,https://www.facebook.com/ads/archive/render_ad/?id=1684810295425000&access_token=EAATnrmoQyC4BOyPI2UlrqFMQKk5vv6XeANCnonDt4Ho3GPZCm24pBF6XxsSP0Qh3kIdZCuPUtE6BvZBSuq1WwOhhHeZC7dnXLq9u3XRiPfzaTxZBalwm2gvQPVjbAEyHImZBEa9uHUj8yB0OSaDuDsgTaLPYzvCZCd5fnGkOLIjhAkfnRyK2nOmUnAFTlG8Ujgl
Meta Ads Library,SELVER,2.31001E+15,prisma,https://www.facebook.com/ads/archive/render_ad/?id=2310008559477081&access_token=EAATnrmoQyC4BQptmsbNRdpMvgWhT9ZCeeMMlHDkxMXfJ2nK6fMZAk2p9lKk0ofSe3VJBPuz92dPfwiAVjmS2ZCoS7xLFsfFcl3R0EZAhf5ct7tPBlrxE7lxNtKKSRD4BlK1MAuYA7zjMuXKiS0o7eOkkQsTbvvT0TMpX7WoMajScg9PKRZBs3m5KGt4Um9A8HstpDdQRr
Meta Ads Library,SELVER,3.96031E+15,prisma,https://www.facebook.com/ads/archive/render_ad/?id=3960308980921796&access_token=EAATnrmoQyC4BO5erfu0T8wppuuMsqCZCnReXzEYpZAE2SuHMabkeRUXfkbCAdlN6QqZADLZAC3kW4zSBZAUYvrEe5WEyxqd6tPkCitApLgaiLpJyZAFbsttB4ePIsz7s9dCXObDRZBE4zZCfVDCOaDzwBajqvt8tZCLyglNfHAVFymweyRxgxwtmq6IHSiwo9Nmvr3dPAXdXF
Meta Ads Library,SELVER,1.16072E+15,prisma,https://www.facebook.com/ads/archive/render_ad/?id=1160719815853813&access_token=EAATnrmoQyC4BQPVFaEdvyWfH85nc9J1azy5Q3EZCsaaFpLOAG9mEhR1mfp8tmZAxRmBf2IRN553VRRdSaWWJUedu3OFNvLi6Jf9yHmQkSryfa7HC1lnTHUoDGLJFXNS38IeFpk3ZBBnLtpERHKOgzlznywHZAnzlGFoqmGcIcZBTiOgc4ybEkN3braKPoQgJuFpHi7zrs
Meta Ads Library,SELVER,1.04497E+15,prisma,https://www.facebook.com/ads/archive/render_ad/?id=1044967137534817&access_token=EAATnrmoQyC4BQPVFaEdvyWfH85nc9J1azy5Q3EZCsaaFpLOAG9mEhR1mfp8tmZAxRmBf2IRN553VRRdSaWWJUedu3OFNvLi6Jf9yHmQkSryfa7HC1lnTHUoDGLJFXNS38IeFpk3ZBBnLtpERHKOgzlznywHZAnzlGFoqmGcIcZBTiOgc4ybEkN3braKPoQgJuFpHi7zrs
Meta Ads Library,SELVER,1.66617E+15,prisma,https://www.facebook.com/ads/archive/render_ad/?id=1666166820806813&access_token=EAATnrmoQyC4BOyPI2UlrqFMQKk5vv6XeANCnonDt4Ho3GPZCm24pBF6XxsSP0Qh3kIdZCuPUtE6BvZBSuq1WwOhhHeZC7dnXLq9u3XRiPfzaTxZBalwm2gvQPVjbAEyHImZBEa9uHUj8yB0OSaDuDsgTaLPYzvCZCd5fnGkOLIjhAkfnRyK2nOmUnAFTlG8Ujgl
Meta Ads Library,SELVER,9.50872E+14,prisma,https://www.facebook.com/ads/archive/render_ad/?id=950872110405357&access_token=EAATnrmoQyC4BQPVFaEdvyWfH85nc9J1azy5Q3EZCsaaFpLOAG9mEhR1mfp8tmZAxRmBf2IRN553VRRdSaWWJUedu3OFNvLi6Jf9yHmQkSryfa7HC1lnTHUoDGLJFXNS38IeFpk3ZBBnLtpERHKOgzlznywHZAnzlGFoqmGcIcZBTiOgc4ybEkN3braKPoQgJuFpHi7zrs
Meta Ads Library,SELVER,3.80907E+14,prisma,https://www.facebook.com/ads/archive/render_ad/?id=380907084956858&access_token=EAATnrmoQyC4BOyPI2UlrqFMQKk5vv6XeANCnonDt4Ho3GPZCm24pBF6XxsSP0Qh3kIdZCuPUtE6BvZBSuq1WwOhhHeZC7dnXLq9u3XRiPfzaTxZBalwm2gvQPVjbAEyHImZBEa9uHUj8yB0OSaDuDsgTaLPYzvCZCd5fnGkOLIjhAkfnRyK2nOmUnAFTlG8Ujgl
Meta Ads Library,SELVER,5.70735E+14,prisma,https://www.facebook.com/ads/archive/render_ad/?id=570734585484336&access_token=EAATnrmoQyC4BOyPI2UlrqFMQKk5vv6XeANCnonDt4Ho3GPZCm24pBF6XxsSP0Qh3kIdZCuPUtE6BvZBSuq1WwOhhHeZC7dnXLq9u3XRiPfzaTxZBalwm2gvQPVjbAEyHImZBEa9uHUj8yB0OSaDuDsgTaLPYzvCZCd5fnGkOLIjhAkfnRyK2nOmUnAFTlG8Ujgl
Meta Ads Library,SELVER,9.68421E+14,prisma,https://www.facebook.com/ads/archive/render_ad/?id=968421198046501&access_token=EAATnrmoQyC4BQPVFaEdvyWfH85nc9J1azy5Q3EZCsaaFpLOAG9mEhR1mfp8tmZAxRmBf2IRN553VRRdSaWWJUedu3OFNvLi6Jf9yHmQkSryfa7HC1lnTHUoDGLJFXNS38IeFpk3ZBBnLtpERHKOgzlznywHZAnzlGFoqmGcIcZBTiOgc4ybEkN3braKPoQgJuFpHi7zrs
Meta Ads Library,SELVER,1.09007E+15,prisma,https://www.facebook.com/ads/archive/render_ad/?id=1090071295821940&access_token=EAATnrmoQyC4BOyPI2UlrqFMQKk5vv6XeANCnonDt4Ho3GPZCm24pBF6XxsSP0Qh3kIdZCuPUtE6BvZBSuq1WwOhhHeZC7dnXLq9u3XRiPfzaTxZBalwm2gvQPVjbAEyHImZBEa9uHUj8yB0OSaDuDsgTaLPYzvCZCd5fnGkOLIjhAkfnRyK2nOmUnAFTlG8Ujgl
Meta Ads Library,SELVER,7.34634E+14,prisma,https://www.facebook.com/ads/archive/render_ad/?id=734633762789297&access_token=EAATnrmoQyC4BQPVFaEdvyWfH85nc9J1azy5Q3EZCsaaFpLOAG9mEhR1mfp8tmZAxRmBf2IRN553VRRdSaWWJUedu3OFNvLi6Jf9yHmQkSryfa7HC1lnTHUoDGLJFXNS38IeFpk3ZBBnLtpERHKOgzlznywHZAnzlGFoqmGcIcZBTiOgc4ybEkN3braKPoQgJuFpHi7zrs
Google Transparence Center,SUPERSA OÜ,CR02350846054498304001,prisma,https://adstransparency.google.com/advertiser/AR15007099568879828993/creative/CR02350846054498304001
Google Transparence Center,SUPERSA OÜ,CR01077713706676125697,prisma,https://adstransparency.google.com/advertiser/AR15007099568879828993/creative/CR01077713706676125697
Google Transparence Center,SUPERSA OÜ,CR09274360634462437377,prisma,https://adstransparency.google.com/advertiser/AR15007099568879828993/creative/CR09274360634462437377
Google Transparence Center,SUPERSA OÜ,CR14030492793965641729,prisma,https://adstransparency.google.com/advertiser/AR15007099568879828993/creative/CR14030492793965641729
Google Transparence Center,SUPERSA OÜ,CR09011093364149321729,prisma,https://adstransparency.google.com/advertiser/AR15007099568879828993/creative/CR09011093364149321729
Google Transparence Center,SUPERSA OÜ,CR17267115448843894785,prisma,https://adstransparency.google.com/advertiser/AR15007099568879828993/creative/CR17267115448843894785
Google Transparence Center,SUPERSA OÜ,CR05117932284598550529,prisma,https://adstransparency.google.com/advertiser/AR15007099568879828993/creative/CR05117932284598550529
Google Transparence Center,SUPERSA OÜ,CR14616226028473810945,prisma,https://adstransparency.google.com/advertiser/AR15007099568879828993/creative/CR14616226028473810945
Google Transparence Center,SUPERSA OÜ,CR16307469087464751105,prisma,https://adstransparency.google.com/advertiser/AR15007099568879828993/creative/CR16307469087464751105
Google Transparence Center,SUPERSA OÜ,CR07911416328592818177,prisma,https://adstransparency.google.com/advertiser/AR15007099568879828993/creative/CR07911416328592818177
Google Transparence Center,SUPERSA OÜ,CR11347068936198815745,prisma,https://adstransparency.google.com/advertiser/AR15007099568879828993/creative/CR11347068936198815745
Google Transparence Center,SUPERSA OÜ,CR02065943951583477761,prisma,https://adstransparency.google.com/advertiser/AR15007099568879828993/creative/CR02065943951583477761
Google Transparence Center,SUPERSA OÜ,CR13496166272131399681,prisma,https://adstransparency.google.com/advertiser/AR15007099568879828993/creative/CR13496166272131399681
Google Transparence Center,Sportland Eesti Aktsiaselts,CR16711162306385412097,ballzy,https://adstransparency.google.com/advertiser/AR13892115716556980225/creative/CR16711162306385412097
Google Transparence Center,Sportland Eesti Aktsiaselts,CR16608666244760993793,ballzy,https://adstransparency.google.com/advertiser/AR17122159581049389057/creative/CR16608666244760993793
Google Transparence Center,Sportland Eesti Aktsiaselts,CR10484665685282652161,ballzy,https://adstransparency.google.com/advertiser/AR17122159581049389057/creative/CR10484665685282652161
Google Transparence Center,Sportland Eesti Aktsiaselts,CR00842970705745149953,ballzy,https://adstransparency.google.com/advertiser/AR17122159581049389057/creative/CR00842970705745149953
Google Transparence Center,Sportland Eesti Aktsiaselts,CR04985390177959542785,ballzy,https://adstransparency.google.com/advertiser/AR17122159581049389057/creative/CR04985390177959542785
Google Transparence Center,Sportland Eesti Aktsiaselts,CR02214397159707508737,ballzy,https://adstransparency.google.com/advertiser/AR00084571599730114561/creative/CR02214397159707508737
Google Transparence Center,Sportland Eesti Aktsiaselts,CR18102105985093992449,ballzy,https://adstransparency.google.com/advertiser/AR00084571599730114561/creative/CR18102105985093992449
Google Transparence Center,Sportland Eesti Aktsiaselts,CR17441229128056438785,ballzy,https://adstransparency.google.com/advertiser/AR17122159581049389057/creative/CR17441229128056438785
Google Transparence Center,Sportland Eesti Aktsiaselts,CR07261485075450036225,ballzy,https://adstransparency.google.com/advertiser/AR00084571599730114561/creative/CR07261485075450036225
Google Transparence Center,Sportland Eesti Aktsiaselts,CR04832517963884003329,ballzy,https://adstransparency.google.com/advertiser/AR17122159581049389057/creative/CR04832517963884003329
Google Transparence Center,Sportland Eesti Aktsiaselts,CR02218975972802166785,ballzy,https://adstransparency.google.com/advertiser/AR13892115716556980225/creative/CR02218975972802166785
Google Transparence Center,Sportland Eesti Aktsiaselts,CR09816709072873848833,ballzy,https://adstransparency.google.com/advertiser/AR00084571599730114561/creative/CR09816709072873848833
Google Transparence Center,Sportland Eesti Aktsiaselts,CR11315067581552918529,ballzy,https://adstransparency.google.com/advertiser/AR00084571599730114561/creative/CR11315067581552918529
Google Transparence Center,Sportland Eesti Aktsiaselts,CR11977918603128209409,ballzy,https://adstransparency.google.com/advertiser/AR17122159581049389057/creative/CR11977918603128209409
Google Transparence Center,Sportland Eesti Aktsiaselts,CR14247642655369461761,ballzy,https://adstransparency.google.com/advertiser/AR00084571599730114561/creative/CR14247642655369461761
Google Transparence Center,Sportland Eesti Aktsiaselts,CR11633196874319527937,ballzy,https://adstransparency.google.com/advertiser/AR17122159581049389057/creative/CR11633196874319527937
Google Transparence Center,Sportland Eesti Aktsiaselts,CR07600971660031688705,ballzy,https://adstransparency.google.com/advertiser/AR17122159581049389057/creative/CR07600971660031688705
Google Transparence Center,Sportland Eesti Aktsiaselts,CR15798934101941026817,ballzy,https://adstransparency.google.com/advertiser/AR17122159581049389057/creative/CR15798934101941026817
Google Transparence Center,Sportland Eesti Aktsiaselts,CR07064715168873185281,ballzy,https://adstransparency.google.com/advertiser/AR00084571599730114561/creative/CR07064715168873185281
Google Transparence Center,Sportland Eesti Aktsiaselts,CR15052367527747256321,ballzy,https://adstransparency.google.com/advertiser/AR17122159581049389057/creative/CR15052367527747256321
Google Transparence Center,Sportland Eesti Aktsiaselts,CR12880381056963837953,ballzy,https://adstransparency.google.com/advertiser/AR00084571599730114561/creative/CR12880381056963837953
Google Transparence Center,Sportland Eesti Aktsiaselts,CR08915245731510484993,ballzy,https://adstransparency.google.com/advertiser/AR00084571599730114561/creative/CR08915245731510484993
Google Transparence Center,Sportland Eesti Aktsiaselts,CR14292873265201283073,ballzy,https://adstransparency.google.com/advertiser/AR17122159581049389057/creative/CR14292873265201283073
Google Transparence Center,Sportland Eesti Aktsiaselts,CR07399318538848043009,ballzy,https://adstransparency.google.com/advertiser/AR17122159581049389057/creative/CR07399318538848043009
Google Transparence Center,Sportland Eesti Aktsiaselts,CR13835603395869671425,ballzy,https://adstransparency.google.com/advertiser/AR17122159581049389057/creative/CR13835603395869671425
Google Transparence Center,Sportland Eesti Aktsiaselts,CR10947212291304587265,ballzy,https://adstransparency.google.com/advertiser/AR17122159581049389057/creative/CR10947212291304587265
Google Transparence Center,Sportland Eesti Aktsiaselts,CR12910277482497703937,ballzy,https://adstransparency.google.com/advertiser/AR13892115716556980225/creative/CR12910277482497703937
Google Transparence Center,Sportland Eesti Aktsiaselts,CR10173855875781885953,ballzy,https://adstransparency.google.com/advertiser/AR17122159581049389057/creative/CR10173855875781885953
Google Transparence Center,Sportland Eesti Aktsiaselts,CR12064058149389205505,ballzy,https://adstransparency.google.com/advertiser/AR13892115716556980225/creative/CR12064058149389205505
Google Transparence Center,Sportland Eesti Aktsiaselts,CR01703633086157160449,ballzy,https://adstransparency.google.com/advertiser/AR00084571599730114561/creative/CR01703633086157160449
Google Transparence Center,Sportland Eesti Aktsiaselts,CR02752212346037338113,ballzy,https://adstransparency.google.com/advertiser/AR00084571599730114561/creative/CR02752212346037338113
Google Transparence Center,Sportland Eesti Aktsiaselts,CR04141326609195991041,ballzy,https://adstransparency.google.com/advertiser/AR00084571599730114561/creative/CR04141326609195991041
Google Transparence Center,Sportland Eesti Aktsiaselts,CR05423889330810650625,ballzy,https://adstransparency.google.com/advertiser/AR17122159581049389057/creative/CR05423889330810650625
Google Transparence Center,Sportland Eesti Aktsiaselts,CR01759027959433265153,ballzy,https://adstransparency.google.com/advertiser/AR00084571599730114561/creative/CR01759027959433265153
Meta Ads Library,Sportland Latvija,2.06553E+15,ballzy,https://www.facebook.com/ads/archive/render_ad/?id=2065530653981625&access_token=EAATnrmoQyC4BQPVFaEdvyWfH85nc9J1azy5Q3EZCsaaFpLOAG9mEhR1mfp8tmZAxRmBf2IRN553VRRdSaWWJUedu3OFNvLi6Jf9yHmQkSryfa7HC1lnTHUoDGLJFXNS38IeFpk3ZBBnLtpERHKOgzlznywHZAnzlGFoqmGcIcZBTiOgc4ybEkN3braKPoQgJuFpHi7zrs
Meta Ads Library,Sportland Latvija,9.47461E+14,ballzy,https://www.facebook.com/ads/archive/render_ad/?id=947460857245245&access_token=EAATnrmoQyC4BOyPI2UlrqFMQKk5vv6XeANCnonDt4Ho3GPZCm24pBF6XxsSP0Qh3kIdZCuPUtE6BvZBSuq1WwOhhHeZC7dnXLq9u3XRiPfzaTxZBalwm2gvQPVjbAEyHImZBEa9uHUj8yB0OSaDuDsgTaLPYzvCZCd5fnGkOLIjhAkfnRyK2nOmUnAFTlG8Ujgl
Meta Ads Library,Sportland Latvija,3.26827E+15,ballzy,https://www.facebook.com/ads/archive/render_ad/?id=3268266709970710&access_token=EAATnrmoQyC4BOyPI2UlrqFMQKk5vv6XeANCnonDt4Ho3GPZCm24pBF6XxsSP0Qh3kIdZCuPUtE6BvZBSuq1WwOhhHeZC7dnXLq9u3XRiPfzaTxZBalwm2gvQPVjbAEyHImZBEa9uHUj8yB0OSaDuDsgTaLPYzvCZCd5fnGkOLIjhAkfnRyK2nOmUnAFTlG8Ujgl
Meta Ads Library,Sportland Latvija,9.70291E+14,ballzy,https://www.facebook.com/ads/archive/render_ad/?id=970290511451606&access_token=EAATnrmoQyC4BOyPI2UlrqFMQKk5vv6XeANCnonDt4Ho3GPZCm24pBF6XxsSP0Qh3kIdZCuPUtE6BvZBSuq1WwOhhHeZC7dnXLq9u3XRiPfzaTxZBalwm2gvQPVjbAEyHImZBEa9uHUj8yB0OSaDuDsgTaLPYzvCZCd5fnGkOLIjhAkfnRyK2nOmUnAFTlG8Ujgl
Meta Ads Library,Sportland Latvija,4.22828E+15,ballzy,https://www.facebook.com/ads/archive/render_ad/?id=4228277914066132&access_token=EAATnrmoQyC4BOyPI2UlrqFMQKk5vv6XeANCnonDt4Ho3GPZCm24pBF6XxsSP0Qh3kIdZCuPUtE6BvZBSuq1WwOhhHeZC7dnXLq9u3XRiPfzaTxZBalwm2gvQPVjbAEyHImZBEa9uHUj8yB0OSaDuDsgTaLPYzvCZCd5fnGkOLIjhAkfnRyK2nOmUnAFTlG8Ujgl
Meta Ads Library,Sportland Latvija,7.82871E+14,ballzy,https://www.facebook.com/ads/archive/render_ad/?id=782870627469274&access_token=EAATnrmoQyC4BQPVFaEdvyWfH85nc9J1azy5Q3EZCsaaFpLOAG9mEhR1mfp8tmZAxRmBf2IRN553VRRdSaWWJUedu3OFNvLi6Jf9yHmQkSryfa7HC1lnTHUoDGLJFXNS38IeFpk3ZBBnLtpERHKOgzlznywHZAnzlGFoqmGcIcZBTiOgc4ybEkN3braKPoQgJuFpHi7zrs
Meta Ads Library,Sportland Latvija,1.13163E+15,ballzy,https://www.facebook.com/ads/archive/render_ad/?id=1131631435371178&access_token=EAATnrmoQyC4BQPVFaEdvyWfH85nc9J1azy5Q3EZCsaaFpLOAG9mEhR1mfp8tmZAxRmBf2IRN553VRRdSaWWJUedu3OFNvLi6Jf9yHmQkSryfa7HC1lnTHUoDGLJFXNS38IeFpk3ZBBnLtpERHKOgzlznywHZAnzlGFoqmGcIcZBTiOgc4ybEkN3braKPoQgJuFpHi7zrs
Meta Ads Library,Sportland Latvija,1.17615E+15,ballzy,https://www.facebook.com/ads/archive/render_ad/?id=1176151751059329&access_token=EAATnrmoQyC4BQptmsbNRdpMvgWhT9ZCeeMMlHDkxMXfJ2nK6fMZAk2p9lKk0ofSe3VJBPuz92dPfwiAVjmS2ZCoS7xLFsfFcl3R0EZAhf5ct7tPBlrxE7lxNtKKSRD4BlK1MAuYA7zjMuXKiS0o7eOkkQsTbvvT0TMpX7WoMajScg9PKRZBs3m5KGt4Um9A8HstpDdQRr
Meta Ads Library,Sportland Latvija,4.0582E+15,ballzy,https://www.facebook.com/ads/archive/render_ad/?id=4058198084403769&access_token=EAATnrmoQyC4BQPVFaEdvyWfH85nc9J1azy5Q3EZCsaaFpLOAG9mEhR1mfp8tmZAxRmBf2IRN553VRRdSaWWJUedu3OFNvLi6Jf9yHmQkSryfa7HC1lnTHUoDGLJFXNS38IeFpk3ZBBnLtpERHKOgzlznywHZAnzlGFoqmGcIcZBTiOgc4ybEkN3braKPoQgJuFpHi7zrs
Meta Ads Library,Sportland Latvija,8.86093E+14,ballzy,https://www.facebook.com/ads/archive/render_ad/?id=886092890357266&access_token=EAATnrmoQyC4BO5erfu0T8wppuuMsqCZCnReXzEYpZAE2SuHMabkeRUXfkbCAdlN6QqZADLZAC3kW4zSBZAUYvrEe5WEyxqd6tPkCitApLgaiLpJyZAFbsttB4ePIsz7s9dCXObDRZBE4zZCfVDCOaDzwBajqvt8tZCLyglNfHAVFymweyRxgxwtmq6IHSiwo9Nmvr3dPAXdXF
Meta Ads Library,Sportland Latvija,2.15189E+15,ballzy,https://www.facebook.com/ads/archive/render_ad/?id=2151893385207985&access_token=EAATnrmoQyC4BOyPI2UlrqFMQKk5vv6XeANCnonDt4Ho3GPZCm24pBF6XxsSP0Qh3kIdZCuPUtE6BvZBSuq1WwOhhHeZC7dnXLq9u3XRiPfzaTxZBalwm2gvQPVjbAEyHImZBEa9uHUj8yB0OSaDuDsgTaLPYzvCZCd5fnGkOLIjhAkfnRyK2nOmUnAFTlG8Ujgl
Meta Ads Library,Sportland Latvija,1.01898E+15,ballzy,https://www.facebook.com/ads/archive/render_ad/?id=1018976499709655&access_token=EAATnrmoQyC4BOyPI2UlrqFMQKk5vv6XeANCnonDt4Ho3GPZCm24pBF6XxsSP0Qh3kIdZCuPUtE6BvZBSuq1WwOhhHeZC7dnXLq9u3XRiPfzaTxZBalwm2gvQPVjbAEyHImZBEa9uHUj8yB0OSaDuDsgTaLPYzvCZCd5fnGkOLIjhAkfnRyK2nOmUnAFTlG8Ujgl
Meta Ads Library,Sportland Lietuva,4.09717E+15,ballzy,https://www.facebook.com/ads/archive/render_ad/?id=4097166850598578&access_token=EAATnrmoQyC4BQPVFaEdvyWfH85nc9J1azy5Q3EZCsaaFpLOAG9mEhR1mfp8tmZAxRmBf2IRN553VRRdSaWWJUedu3OFNvLi6Jf9yHmQkSryfa7HC1lnTHUoDGLJFXNS38IeFpk3ZBBnLtpERHKOgzlznywHZAnzlGFoqmGcIcZBTiOgc4ybEkN3braKPoQgJuFpHi7zrs
Meta Ads Library,Sportland Lietuva,1.6805E+15,ballzy,https://www.facebook.com/ads/archive/render_ad/?id=1680498519581283&access_token=EAATnrmoQyC4BQptmsbNRdpMvgWhT9ZCeeMMlHDkxMXfJ2nK6fMZAk2p9lKk0ofSe3VJBPuz92dPfwiAVjmS2ZCoS7xLFsfFcl3R0EZAhf5ct7tPBlrxE7lxNtKKSRD4BlK1MAuYA7zjMuXKiS0o7eOkkQsTbvvT0TMpX7WoMajScg9PKRZBs3m5KGt4Um9A8HstpDdQRr
Meta Ads Library,Sportland Lietuva,1.25834E+15,ballzy,https://www.facebook.com/ads/archive/render_ad/?id=1258344142010375&access_token=EAATnrmoQyC4BOyPI2UlrqFMQKk5vv6XeANCnonDt4Ho3GPZCm24pBF6XxsSP0Qh3kIdZCuPUtE6BvZBSuq1WwOhhHeZC7dnXLq9u3XRiPfzaTxZBalwm2gvQPVjbAEyHImZBEa9uHUj8yB0OSaDuDsgTaLPYzvCZCd5fnGkOLIjhAkfnRyK2nOmUnAFTlG8Ujgl
Meta Ads Library,Sportland Lietuva,8.78792E+14,ballzy,https://www.facebook.com/ads/archive/render_ad/?id=878791864379587&access_token=EAATnrmoQyC4BOyPI2UlrqFMQKk5vv6XeANCnonDt4Ho3GPZCm24pBF6XxsSP0Qh3kIdZCuPUtE6BvZBSuq1WwOhhHeZC7dnXLq9u3XRiPfzaTxZBalwm2gvQPVjbAEyHImZBEa9uHUj8yB0OSaDuDsgTaLPYzvCZCd5fnGkOLIjhAkfnRyK2nOmUnAFTlG8Ujgl
Meta Ads Library,Sportland Lietuva,1.21946E+15,ballzy,https://www.facebook.com/ads/archive/render_ad/?id=1219457909508067&access_token=EAATnrmoQyC4BOyPI2UlrqFMQKk5vv6XeANCnonDt4Ho3GPZCm24pBF6XxsSP0Qh3kIdZCuPUtE6BvZBSuq1WwOhhHeZC7dnXLq9u3XRiPfzaTxZBalwm2gvQPVjbAEyHImZBEa9uHUj8yB0OSaDuDsgTaLPYzvCZCd5fnGkOLIjhAkfnRyK2nOmUnAFTlG8Ujgl
Meta Ads Library,Sportland Lietuva,1.42764E+15,ballzy,https://www.facebook.com/ads/archive/render_ad/?id=1427638694609955&access_token=EAATnrmoQyC4BOyPI2UlrqFMQKk5vv6XeANCnonDt4Ho3GPZCm24pBF6XxsSP0Qh3kIdZCuPUtE6BvZBSuq1WwOhhHeZC7dnXLq9u3XRiPfzaTxZBalwm2gvQPVjbAEyHImZBEa9uHUj8yB0OSaDuDsgTaLPYzvCZCd5fnGkOLIjhAkfnRyK2nOmUnAFTlG8Ujgl
Meta Ads Library,Sportland Lietuva,7.81138E+14,ballzy,https://www.facebook.com/ads/archive/render_ad/?id=781137927932200&access_token=EAATnrmoQyC4BQPVFaEdvyWfH85nc9J1azy5Q3EZCsaaFpLOAG9mEhR1mfp8tmZAxRmBf2IRN553VRRdSaWWJUedu3OFNvLi6Jf9yHmQkSryfa7HC1lnTHUoDGLJFXNS38IeFpk3ZBBnLtpERHKOgzlznywHZAnzlGFoqmGcIcZBTiOgc4ybEkN3braKPoQgJuFpHi7zrs
Meta Ads Library,Sportland Lietuva,1.88232E+15,ballzy,https://www.facebook.com/ads/archive/render_ad/?id=1882318325951018&access_token=EAATnrmoQyC4BQPVFaEdvyWfH85nc9J1azy5Q3EZCsaaFpLOAG9mEhR1mfp8tmZAxRmBf2IRN553VRRdSaWWJUedu3OFNvLi6Jf9yHmQkSryfa7HC1lnTHUoDGLJFXNS38IeFpk3ZBBnLtpERHKOgzlznywHZAnzlGFoqmGcIcZBTiOgc4ybEkN3braKPoQgJuFpHi7zrs
Meta Ads Library,Sportland Lietuva,1.18067E+15,ballzy,https://www.facebook.com/ads/archive/render_ad/?id=1180673976495599&access_token=EAATnrmoQyC4BQPVFaEdvyWfH85nc9J1azy5Q3EZCsaaFpLOAG9mEhR1mfp8tmZAxRmBf2IRN553VRRdSaWWJUedu3OFNvLi6Jf9yHmQkSryfa7HC1lnTHUoDGLJFXNS38IeFpk3ZBBnLtpERHKOgzlznywHZAnzlGFoqmGcIcZBTiOgc4ybEkN3braKPoQgJuFpHi7zrs
Meta Ads Library,Sportland Lietuva,5.9208E+14,ballzy,https://www.facebook.com/ads/archive/render_ad/?id=592079840650563&access_token=EAATnrmoQyC4BQptmsbNRdpMvgWhT9ZCeeMMlHDkxMXfJ2nK6fMZAk2p9lKk0ofSe3VJBPuz92dPfwiAVjmS2ZCoS7xLFsfFcl3R0EZAhf5ct7tPBlrxE7lxNtKKSRD4BlK1MAuYA7zjMuXKiS0o7eOkkQsTbvvT0TMpX7WoMajScg9PKRZBs3m5KGt4Um9A8HstpDdQRr
Meta Ads Library,Sportland Lietuva,7.41343E+14,ballzy,https://www.facebook.com/ads/archive/render_ad/?id=741343058949135&access_token=EAATnrmoQyC4BQPVFaEdvyWfH85nc9J1azy5Q3EZCsaaFpLOAG9mEhR1mfp8tmZAxRmBf2IRN553VRRdSaWWJUedu3OFNvLi6Jf9yHmQkSryfa7HC1lnTHUoDGLJFXNS38IeFpk3ZBBnLtpERHKOgzlznywHZAnzlGFoqmGcIcZBTiOgc4ybEkN3braKPoQgJuFpHi7zrs
Meta Ads Library,Sportland Lietuva,1.58451E+15,ballzy,https://www.facebook.com/ads/archive/render_ad/?id=1584512945558188&access_token=EAATnrmoQyC4BQPVFaEdvyWfH85nc9J1azy5Q3EZCsaaFpLOAG9mEhR1mfp8tmZAxRmBf2IRN553VRRdSaWWJUedu3OFNvLi6Jf9yHmQkSryfa7HC1lnTHUoDGLJFXNS38IeFpk3ZBBnLtpERHKOgzlznywHZAnzlGFoqmGcIcZBTiOgc4ybEkN3braKPoQgJuFpHi7zrs
Meta Ads Library,Sportland Lietuva,1.76036E+15,ballzy,https://www.facebook.com/ads/archive/render_ad/?id=1760360201194545&access_token=EAATnrmoQyC4BQPVFaEdvyWfH85nc9J1azy5Q3EZCsaaFpLOAG9mEhR1mfp8tmZAxRmBf2IRN553VRRdSaWWJUedu3OFNvLi6Jf9yHmQkSryfa7HC1lnTHUoDGLJFXNS38IeFpk3ZBBnLtpERHKOgzlznywHZAnzlGFoqmGcIcZBTiOgc4ybEkN3braKPoQgJuFpHi7zrs
Meta Ads Library,Sportland Lietuva,3.65628E+15,ballzy,https://www.facebook.com/ads/archive/render_ad/?id=3656279544516990&access_token=EAATnrmoQyC4BQPVFaEdvyWfH85nc9J1azy5Q3EZCsaaFpLOAG9mEhR1mfp8tmZAxRmBf2IRN553VRRdSaWWJUedu3OFNvLi6Jf9yHmQkSryfa7HC1lnTHUoDGLJFXNS38IeFpk3ZBBnLtpERHKOgzlznywHZAnzlGFoqmGcIcZBTiOgc4ybEkN3braKPoQgJuFpHi7zrs
Google Transparence Center,Streetbrand OÜ,CR08848335776035897345,ballzy,https://adstransparency.google.com/advertiser/AR04346840691230375937/creative/CR08848335776035897345
Google Transparence Center,Streetbrand OÜ,CR17747021110085419009,ballzy,https://adstransparency.google.com/advertiser/AR04346840691230375937/creative/CR17747021110085419009
Google Transparence Center,Streetbrand OÜ,CR07468427457448640513,ballzy,https://adstransparency.google.com/advertiser/AR04346840691230375937/creative/CR07468427457448640513
Google Transparence Center,Streetbrand OÜ,CR11026010235218165761,ballzy,https://adstransparency.google.com/advertiser/AR04346840691230375937/creative/CR11026010235218165761
Google Transparence Center,Streetbrand OÜ,CR17362194995301318657,ballzy,https://adstransparency.google.com/advertiser/AR04346840691230375937/creative/CR17362194995301318657
Google Transparence Center,Streetbrand OÜ,CR02060651143125532673,ballzy,https://adstransparency.google.com/advertiser/AR04346840691230375937/creative/CR02060651143125532673
Google Transparence Center,Streetbrand OÜ,CR09008060498763055105,ballzy,https://adstransparency.google.com/advertiser/AR04346840691230375937/creative/CR09008060498763055105
Google Transparence Center,Streetbrand OÜ,CR07653440767226019841,ballzy,https://adstransparency.google.com/advertiser/AR04346840691230375937/creative/CR07653440767226019841
Google Transparence Center,Streetbrand OÜ,CR14711955497972400129,ballzy,https://adstransparency.google.com/advertiser/AR04346840691230375937/creative/CR14711955497972400129
Google Transparence Center,Streetbrand OÜ,CR03896612669888659457,ballzy,https://adstransparency.google.com/advertiser/AR04346840691230375937/creative/CR03896612669888659457
Google Transparence Center,Streetbrand OÜ,CR09247630407279575041,ballzy,https://adstransparency.google.com/advertiser/AR04346840691230375937/creative/CR09247630407279575041
Google Transparence Center,Streetbrand OÜ,CR17151147397661851649,ballzy,https://adstransparency.google.com/advertiser/AR04346840691230375937/creative/CR17151147397661851649
Google Transparence Center,Streetbrand OÜ,CR12468088660681555969,ballzy,https://adstransparency.google.com/advertiser/AR04346840691230375937/creative/CR12468088660681555969
Google Transparence Center,Streetbrand OÜ,CR00214780405256028161,ballzy,https://adstransparency.google.com/advertiser/AR04346840691230375937/creative/CR00214780405256028161
Google Transparence Center,Streetbrand OÜ,CR00484043930950696961,ballzy,https://adstransparency.google.com/advertiser/AR04346840691230375937/creative/CR00484043930950696961
Google Transparence Center,Streetbrand OÜ,CR01001874806250930177,ballzy,https://adstransparency.google.com/advertiser/AR04346840691230375937/creative/CR01001874806250930177
Google Transparence Center,Streetbrand OÜ,CR08888868593589026817,ballzy,https://adstransparency.google.com/advertiser/AR04346840691230375937/creative/CR08888868593589026817
Google Transparence Center,Streetbrand OÜ,CR15111201518776221697,ballzy,https://adstransparency.google.com/advertiser/AR04346840691230375937/creative/CR15111201518776221697
Google Transparence Center,Streetbrand OÜ,CR09804690517429059585,ballzy,https://adstransparency.google.com/advertiser/AR04346840691230375937/creative/CR09804690517429059585
Google Transparence Center,Streetbrand OÜ,CR11229452871705559041,ballzy,https://adstransparency.google.com/advertiser/AR04346840691230375937/creative/CR11229452871705559041
Google Transparence Center,Streetbrand OÜ,CR17319270954706141185,ballzy,https://adstransparency.google.com/advertiser/AR04346840691230375937/creative/CR17319270954706141185
Google Transparence Center,Streetbrand OÜ,CR16234990036876001281,ballzy,https://adstransparency.google.com/advertiser/AR04346840691230375937/creative/CR16234990036876001281
Google Transparence Center,Streetbrand OÜ,CR16317898023973683201,ballzy,https://adstransparency.google.com/advertiser/AR04346840691230375937/creative/CR16317898023973683201
Google Transparence Center,Streetbrand OÜ,CR08951340817054695425,ballzy,https://adstransparency.google.com/advertiser/AR04346840691230375937/creative/CR08951340817054695425
Google Transparence Center,Streetbrand OÜ,CR07382215575348445185,ballzy,https://adstransparency.google.com/advertiser/AR04346840691230375937/creative/CR07382215575348445185
Google Transparence Center,Streetbrand OÜ,CR17223044755059900417,ballzy,https://adstransparency.google.com/advertiser/AR04346840691230375937/creative/CR17223044755059900417
Google Transparence Center,Streetbrand OÜ,CR14796713138505908225,ballzy,https://adstransparency.google.com/advertiser/AR04346840691230375937/creative/CR14796713138505908225
Google Transparence Center,Streetbrand OÜ,CR05037783066664239105,ballzy,https://adstransparency.google.com/advertiser/AR04346840691230375937/creative/CR05037783066664239105
Google Transparence Center,Streetbrand OÜ,CR03018896374503571457,ballzy,https://adstransparency.google.com/advertiser/AR04346840691230375937/creative/CR03018896374503571457
Google Transparence Center,Streetbrand OÜ,CR11143852421149622273,ballzy,https://adstransparency.google.com/advertiser/AR04346840691230375937/creative/CR11143852421149622273
Google Transparence Center,Streetbrand OÜ,CR16280207796165672961,ballzy,https://adstransparency.google.com/advertiser/AR04346840691230375937/creative/CR16280207796165672961
Google Transparence Center,Streetbrand OÜ,CR13064175489382350849,ballzy,https://adstransparency.google.com/advertiser/AR04346840691230375937/creative/CR13064175489382350849
Google Transparence Center,Streetbrand OÜ,CR15095373619397656577,ballzy,https://adstransparency.google.com/advertiser/AR04346840691230375937/creative/CR15095373619397656577
Google Transparence Center,Streetbrand OÜ,CR00909772393684140033,ballzy,https://adstransparency.google.com/advertiser/AR04346840691230375937/creative/CR00909772393684140033
Google Transparence Center,Streetbrand OÜ,CR05124541998748925953,ballzy,https://adstransparency.google.com/advertiser/AR04346840691230375937/creative/CR05124541998748925953
Google Transparence Center,Streetbrand OÜ,CR14081266660388372481,ballzy,https://adstransparency.google.com/advertiser/AR04346840691230375937/creative/CR14081266660388372481
Google Transparence Center,Streetbrand OÜ,CR12312773263049621505,ballzy,https://adstransparency.google.com/advertiser/AR04346840691230375937/creative/CR12312773263049621505
Google Transparence Center,Streetbrand OÜ,CR03461961464137383937,ballzy,https://adstransparency.google.com/advertiser/AR04346840691230375937/creative/CR03461961464137383937
Google Transparence Center,Streetbrand OÜ,CR16849263475094978561,ballzy,https://adstransparency.google.com/advertiser/AR04346840691230375937/creative/CR16849263475094978561
Google Transparence Center,Streetbrand OÜ,CR16652514218720886785,ballzy,https://adstransparency.google.com/advertiser/AR04346840691230375937/creative/CR16652514218720886785
Google Transparence Center,Streetbrand OÜ,CR14615455554290581505,ballzy,https://adstransparency.google.com/advertiser/AR04346840691230375937/creative/CR14615455554290581505
Google Transparence Center,Streetbrand OÜ,CR07828131243366547457,ballzy,https://adstransparency.google.com/advertiser/AR04346840691230375937/creative/CR07828131243366547457
Google Transparence Center,Streetbrand OÜ,CR00448726689753595905,ballzy,https://adstransparency.google.com/advertiser/AR04346840691230375937/creative/CR00448726689753595905
Google Transparence Center,Streetbrand OÜ,CR13145074015901057025,ballzy,https://adstransparency.google.com/advertiser/AR04346840691230375937/creative/CR13145074015901057025
Google Transparence Center,Streetbrand OÜ,CR16052001821358555137,ballzy,https://adstransparency.google.com/advertiser/AR04346840691230375937/creative/CR16052001821358555137
Meta Ads Library,TEZ TOUR Lietuva,1.50771E+15,teztour,https://www.facebook.com/ads/archive/render_ad/?id=1507714556997701&access_token=EAATnrmoQyC4BQptmsbNRdpMvgWhT9ZCeeMMlHDkxMXfJ2nK6fMZAk2p9lKk0ofSe3VJBPuz92dPfwiAVjmS2ZCoS7xLFsfFcl3R0EZAhf5ct7tPBlrxE7lxNtKKSRD4BlK1MAuYA7zjMuXKiS0o7eOkkQsTbvvT0TMpX7WoMajScg9PKRZBs3m5KGt4Um9A8HstpDdQRr
Meta Ads Library,TEZ TOUR Lietuva,3.72628E+15,teztour,https://www.facebook.com/ads/archive/render_ad/?id=3726278161005860&access_token=EAATnrmoQyC4BQPVFaEdvyWfH85nc9J1azy5Q3EZCsaaFpLOAG9mEhR1mfp8tmZAxRmBf2IRN553VRRdSaWWJUedu3OFNvLi6Jf9yHmQkSryfa7HC1lnTHUoDGLJFXNS38IeFpk3ZBBnLtpERHKOgzlznywHZAnzlGFoqmGcIcZBTiOgc4ybEkN3braKPoQgJuFpHi7zrs
Meta Ads Library,TEZ TOUR Lietuva,1.40222E+15,teztour,https://www.facebook.com/ads/archive/render_ad/?id=1402216147660995&access_token=EAATnrmoQyC4BQPVFaEdvyWfH85nc9J1azy5Q3EZCsaaFpLOAG9mEhR1mfp8tmZAxRmBf2IRN553VRRdSaWWJUedu3OFNvLi6Jf9yHmQkSryfa7HC1lnTHUoDGLJFXNS38IeFpk3ZBBnLtpERHKOgzlznywHZAnzlGFoqmGcIcZBTiOgc4ybEkN3braKPoQgJuFpHi7zrs
Meta Ads Library,TEZ TOUR Lietuva,2.29249E+15,teztour,https://www.facebook.com/ads/archive/render_ad/?id=2292490601120649&access_token=EAATnrmoQyC4BQPVFaEdvyWfH85nc9J1azy5Q3EZCsaaFpLOAG9mEhR1mfp8tmZAxRmBf2IRN553VRRdSaWWJUedu3OFNvLi6Jf9yHmQkSryfa7HC1lnTHUoDGLJFXNS38IeFpk3ZBBnLtpERHKOgzlznywHZAnzlGFoqmGcIcZBTiOgc4ybEkN3braKPoQgJuFpHi7zrs
Meta Ads Library,TEZ TOUR Lietuva,1.33846E+15,teztour,https://www.facebook.com/ads/archive/render_ad/?id=1338464494014947&access_token=EAATnrmoQyC4BQPVFaEdvyWfH85nc9J1azy5Q3EZCsaaFpLOAG9mEhR1mfp8tmZAxRmBf2IRN553VRRdSaWWJUedu3OFNvLi6Jf9yHmQkSryfa7HC1lnTHUoDGLJFXNS38IeFpk3ZBBnLtpERHKOgzlznywHZAnzlGFoqmGcIcZBTiOgc4ybEkN3braKPoQgJuFpHi7zrs
Meta Ads Library,TEZ TOUR Lietuva,6.0859E+14,teztour,https://www.facebook.com/ads/archive/render_ad/?id=608589672193997&access_token=EAATnrmoQyC4BQPVFaEdvyWfH85nc9J1azy5Q3EZCsaaFpLOAG9mEhR1mfp8tmZAxRmBf2IRN553VRRdSaWWJUedu3OFNvLi6Jf9yHmQkSryfa7HC1lnTHUoDGLJFXNS38IeFpk3ZBBnLtpERHKOgzlznywHZAnzlGFoqmGcIcZBTiOgc4ybEkN3braKPoQgJuFpHi7zrs
Meta Ads Library,TEZ TOUR Lietuva,1.17124E+15,teztour,https://www.facebook.com/ads/archive/render_ad/?id=1171237271730982&access_token=EAATnrmoQyC4BQPVFaEdvyWfH85nc9J1azy5Q3EZCsaaFpLOAG9mEhR1mfp8tmZAxRmBf2IRN553VRRdSaWWJUedu3OFNvLi6Jf9yHmQkSryfa7HC1lnTHUoDGLJFXNS38IeFpk3ZBBnLtpERHKOgzlznywHZAnzlGFoqmGcIcZBTiOgc4ybEkN3braKPoQgJuFpHi7zrs
Meta Ads Library,TEZ TOUR Lietuva,3.88671E+15,teztour,https://www.facebook.com/ads/archive/render_ad/?id=3886714221463757&access_token=EAATnrmoQyC4BQptmsbNRdpMvgWhT9ZCeeMMlHDkxMXfJ2nK6fMZAk2p9lKk0ofSe3VJBPuz92dPfwiAVjmS2ZCoS7xLFsfFcl3R0EZAhf5ct7tPBlrxE7lxNtKKSRD4BlK1MAuYA7zjMuXKiS0o7eOkkQsTbvvT0TMpX7WoMajScg9PKRZBs3m5KGt4Um9A8HstpDdQRr
Meta Ads Library,TEZ TOUR Lietuva,1.4463E+15,teztour,https://www.facebook.com/ads/archive/render_ad/?id=1446302313133661&access_token=EAATnrmoQyC4BQPVFaEdvyWfH85nc9J1azy5Q3EZCsaaFpLOAG9mEhR1mfp8tmZAxRmBf2IRN553VRRdSaWWJUedu3OFNvLi6Jf9yHmQkSryfa7HC1lnTHUoDGLJFXNS38IeFpk3ZBBnLtpERHKOgzlznywHZAnzlGFoqmGcIcZBTiOgc4ybEkN3braKPoQgJuFpHi7zrs
Meta Ads Library,TEZ TOUR Lietuva,2.00833E+15,teztour,https://www.facebook.com/ads/archive/render_ad/?id=2008331323315429&access_token=EAATnrmoQyC4BQptmsbNRdpMvgWhT9ZCeeMMlHDkxMXfJ2nK6fMZAk2p9lKk0ofSe3VJBPuz92dPfwiAVjmS2ZCoS7xLFsfFcl3R0EZAhf5ct7tPBlrxE7lxNtKKSRD4BlK1MAuYA7zjMuXKiS0o7eOkkQsTbvvT0TMpX7WoMajScg9PKRZBs3m5KGt4Um9A8HstpDdQRr
Meta Ads Library,TEZ TOUR Lietuva,1.70477E+15,teztour,https://www.facebook.com/ads/archive/render_ad/?id=1704771350201778&access_token=EAATnrmoQyC4BQptmsbNRdpMvgWhT9ZCeeMMlHDkxMXfJ2nK6fMZAk2p9lKk0ofSe3VJBPuz92dPfwiAVjmS2ZCoS7xLFsfFcl3R0EZAhf5ct7tPBlrxE7lxNtKKSRD4BlK1MAuYA7zjMuXKiS0o7eOkkQsTbvvT0TMpX7WoMajScg9PKRZBs3m5KGt4Um9A8HstpDdQRr
Meta Ads Library,TEZ TOUR Lietuva,1.36936E+15,teztour,https://www.facebook.com/ads/archive/render_ad/?id=1369364484075058&access_token=EAATnrmoQyC4BQPVFaEdvyWfH85nc9J1azy5Q3EZCsaaFpLOAG9mEhR1mfp8tmZAxRmBf2IRN553VRRdSaWWJUedu3OFNvLi6Jf9yHmQkSryfa7HC1lnTHUoDGLJFXNS38IeFpk3ZBBnLtpERHKOgzlznywHZAnzlGFoqmGcIcZBTiOgc4ybEkN3braKPoQgJuFpHi7zrs
Meta Ads Library,TEZ TOUR Lietuva,1.78435E+15,teztour,https://www.facebook.com/ads/archive/render_ad/?id=1784353372504616&access_token=EAATnrmoQyC4BQPVFaEdvyWfH85nc9J1azy5Q3EZCsaaFpLOAG9mEhR1mfp8tmZAxRmBf2IRN553VRRdSaWWJUedu3OFNvLi6Jf9yHmQkSryfa7HC1lnTHUoDGLJFXNS38IeFpk3ZBBnLtpERHKOgzlznywHZAnzlGFoqmGcIcZBTiOgc4ybEkN3braKPoQgJuFpHi7zrs
Meta Ads Library,TEZ TOUR Lietuva,2.53973E+16,teztour,https://www.facebook.com/ads/archive/render_ad/?id=25397274006603469&access_token=EAATnrmoQyC4BQptmsbNRdpMvgWhT9ZCeeMMlHDkxMXfJ2nK6fMZAk2p9lKk0ofSe3VJBPuz92dPfwiAVjmS2ZCoS7xLFsfFcl3R0EZAhf5ct7tPBlrxE7lxNtKKSRD4BlK1MAuYA7zjMuXKiS0o7eOkkQsTbvvT0TMpX7WoMajScg9PKRZBs3m5KGt4Um9A8HstpDdQRr
Meta Ads Library,TEZ TOUR Lietuva,2.09756E+15,teztour,https://www.facebook.com/ads/archive/render_ad/?id=2097555547707110&access_token=EAATnrmoQyC4BQptmsbNRdpMvgWhT9ZCeeMMlHDkxMXfJ2nK6fMZAk2p9lKk0ofSe3VJBPuz92dPfwiAVjmS2ZCoS7xLFsfFcl3R0EZAhf5ct7tPBlrxE7lxNtKKSRD4BlK1MAuYA7zjMuXKiS0o7eOkkQsTbvvT0TMpX7WoMajScg9PKRZBs3m5KGt4Um9A8HstpDdQRr
Meta Ads Library,TEZ TOUR Lietuva,2.66614E+15,teztour,https://www.facebook.com/ads/archive/render_ad/?id=2666138747097522&access_token=EAATnrmoQyC4BQptmsbNRdpMvgWhT9ZCeeMMlHDkxMXfJ2nK6fMZAk2p9lKk0ofSe3VJBPuz92dPfwiAVjmS2ZCoS7xLFsfFcl3R0EZAhf5ct7tPBlrxE7lxNtKKSRD4BlK1MAuYA7zjMuXKiS0o7eOkkQsTbvvT0TMpX7WoMajScg9PKRZBs3m5KGt4Um9A8HstpDdQRr
Meta Ads Library,TEZ TOUR Lietuva,2.1063E+15,teztour,https://www.facebook.com/ads/archive/render_ad/?id=2106303083515753&access_token=EAATnrmoQyC4BQptmsbNRdpMvgWhT9ZCeeMMlHDkxMXfJ2nK6fMZAk2p9lKk0ofSe3VJBPuz92dPfwiAVjmS2ZCoS7xLFsfFcl3R0EZAhf5ct7tPBlrxE7lxNtKKSRD4BlK1MAuYA7zjMuXKiS0o7eOkkQsTbvvT0TMpX7WoMajScg9PKRZBs3m5KGt4Um9A8HstpDdQRr
Meta Ads Library,TEZ TOUR Lietuva,7.89059E+14,teztour,https://www.facebook.com/ads/archive/render_ad/?id=789059270475701&access_token=EAATnrmoQyC4BQPVFaEdvyWfH85nc9J1azy5Q3EZCsaaFpLOAG9mEhR1mfp8tmZAxRmBf2IRN553VRRdSaWWJUedu3OFNvLi6Jf9yHmQkSryfa7HC1lnTHUoDGLJFXNS38IeFpk3ZBBnLtpERHKOgzlznywHZAnzlGFoqmGcIcZBTiOgc4ybEkN3braKPoQgJuFpHi7zrs
Meta Ads Library,TEZ TOUR Lietuva,1.05321E+15,teztour,https://www.facebook.com/ads/archive/render_ad/?id=1053206846921509&access_token=EAATnrmoQyC4BQPVFaEdvyWfH85nc9J1azy5Q3EZCsaaFpLOAG9mEhR1mfp8tmZAxRmBf2IRN553VRRdSaWWJUedu3OFNvLi6Jf9yHmQkSryfa7HC1lnTHUoDGLJFXNS38IeFpk3ZBBnLtpERHKOgzlznywHZAnzlGFoqmGcIcZBTiOgc4ybEkN3braKPoQgJuFpHi7zrs
Meta Ads Library,TEZ TOUR Lietuva,7.9886E+14,teztour,https://www.facebook.com/ads/archive/render_ad/?id=798859639638287&access_token=EAATnrmoQyC4BQptmsbNRdpMvgWhT9ZCeeMMlHDkxMXfJ2nK6fMZAk2p9lKk0ofSe3VJBPuz92dPfwiAVjmS2ZCoS7xLFsfFcl3R0EZAhf5ct7tPBlrxE7lxNtKKSRD4BlK1MAuYA7zjMuXKiS0o7eOkkQsTbvvT0TMpX7WoMajScg9PKRZBs3m5KGt4Um9A8HstpDdQRr
Meta Ads Library,TEZ TOUR Lietuva,2.24196E+15,teztour,https://www.facebook.com/ads/archive/render_ad/?id=2241956556283384&access_token=EAATnrmoQyC4BQptmsbNRdpMvgWhT9ZCeeMMlHDkxMXfJ2nK6fMZAk2p9lKk0ofSe3VJBPuz92dPfwiAVjmS2ZCoS7xLFsfFcl3R0EZAhf5ct7tPBlrxE7lxNtKKSRD4BlK1MAuYA7zjMuXKiS0o7eOkkQsTbvvT0TMpX7WoMajScg9PKRZBs3m5KGt4Um9A8HstpDdQRr
Meta Ads Library,TEZ TOUR Lietuva,6.18927E+14,teztour,https://www.facebook.com/ads/archive/render_ad/?id=618927260881245&access_token=EAATnrmoQyC4BQPVFaEdvyWfH85nc9J1azy5Q3EZCsaaFpLOAG9mEhR1mfp8tmZAxRmBf2IRN553VRRdSaWWJUedu3OFNvLi6Jf9yHmQkSryfa7HC1lnTHUoDGLJFXNS38IeFpk3ZBBnLtpERHKOgzlznywHZAnzlGFoqmGcIcZBTiOgc4ybEkN3braKPoQgJuFpHi7zrs
Meta Ads Library,TEZ TOUR Lietuva,5.95677E+14,teztour,https://www.facebook.com/ads/archive/render_ad/?id=595676650031348&access_token=EAATnrmoQyC4BQPVFaEdvyWfH85nc9J1azy5Q3EZCsaaFpLOAG9mEhR1mfp8tmZAxRmBf2IRN553VRRdSaWWJUedu3OFNvLi6Jf9yHmQkSryfa7HC1lnTHUoDGLJFXNS38IeFpk3ZBBnLtpERHKOgzlznywHZAnzlGFoqmGcIcZBTiOgc4ybEkN3braKPoQgJuFpHi7zrs
Meta Ads Library,TEZ TOUR Lietuva,1.121E+15,teztour,https://www.facebook.com/ads/archive/render_ad/?id=1120999743303692&access_token=EAATnrmoQyC4BQptmsbNRdpMvgWhT9ZCeeMMlHDkxMXfJ2nK6fMZAk2p9lKk0ofSe3VJBPuz92dPfwiAVjmS2ZCoS7xLFsfFcl3R0EZAhf5ct7tPBlrxE7lxNtKKSRD4BlK1MAuYA7zjMuXKiS0o7eOkkQsTbvvT0TMpX7WoMajScg9PKRZBs3m5KGt4Um9A8HstpDdQRr
Meta Ads Library,TEZ TOUR Lietuva,7.07244E+14,teztour,https://www.facebook.com/ads/archive/render_ad/?id=707243645179101&access_token=EAATnrmoQyC4BQptmsbNRdpMvgWhT9ZCeeMMlHDkxMXfJ2nK6fMZAk2p9lKk0ofSe3VJBPuz92dPfwiAVjmS2ZCoS7xLFsfFcl3R0EZAhf5ct7tPBlrxE7lxNtKKSRD4BlK1MAuYA7zjMuXKiS0o7eOkkQsTbvvT0TMpX7WoMajScg9PKRZBs3m5KGt4Um9A8HstpDdQRr
Meta Ads Library,TEZ TOUR Lietuva,9.02589E+14,teztour,https://www.facebook.com/ads/archive/render_ad/?id=902589252104527&access_token=EAATnrmoQyC4BQptmsbNRdpMvgWhT9ZCeeMMlHDkxMXfJ2nK6fMZAk2p9lKk0ofSe3VJBPuz92dPfwiAVjmS2ZCoS7xLFsfFcl3R0EZAhf5ct7tPBlrxE7lxNtKKSRD4BlK1MAuYA7zjMuXKiS0o7eOkkQsTbvvT0TMpX7WoMajScg9PKRZBs3m5KGt4Um9A8HstpDdQRr
Meta Ads Library,TEZ TOUR Lietuva,1.2583E+15,teztour,https://www.facebook.com/ads/archive/render_ad/?id=1258303006137675&access_token=EAATnrmoQyC4BQptmsbNRdpMvgWhT9ZCeeMMlHDkxMXfJ2nK6fMZAk2p9lKk0ofSe3VJBPuz92dPfwiAVjmS2ZCoS7xLFsfFcl3R0EZAhf5ct7tPBlrxE7lxNtKKSRD4BlK1MAuYA7zjMuXKiS0o7eOkkQsTbvvT0TMpX7WoMajScg9PKRZBs3m5KGt4Um9A8HstpDdQRr
Meta Ads Library,TEZ TOUR Lietuva,5.61284E+14,teztour,https://www.facebook.com/ads/archive/render_ad/?id=561283629925142&access_token=EAATnrmoQyC4BO5erfu0T8wppuuMsqCZCnReXzEYpZAE2SuHMabkeRUXfkbCAdlN6QqZADLZAC3kW4zSBZAUYvrEe5WEyxqd6tPkCitApLgaiLpJyZAFbsttB4ePIsz7s9dCXObDRZBE4zZCfVDCOaDzwBajqvt8tZCLyglNfHAVFymweyRxgxwtmq6IHSiwo9Nmvr3dPAXdXF
Meta Ads Library,TEZ TOUR Lietuva,1.39231E+15,teztour,https://www.facebook.com/ads/archive/render_ad/?id=1392310172072928&access_token=EAATnrmoQyC4BQPVFaEdvyWfH85nc9J1azy5Q3EZCsaaFpLOAG9mEhR1mfp8tmZAxRmBf2IRN553VRRdSaWWJUedu3OFNvLi6Jf9yHmQkSryfa7HC1lnTHUoDGLJFXNS38IeFpk3ZBBnLtpERHKOgzlznywHZAnzlGFoqmGcIcZBTiOgc4ybEkN3braKPoQgJuFpHi7zrs
Meta Ads Library,TEZ TOUR Lietuva,1.7474E+15,teztour,https://www.facebook.com/ads/archive/render_ad/?id=1747399819338517&access_token=EAATnrmoQyC4BO5erfu0T8wppuuMsqCZCnReXzEYpZAE2SuHMabkeRUXfkbCAdlN6QqZADLZAC3kW4zSBZAUYvrEe5WEyxqd6tPkCitApLgaiLpJyZAFbsttB4ePIsz7s9dCXObDRZBE4zZCfVDCOaDzwBajqvt8tZCLyglNfHAVFymweyRxgxwtmq6IHSiwo9Nmvr3dPAXdXF
Meta Ads Library,TEZ TOUR Lietuva,1.53576E+15,teztour,https://www.facebook.com/ads/archive/render_ad/?id=1535761680796448&access_token=EAATnrmoQyC4BQptmsbNRdpMvgWhT9ZCeeMMlHDkxMXfJ2nK6fMZAk2p9lKk0ofSe3VJBPuz92dPfwiAVjmS2ZCoS7xLFsfFcl3R0EZAhf5ct7tPBlrxE7lxNtKKSRD4BlK1MAuYA7zjMuXKiS0o7eOkkQsTbvvT0TMpX7WoMajScg9PKRZBs3m5KGt4Um9A8HstpDdQRr
Meta Ads Library,TEZ TOUR Lietuva,1.44028E+15,teztour,https://www.facebook.com/ads/archive/render_ad/?id=1440275413864366&access_token=EAATnrmoQyC4BQPVFaEdvyWfH85nc9J1azy5Q3EZCsaaFpLOAG9mEhR1mfp8tmZAxRmBf2IRN553VRRdSaWWJUedu3OFNvLi6Jf9yHmQkSryfa7HC1lnTHUoDGLJFXNS38IeFpk3ZBBnLtpERHKOgzlznywHZAnzlGFoqmGcIcZBTiOgc4ybEkN3braKPoQgJuFpHi7zrs
Meta Ads Library,TEZ TOUR Lietuva,6.91925E+14,teztour,https://www.facebook.com/ads/archive/render_ad/?id=691925303601000&access_token=EAATnrmoQyC4BQptmsbNRdpMvgWhT9ZCeeMMlHDkxMXfJ2nK6fMZAk2p9lKk0ofSe3VJBPuz92dPfwiAVjmS2ZCoS7xLFsfFcl3R0EZAhf5ct7tPBlrxE7lxNtKKSRD4BlK1MAuYA7zjMuXKiS0o7eOkkQsTbvvT0TMpX7WoMajScg9PKRZBs3m5KGt4Um9A8HstpDdQRr
Meta Ads Library,TEZ TOUR Lietuva,1.32973E+15,teztour,https://www.facebook.com/ads/archive/render_ad/?id=1329725585298759&access_token=EAATnrmoQyC4BQptmsbNRdpMvgWhT9ZCeeMMlHDkxMXfJ2nK6fMZAk2p9lKk0ofSe3VJBPuz92dPfwiAVjmS2ZCoS7xLFsfFcl3R0EZAhf5ct7tPBlrxE7lxNtKKSRD4BlK1MAuYA7zjMuXKiS0o7eOkkQsTbvvT0TMpX7WoMajScg9PKRZBs3m5KGt4Um9A8HstpDdQRr
Meta Ads Library,TEZ TOUR Lietuva,4.27784E+15,teztour,https://www.facebook.com/ads/archive/render_ad/?id=4277842779139276&access_token=EAATnrmoQyC4BQptmsbNRdpMvgWhT9ZCeeMMlHDkxMXfJ2nK6fMZAk2p9lKk0ofSe3VJBPuz92dPfwiAVjmS2ZCoS7xLFsfFcl3R0EZAhf5ct7tPBlrxE7lxNtKKSRD4BlK1MAuYA7zjMuXKiS0o7eOkkQsTbvvT0TMpX7WoMajScg9PKRZBs3m5KGt4Um9A8HstpDdQRr
Meta Ads Library,TEZ TOUR Lietuva,1.10018E+15,teztour,https://www.facebook.com/ads/archive/render_ad/?id=1100179688603352&access_token=EAATnrmoQyC4BQptmsbNRdpMvgWhT9ZCeeMMlHDkxMXfJ2nK6fMZAk2p9lKk0ofSe3VJBPuz92dPfwiAVjmS2ZCoS7xLFsfFcl3R0EZAhf5ct7tPBlrxE7lxNtKKSRD4BlK1MAuYA7zjMuXKiS0o7eOkkQsTbvvT0TMpX7WoMajScg9PKRZBs3m5KGt4Um9A8HstpDdQRr
Meta Ads Library,TEZ TOUR Lietuva,1.2361E+15,teztour,https://www.facebook.com/ads/archive/render_ad/?id=1236098114743110&access_token=EAATnrmoQyC4BQPVFaEdvyWfH85nc9J1azy5Q3EZCsaaFpLOAG9mEhR1mfp8tmZAxRmBf2IRN553VRRdSaWWJUedu3OFNvLi6Jf9yHmQkSryfa7HC1lnTHUoDGLJFXNS38IeFpk3ZBBnLtpERHKOgzlznywHZAnzlGFoqmGcIcZBTiOgc4ybEkN3braKPoQgJuFpHi7zrs
Meta Ads Library,TEZ TOUR Lietuva,1.20461E+15,teztour,https://www.facebook.com/ads/archive/render_ad/?id=1204612938460476&access_token=EAATnrmoQyC4BQptmsbNRdpMvgWhT9ZCeeMMlHDkxMXfJ2nK6fMZAk2p9lKk0ofSe3VJBPuz92dPfwiAVjmS2ZCoS7xLFsfFcl3R0EZAhf5ct7tPBlrxE7lxNtKKSRD4BlK1MAuYA7zjMuXKiS0o7eOkkQsTbvvT0TMpX7WoMajScg9PKRZBs3m5KGt4Um9A8HstpDdQRr
Meta Ads Library,TEZ TOUR Lietuva,2.59566E+15,teztour,https://www.facebook.com/ads/archive/render_ad/?id=2595658250635893&access_token=EAATnrmoQyC4BO5erfu0T8wppuuMsqCZCnReXzEYpZAE2SuHMabkeRUXfkbCAdlN6QqZADLZAC3kW4zSBZAUYvrEe5WEyxqd6tPkCitApLgaiLpJyZAFbsttB4ePIsz7s9dCXObDRZBE4zZCfVDCOaDzwBajqvt8tZCLyglNfHAVFymweyRxgxwtmq6IHSiwo9Nmvr3dPAXdXF
Meta Ads Library,TEZ TOUR Lietuva,1.54114E+15,teztour,https://www.facebook.com/ads/archive/render_ad/?id=1541143977069401&access_token=EAATnrmoQyC4BQPVFaEdvyWfH85nc9J1azy5Q3EZCsaaFpLOAG9mEhR1mfp8tmZAxRmBf2IRN553VRRdSaWWJUedu3OFNvLi6Jf9yHmQkSryfa7HC1lnTHUoDGLJFXNS38IeFpk3ZBBnLtpERHKOgzlznywHZAnzlGFoqmGcIcZBTiOgc4ybEkN3braKPoQgJuFpHi7zrs
Meta Ads Library,TEZ TOUR Lietuva,1.35082E+15,teztour,https://www.facebook.com/ads/archive/render_ad/?id=1350819643311256&access_token=EAATnrmoQyC4BQPVFaEdvyWfH85nc9J1azy5Q3EZCsaaFpLOAG9mEhR1mfp8tmZAxRmBf2IRN553VRRdSaWWJUedu3OFNvLi6Jf9yHmQkSryfa7HC1lnTHUoDGLJFXNS38IeFpk3ZBBnLtpERHKOgzlznywHZAnzlGFoqmGcIcZBTiOgc4ybEkN3braKPoQgJuFpHi7zrs
Meta Ads Library,TEZ TOUR Lietuva,1.33159E+15,teztour,https://www.facebook.com/ads/archive/render_ad/?id=1331593914570289&access_token=EAATnrmoQyC4BQPVFaEdvyWfH85nc9J1azy5Q3EZCsaaFpLOAG9mEhR1mfp8tmZAxRmBf2IRN553VRRdSaWWJUedu3OFNvLi6Jf9yHmQkSryfa7HC1lnTHUoDGLJFXNS38IeFpk3ZBBnLtpERHKOgzlznywHZAnzlGFoqmGcIcZBTiOgc4ybEkN3braKPoQgJuFpHi7zrs
Meta Ads Library,TEZ TOUR Lietuva,1.2529E+15,teztour,https://www.facebook.com/ads/archive/render_ad/?id=1252898046133088&access_token=EAATnrmoQyC4BO5erfu0T8wppuuMsqCZCnReXzEYpZAE2SuHMabkeRUXfkbCAdlN6QqZADLZAC3kW4zSBZAUYvrEe5WEyxqd6tPkCitApLgaiLpJyZAFbsttB4ePIsz7s9dCXObDRZBE4zZCfVDCOaDzwBajqvt8tZCLyglNfHAVFymweyRxgxwtmq6IHSiwo9Nmvr3dPAXdXF
Meta Ads Library,Tele2 Eesti,1.1327E+15,tele2,https://www.facebook.com/ads/archive/render_ad/?id=1132699691349607&access_token=EAATnrmoQyC4BPMzpZA4IBb0SXjMybbBaZAh3iKJFNiqBkucCvHUYyM1BiCwvozXjYnUzV70MsLrmdHeuwc7AP6M1pTNVggvg26dRGuCPcLwocJVlHYvqWtVlXMEZCyJQ9Y3zwKqouOI04uO8fnKsUpYu8grmDccMwtbUzDYP5HhFqB3wYpyodE7lX5JU3qEUguRSkXO
Meta Ads Library,Tele2 Eesti,7.53747E+14,tele2,https://www.facebook.com/ads/archive/render_ad/?id=753747067409360&access_token=EAATnrmoQyC4BPMzpZA4IBb0SXjMybbBaZAh3iKJFNiqBkucCvHUYyM1BiCwvozXjYnUzV70MsLrmdHeuwc7AP6M1pTNVggvg26dRGuCPcLwocJVlHYvqWtVlXMEZCyJQ9Y3zwKqouOI04uO8fnKsUpYu8grmDccMwtbUzDYP5HhFqB3wYpyodE7lX5JU3qEUguRSkXO
Meta Ads Library,Tele2 Eesti,1.07006E+15,tele2,https://www.facebook.com/ads/archive/render_ad/?id=1070060451351848&access_token=EAATnrmoQyC4BO5erfu0T8wppuuMsqCZCnReXzEYpZAE2SuHMabkeRUXfkbCAdlN6QqZADLZAC3kW4zSBZAUYvrEe5WEyxqd6tPkCitApLgaiLpJyZAFbsttB4ePIsz7s9dCXObDRZBE4zZCfVDCOaDzwBajqvt8tZCLyglNfHAVFymweyRxgxwtmq6IHSiwo9Nmvr3dPAXdXF
Meta Ads Library,Tele2 Eesti,1.04074E+15,tele2,https://www.facebook.com/ads/archive/render_ad/?id=1040744764103961&access_token=EAATnrmoQyC4BO5erfu0T8wppuuMsqCZCnReXzEYpZAE2SuHMabkeRUXfkbCAdlN6QqZADLZAC3kW4zSBZAUYvrEe5WEyxqd6tPkCitApLgaiLpJyZAFbsttB4ePIsz7s9dCXObDRZBE4zZCfVDCOaDzwBajqvt8tZCLyglNfHAVFymweyRxgxwtmq6IHSiwo9Nmvr3dPAXdXF
Meta Ads Library,Tele2 Eesti,6.35358E+14,tele2,https://www.facebook.com/ads/archive/render_ad/?id=635357932784621&access_token=EAATnrmoQyC4BPMzpZA4IBb0SXjMybbBaZAh3iKJFNiqBkucCvHUYyM1BiCwvozXjYnUzV70MsLrmdHeuwc7AP6M1pTNVggvg26dRGuCPcLwocJVlHYvqWtVlXMEZCyJQ9Y3zwKqouOI04uO8fnKsUpYu8grmDccMwtbUzDYP5HhFqB3wYpyodE7lX5JU3qEUguRSkXO
Meta Ads Library,Tele2 Eesti,8.49148E+15,tele2,https://www.facebook.com/ads/archive/render_ad/?id=8491479414304935&access_token=EAATnrmoQyC4BO5erfu0T8wppuuMsqCZCnReXzEYpZAE2SuHMabkeRUXfkbCAdlN6QqZADLZAC3kW4zSBZAUYvrEe5WEyxqd6tPkCitApLgaiLpJyZAFbsttB4ePIsz7s9dCXObDRZBE4zZCfVDCOaDzwBajqvt8tZCLyglNfHAVFymweyRxgxwtmq6IHSiwo9Nmvr3dPAXdXF
Meta Ads Library,Tele2 Eesti,1.41893E+15,tele2,https://www.facebook.com/ads/archive/render_ad/?id=1418927092713340&access_token=EAATnrmoQyC4BPMzpZA4IBb0SXjMybbBaZAh3iKJFNiqBkucCvHUYyM1BiCwvozXjYnUzV70MsLrmdHeuwc7AP6M1pTNVggvg26dRGuCPcLwocJVlHYvqWtVlXMEZCyJQ9Y3zwKqouOI04uO8fnKsUpYu8grmDccMwtbUzDYP5HhFqB3wYpyodE7lX5JU3qEUguRSkXO
Meta Ads Library,Tele2 Eesti,1.6653E+15,tele2,https://www.facebook.com/ads/archive/render_ad/?id=1665300127625846&access_token=EAATnrmoQyC4BO5erfu0T8wppuuMsqCZCnReXzEYpZAE2SuHMabkeRUXfkbCAdlN6QqZADLZAC3kW4zSBZAUYvrEe5WEyxqd6tPkCitApLgaiLpJyZAFbsttB4ePIsz7s9dCXObDRZBE4zZCfVDCOaDzwBajqvt8tZCLyglNfHAVFymweyRxgxwtmq6IHSiwo9Nmvr3dPAXdXF
Meta Ads Library,Tele2 Eesti,3.58481E+14,tele2,https://www.facebook.com/ads/archive/render_ad/?id=358481350235143&access_token=EAATnrmoQyC4BO5erfu0T8wppuuMsqCZCnReXzEYpZAE2SuHMabkeRUXfkbCAdlN6QqZADLZAC3kW4zSBZAUYvrEe5WEyxqd6tPkCitApLgaiLpJyZAFbsttB4ePIsz7s9dCXObDRZBE4zZCfVDCOaDzwBajqvt8tZCLyglNfHAVFymweyRxgxwtmq6IHSiwo9Nmvr3dPAXdXF
Meta Ads Library,Tele2 Eesti,3.9833E+15,tele2,https://www.facebook.com/ads/archive/render_ad/?id=3983296931906394&access_token=EAATnrmoQyC4BO5erfu0T8wppuuMsqCZCnReXzEYpZAE2SuHMabkeRUXfkbCAdlN6QqZADLZAC3kW4zSBZAUYvrEe5WEyxqd6tPkCitApLgaiLpJyZAFbsttB4ePIsz7s9dCXObDRZBE4zZCfVDCOaDzwBajqvt8tZCLyglNfHAVFymweyRxgxwtmq6IHSiwo9Nmvr3dPAXdXF
Meta Ads Library,Telia Eesti,2.05368E+15,tele2,https://www.facebook.com/ads/archive/render_ad/?id=2053678205059584&access_token=EAATnrmoQyC4BPMzpZA4IBb0SXjMybbBaZAh3iKJFNiqBkucCvHUYyM1BiCwvozXjYnUzV70MsLrmdHeuwc7AP6M1pTNVggvg26dRGuCPcLwocJVlHYvqWtVlXMEZCyJQ9Y3zwKqouOI04uO8fnKsUpYu8grmDccMwtbUzDYP5HhFqB3wYpyodE7lX5JU3qEUguRSkXO
Meta Ads Library,Telia Eesti,5.26496E+14,tele2,https://www.facebook.com/ads/archive/render_ad/?id=526495863355085&access_token=EAATnrmoQyC4BPMzpZA4IBb0SXjMybbBaZAh3iKJFNiqBkucCvHUYyM1BiCwvozXjYnUzV70MsLrmdHeuwc7AP6M1pTNVggvg26dRGuCPcLwocJVlHYvqWtVlXMEZCyJQ9Y3zwKqouOI04uO8fnKsUpYu8grmDccMwtbUzDYP5HhFqB3wYpyodE7lX5JU3qEUguRSkXO
Meta Ads Library,Telia Eesti,1.29127E+15,tele2,https://www.facebook.com/ads/archive/render_ad/?id=1291265375487418&access_token=EAATnrmoQyC4BPMzpZA4IBb0SXjMybbBaZAh3iKJFNiqBkucCvHUYyM1BiCwvozXjYnUzV70MsLrmdHeuwc7AP6M1pTNVggvg26dRGuCPcLwocJVlHYvqWtVlXMEZCyJQ9Y3zwKqouOI04uO8fnKsUpYu8grmDccMwtbUzDYP5HhFqB3wYpyodE7lX5JU3qEUguRSkXO
Meta Ads Library,Telia Eesti,2.60527E+15,tele2,https://www.facebook.com/ads/archive/render_ad/?id=2605270546335902&access_token=EAATnrmoQyC4BPMzpZA4IBb0SXjMybbBaZAh3iKJFNiqBkucCvHUYyM1BiCwvozXjYnUzV70MsLrmdHeuwc7AP6M1pTNVggvg26dRGuCPcLwocJVlHYvqWtVlXMEZCyJQ9Y3zwKqouOI04uO8fnKsUpYu8grmDccMwtbUzDYP5HhFqB3wYpyodE7lX5JU3qEUguRSkXO
Meta Ads Library,Telia Eesti,1.39032E+15,tele2,https://www.facebook.com/ads/archive/render_ad/?id=1390318652192238&access_token=EAATnrmoQyC4BPMzpZA4IBb0SXjMybbBaZAh3iKJFNiqBkucCvHUYyM1BiCwvozXjYnUzV70MsLrmdHeuwc7AP6M1pTNVggvg26dRGuCPcLwocJVlHYvqWtVlXMEZCyJQ9Y3zwKqouOI04uO8fnKsUpYu8grmDccMwtbUzDYP5HhFqB3wYpyodE7lX5JU3qEUguRSkXO
Meta Ads Library,Telia Eesti,1.81854E+15,tele2,https://www.facebook.com/ads/archive/render_ad/?id=1818543495621074&access_token=EAATnrmoQyC4BO5erfu0T8wppuuMsqCZCnReXzEYpZAE2SuHMabkeRUXfkbCAdlN6QqZADLZAC3kW4zSBZAUYvrEe5WEyxqd6tPkCitApLgaiLpJyZAFbsttB4ePIsz7s9dCXObDRZBE4zZCfVDCOaDzwBajqvt8tZCLyglNfHAVFymweyRxgxwtmq6IHSiwo9Nmvr3dPAXdXF
Meta Ads Library,Telia Eesti,1.02091E+15,tele2,https://www.facebook.com/ads/archive/render_ad/?id=1020913283315947&access_token=EAATnrmoQyC4BPMzpZA4IBb0SXjMybbBaZAh3iKJFNiqBkucCvHUYyM1BiCwvozXjYnUzV70MsLrmdHeuwc7AP6M1pTNVggvg26dRGuCPcLwocJVlHYvqWtVlXMEZCyJQ9Y3zwKqouOI04uO8fnKsUpYu8grmDccMwtbUzDYP5HhFqB3wYpyodE7lX5JU3qEUguRSkXO
Meta Ads Library,Telia Eesti,5.69548E+14,tele2,https://www.facebook.com/ads/archive/render_ad/?id=569548498957915&access_token=EAATnrmoQyC4BO5erfu0T8wppuuMsqCZCnReXzEYpZAE2SuHMabkeRUXfkbCAdlN6QqZADLZAC3kW4zSBZAUYvrEe5WEyxqd6tPkCitApLgaiLpJyZAFbsttB4ePIsz7s9dCXObDRZBE4zZCfVDCOaDzwBajqvt8tZCLyglNfHAVFymweyRxgxwtmq6IHSiwo9Nmvr3dPAXdXF
Meta Ads Library,Telia Eesti,1.68005E+15,tele2,https://www.facebook.com/ads/archive/render_ad/?id=1680049449429798&access_token=EAATnrmoQyC4BO5erfu0T8wppuuMsqCZCnReXzEYpZAE2SuHMabkeRUXfkbCAdlN6QqZADLZAC3kW4zSBZAUYvrEe5WEyxqd6tPkCitApLgaiLpJyZAFbsttB4ePIsz7s9dCXObDRZBE4zZCfVDCOaDzwBajqvt8tZCLyglNfHAVFymweyRxgxwtmq6IHSiwo9Nmvr3dPAXdXF
Meta Ads Library,Telia Eesti,1.62314E+15,tele2,https://www.facebook.com/ads/archive/render_ad/?id=1623137445754550&access_token=EAATnrmoQyC4BPMzpZA4IBb0SXjMybbBaZAh3iKJFNiqBkucCvHUYyM1BiCwvozXjYnUzV70MsLrmdHeuwc7AP6M1pTNVggvg26dRGuCPcLwocJVlHYvqWtVlXMEZCyJQ9Y3zwKqouOI04uO8fnKsUpYu8grmDccMwtbUzDYP5HhFqB3wYpyodE7lX5JU3qEUguRSkXO
Meta Ads Library,Telia Eesti,9.97067E+14,tele2,https://www.facebook.com/ads/archive/render_ad/?id=997066755750674&access_token=EAATnrmoQyC4BPMzpZA4IBb0SXjMybbBaZAh3iKJFNiqBkucCvHUYyM1BiCwvozXjYnUzV70MsLrmdHeuwc7AP6M1pTNVggvg26dRGuCPcLwocJVlHYvqWtVlXMEZCyJQ9Y3zwKqouOI04uO8fnKsUpYu8grmDccMwtbUzDYP5HhFqB3wYpyodE7lX5JU3qEUguRSkXO
Meta Ads Library,Telia Eesti,1.30788E+15,tele2,https://www.facebook.com/ads/archive/render_ad/?id=1307880321057955&access_token=EAATnrmoQyC4BPMzpZA4IBb0SXjMybbBaZAh3iKJFNiqBkucCvHUYyM1BiCwvozXjYnUzV70MsLrmdHeuwc7AP6M1pTNVggvg26dRGuCPcLwocJVlHYvqWtVlXMEZCyJQ9Y3zwKqouOI04uO8fnKsUpYu8grmDccMwtbUzDYP5HhFqB3wYpyodE7lX5JU3qEUguRSkXO
Meta Ads Library,Telia Eesti,1.41914E+15,tele2,https://www.facebook.com/ads/archive/render_ad/?id=1419135552836596&access_token=EAATnrmoQyC4BPMzpZA4IBb0SXjMybbBaZAh3iKJFNiqBkucCvHUYyM1BiCwvozXjYnUzV70MsLrmdHeuwc7AP6M1pTNVggvg26dRGuCPcLwocJVlHYvqWtVlXMEZCyJQ9Y3zwKqouOI04uO8fnKsUpYu8grmDccMwtbUzDYP5HhFqB3wYpyodE7lX5JU3qEUguRSkXO
Meta Ads Library,Telia Eesti,1.40746E+15,tele2,https://www.facebook.com/ads/archive/render_ad/?id=1407458277352988&access_token=EAATnrmoQyC4BPMzpZA4IBb0SXjMybbBaZAh3iKJFNiqBkucCvHUYyM1BiCwvozXjYnUzV70MsLrmdHeuwc7AP6M1pTNVggvg26dRGuCPcLwocJVlHYvqWtVlXMEZCyJQ9Y3zwKqouOI04uO8fnKsUpYu8grmDccMwtbUzDYP5HhFqB3wYpyodE7lX5JU3qEUguRSkXO
Meta Ads Library,Telia Eesti,3.12514E+15,tele2,https://www.facebook.com/ads/archive/render_ad/?id=3125136894295052&access_token=EAATnrmoQyC4BO5erfu0T8wppuuMsqCZCnReXzEYpZAE2SuHMabkeRUXfkbCAdlN6QqZADLZAC3kW4zSBZAUYvrEe5WEyxqd6tPkCitApLgaiLpJyZAFbsttB4ePIsz7s9dCXObDRZBE4zZCfVDCOaDzwBajqvt8tZCLyglNfHAVFymweyRxgxwtmq6IHSiwo9Nmvr3dPAXdXF
Meta Ads Library,Telia Eesti,5.77412E+14,tele2,https://www.facebook.com/ads/archive/render_ad/?id=577411621891385&access_token=EAATnrmoQyC4BO5erfu0T8wppuuMsqCZCnReXzEYpZAE2SuHMabkeRUXfkbCAdlN6QqZADLZAC3kW4zSBZAUYvrEe5WEyxqd6tPkCitApLgaiLpJyZAFbsttB4ePIsz7s9dCXObDRZBE4zZCfVDCOaDzwBajqvt8tZCLyglNfHAVFymweyRxgxwtmq6IHSiwo9Nmvr3dPAXdXF
Meta Ads Library,Telia Eesti,4.92499E+14,tele2,https://www.facebook.com/ads/archive/render_ad/?id=492499220462981&access_token=EAATnrmoQyC4BPMzpZA4IBb0SXjMybbBaZAh3iKJFNiqBkucCvHUYyM1BiCwvozXjYnUzV70MsLrmdHeuwc7AP6M1pTNVggvg26dRGuCPcLwocJVlHYvqWtVlXMEZCyJQ9Y3zwKqouOI04uO8fnKsUpYu8grmDccMwtbUzDYP5HhFqB3wYpyodE7lX5JU3qEUguRSkXO
Meta Ads Library,Telia Eesti,1.21729E+15,tele2,https://www.facebook.com/ads/archive/render_ad/?id=1217292746418526&access_token=EAATnrmoQyC4BPMzpZA4IBb0SXjMybbBaZAh3iKJFNiqBkucCvHUYyM1BiCwvozXjYnUzV70MsLrmdHeuwc7AP6M1pTNVggvg26dRGuCPcLwocJVlHYvqWtVlXMEZCyJQ9Y3zwKqouOI04uO8fnKsUpYu8grmDccMwtbUzDYP5HhFqB3wYpyodE7lX5JU3qEUguRSkXO
Meta Ads Library,Telia Eesti,1.18304E+15,tele2,https://www.facebook.com/ads/archive/render_ad/?id=1183043706255229&access_token=EAATnrmoQyC4BO5erfu0T8wppuuMsqCZCnReXzEYpZAE2SuHMabkeRUXfkbCAdlN6QqZADLZAC3kW4zSBZAUYvrEe5WEyxqd6tPkCitApLgaiLpJyZAFbsttB4ePIsz7s9dCXObDRZBE4zZCfVDCOaDzwBajqvt8tZCLyglNfHAVFymweyRxgxwtmq6IHSiwo9Nmvr3dPAXdXF
Meta Ads Library,Telia Eesti,4.48516E+14,tele2,https://www.facebook.com/ads/archive/render_ad/?id=448516031526876&access_token=EAATnrmoQyC4BPMzpZA4IBb0SXjMybbBaZAh3iKJFNiqBkucCvHUYyM1BiCwvozXjYnUzV70MsLrmdHeuwc7AP6M1pTNVggvg26dRGuCPcLwocJVlHYvqWtVlXMEZCyJQ9Y3zwKqouOI04uO8fnKsUpYu8grmDccMwtbUzDYP5HhFqB3wYpyodE7lX5JU3qEUguRSkXO
Meta Ads Library,Telia Eesti,3.97976E+14,tele2,https://www.facebook.com/ads/archive/render_ad/?id=397976069978860&access_token=EAATnrmoQyC4BO5erfu0T8wppuuMsqCZCnReXzEYpZAE2SuHMabkeRUXfkbCAdlN6QqZADLZAC3kW4zSBZAUYvrEe5WEyxqd6tPkCitApLgaiLpJyZAFbsttB4ePIsz7s9dCXObDRZBE4zZCfVDCOaDzwBajqvt8tZCLyglNfHAVFymweyRxgxwtmq6IHSiwo9Nmvr3dPAXdXF
Google Transparence Center,Telia Eesti AS,CR05431440467432570881,tele2,https://adstransparency.google.com/advertiser/AR11025091026317475841/creative/CR05431440467432570881
Google Transparence Center,Telia Eesti AS,CR14477190283470569473,tele2,https://adstransparency.google.com/advertiser/AR11025091026317475841/creative/CR14477190283470569473
Google Transparence Center,Telia Eesti AS,CR02570069792400605185,tele2,https://adstransparency.google.com/advertiser/AR11025091026317475841/creative/CR02570069792400605185
Google Transparence Center,Telia Eesti AS,CR17457015761389223937,tele2,https://adstransparency.google.com/advertiser/AR11025091026317475841/creative/CR17457015761389223937
Google Transparence Center,Telia Eesti AS,CR15870164828875128833,tele2,https://adstransparency.google.com/advertiser/AR11025091026317475841/creative/CR15870164828875128833
Google Transparence Center,Telia Eesti AS,CR10880550241342324737,tele2,https://adstransparency.google.com/advertiser/AR11025091026317475841/creative/CR10880550241342324737
Google Transparence Center,Telia Eesti AS,CR05920787111035797505,tele2,https://adstransparency.google.com/advertiser/AR11025091026317475841/creative/CR05920787111035797505
Google Transparence Center,Telia Eesti AS,CR01812440567863312385,tele2,https://adstransparency.google.com/advertiser/AR11025091026317475841/creative/CR01812440567863312385
Google Transparence Center,Telia Eesti AS,CR12485747779496312833,tele2,https://adstransparency.google.com/advertiser/AR11025091026317475841/creative/CR12485747779496312833
Google Transparence Center,Telia Eesti AS,CR01725793966353285121,tele2,https://adstransparency.google.com/advertiser/AR11025091026317475841/creative/CR01725793966353285121
Google Transparence Center,Telia Eesti AS,CR12607456776023965697,tele2,https://adstransparency.google.com/advertiser/AR11025091026317475841/creative/CR12607456776023965697
Google Transparence Center,Trakken GmbH (),CR13541883501757857793,prisma,https://adstransparency.google.com/advertiser/AR14899757598734548993/creative/CR13541883501757857793
Google Transparence Center,Trakken GmbH (),CR18233514100107771905,prisma,https://adstransparency.google.com/advertiser/AR14899757598734548993/creative/CR18233514100107771905
Google Transparence Center,Trakken GmbH (),CR16741815522336702465,prisma,https://adstransparency.google.com/advertiser/AR14899757598734548993/creative/CR16741815522336702465
Google Transparence Center,Trakken GmbH (),CR16342313573021646849,prisma,https://adstransparency.google.com/advertiser/AR14899757598734548993/creative/CR16342313573021646849
Google Transparence Center,Trakken GmbH (),CR02112207655668809729,prisma,https://adstransparency.google.com/advertiser/AR14899757598734548993/creative/CR02112207655668809729
Google Transparence Center,Trakken GmbH (),CR07990831682645131265,prisma,https://adstransparency.google.com/advertiser/AR14899757598734548993/creative/CR07990831682645131265
Google Transparence Center,Trakken GmbH (),CR13257032113816862721,prisma,https://adstransparency.google.com/advertiser/AR14899757598734548993/creative/CR13257032113816862721
Google Transparence Center,Trakken GmbH (),CR05903477181652140033,prisma,https://adstransparency.google.com/advertiser/AR14899757598734548993/creative/CR05903477181652140033
Google Transparence Center,Trakken GmbH (),CR14696726780891365377,prisma,https://adstransparency.google.com/advertiser/AR14899757598734548993/creative/CR14696726780891365377
Google Transparence Center,Trakken GmbH (),CR01212808759055745025,prisma,https://adstransparency.google.com/advertiser/AR14899757598734548993/creative/CR01212808759055745025
Google Transparence Center,Trakken GmbH (),CR17371159966437605377,prisma,https://adstransparency.google.com/advertiser/AR14899757598734548993/creative/CR17371159966437605377
Google Transparence Center,Trakken GmbH (),CR04238107306300014593,prisma,https://adstransparency.google.com/advertiser/AR14899757598734548993/creative/CR04238107306300014593
Google Transparence Center,Trakken GmbH (),CR12866003808559300609,prisma,https://adstransparency.google.com/advertiser/AR14899757598734548993/creative/CR12866003808559300609
Google Transparence Center,Trakken GmbH (),CR02710386648838832129,prisma,https://adstransparency.google.com/advertiser/AR14899757598734548993/creative/CR02710386648838832129
Google Transparence Center,Trakken GmbH (),CR17366915318978445313,prisma,https://adstransparency.google.com/advertiser/AR14899757598734548993/creative/CR17366915318978445313
Google Transparence Center,Trakken GmbH (),CR02025128035555999745,prisma,https://adstransparency.google.com/advertiser/AR14899757598734548993/creative/CR02025128035555999745
Google Transparence Center,Trakken GmbH (),CR02156612034051964929,prisma,https://adstransparency.google.com/advertiser/AR14899757598734548993/creative/CR02156612034051964929
Google Transparence Center,Trakken GmbH (),CR08936763680872202241,prisma,https://adstransparency.google.com/advertiser/AR14899757598734548993/creative/CR08936763680872202241
Google Transparence Center,Trakken GmbH (),CR16079090283173642241,prisma,https://adstransparency.google.com/advertiser/AR14899757598734548993/creative/CR16079090283173642241
Google Transparence Center,Trakken GmbH (),CR15146793036584845313,prisma,https://adstransparency.google.com/advertiser/AR14899757598734548993/creative/CR15146793036584845313
Google Transparence Center,Trakken GmbH (),CR16343483178515693569,prisma,https://adstransparency.google.com/advertiser/AR14899757598734548993/creative/CR16343483178515693569
Google Transparence Center,Trakken GmbH (),CR13756392516620386305,prisma,https://adstransparency.google.com/advertiser/AR14899757598734548993/creative/CR13756392516620386305
Google Transparence Center,Trakken GmbH (),CR06672623824850124801,prisma,https://adstransparency.google.com/advertiser/AR14899757598734548993/creative/CR06672623824850124801
Google Transparence Center,Trakken GmbH (),CR02753086646759981057,prisma,https://adstransparency.google.com/advertiser/AR14899757598734548993/creative/CR02753086646759981057
Google Transparence Center,Trakken GmbH (),CR05888436360800370689,prisma,https://adstransparency.google.com/advertiser/AR14899757598734548993/creative/CR05888436360800370689
Google Transparence Center,Trakken GmbH (),CR00676426957931413505,prisma,https://adstransparency.google.com/advertiser/AR14899757598734548993/creative/CR00676426957931413505
Google Transparence Center,Trakken GmbH (),CR07316619828326825985,prisma,https://adstransparency.google.com/advertiser/AR14899757598734548993/creative/CR07316619828326825985
Google Transparence Center,Trakken GmbH (),CR13400543068713648129,prisma,https://adstransparency.google.com/advertiser/AR14899757598734548993/creative/CR13400543068713648129
Google Transparence Center,Trakken GmbH (),CR10644464444656058369,prisma,https://adstransparency.google.com/advertiser/AR14899757598734548993/creative/CR10644464444656058369
Google Transparence Center,Trakken GmbH (),CR04044421598558552065,prisma,https://adstransparency.google.com/advertiser/AR14899757598734548993/creative/CR04044421598558552065
Google Transparence Center,Trakken GmbH (),CR04162578450973982721,prisma,https://adstransparency.google.com/advertiser/AR14899757598734548993/creative/CR04162578450973982721
Google Transparence Center,Trakken GmbH (),CR03586920548317265921,prisma,https://adstransparency.google.com/advertiser/AR14899757598734548993/creative/CR03586920548317265921
Google Transparence Center,Trakken GmbH (),CR17792831299984031745,prisma,https://adstransparency.google.com/advertiser/AR14899757598734548993/creative/CR17792831299984031745
Google Transparence Center,Trakken GmbH (),CR05661028906312925185,prisma,https://adstransparency.google.com/advertiser/AR14899757598734548993/creative/CR05661028906312925185
Google Transparence Center,Trakken GmbH (),CR04602668665869959169,prisma,https://adstransparency.google.com/advertiser/AR14899757598734548993/creative/CR04602668665869959169
Google Transparence Center,Trakken GmbH (),CR13802421818570571777,prisma,https://adstransparency.google.com/advertiser/AR14899757598734548993/creative/CR13802421818570571777
Google Transparence Center,Trakken GmbH (),CR11814838978366930945,prisma,https://adstransparency.google.com/advertiser/AR14899757598734548993/creative/CR11814838978366930945
Google Transparence Center,Trakken GmbH (),CR00104803764732428289,prisma,https://adstransparency.google.com/advertiser/AR14899757598734548993/creative/CR00104803764732428289
Google Transparence Center,Trakken GmbH (),CR02390925933390331905,prisma,https://adstransparency.google.com/advertiser/AR14899757598734548993/creative/CR02390925933390331905
Google Transparence Center,Trakken GmbH (),CR12527601789119234049,prisma,https://adstransparency.google.com/advertiser/AR14899757598734548993/creative/CR12527601789119234049
Google Transparence Center,Trakken GmbH (),CR16060713973539930113,prisma,https://adstransparency.google.com/advertiser/AR14899757598734548993/creative/CR16060713973539930113
Google Transparence Center,Trakken GmbH (),CR00586347526500646913,prisma,https://adstransparency.google.com/advertiser/AR14899757598734548993/creative/CR00586347526500646913
Google Transparence Center,Trakken GmbH (),CR08323206230881337345,prisma,https://adstransparency.google.com/advertiser/AR14899757598734548993/creative/CR08323206230881337345
Google Transparence Center,Trakken GmbH (),CR04154370974629756929,prisma,https://adstransparency.google.com/advertiser/AR14899757598734548993/creative/CR04154370974629756929
Google Transparence Center,Trakken GmbH (),CR07461810252875300865,prisma,https://adstransparency.google.com/advertiser/AR14899757598734548993/creative/CR07461810252875300865
Google Transparence Center,Trakken GmbH (),CR04619250349188841473,prisma,https://adstransparency.google.com/advertiser/AR14899757598734548993/creative/CR04619250349188841473
Google Transparence Center,Trakken GmbH (),CR04727336740245733377,prisma,https://adstransparency.google.com/advertiser/AR14899757598734548993/creative/CR04727336740245733377
Google Transparence Center,Trakken GmbH (),CR13721131213077348353,prisma,https://adstransparency.google.com/advertiser/AR14899757598734548993/creative/CR13721131213077348353
Google Transparence Center,Trakken GmbH (),CR17618479542144335873,prisma,https://adstransparency.google.com/advertiser/AR14899757598734548993/creative/CR17618479542144335873
Google Transparence Center,Trakken GmbH (),CR17695148316150464513,prisma,https://adstransparency.google.com/advertiser/AR14899757598734548993/creative/CR17695148316150464513
Google Transparence Center,Trakken GmbH (),CR18161697848872140801,prisma,https://adstransparency.google.com/advertiser/AR14899757598734548993/creative/CR18161697848872140801
Google Transparence Center,Trakken GmbH (),CR01557509313675657217,prisma,https://adstransparency.google.com/advertiser/AR14899757598734548993/creative/CR01557509313675657217
Google Transparence Center,Trakken GmbH (),CR17802030295298342913,prisma,https://adstransparency.google.com/advertiser/AR14899757598734548993/creative/CR17802030295298342913
Google Transparence Center,Trakken GmbH (),CR08704880440965595137,prisma,https://adstransparency.google.com/advertiser/AR14899757598734548993/creative/CR08704880440965595137
Google Transparence Center,Trakken GmbH (),CR14050241981305585665,prisma,https://adstransparency.google.com/advertiser/AR14899757598734548993/creative/CR14050241981305585665
Google Transparence Center,Trakken GmbH (),CR12698307858459000833,prisma,https://adstransparency.google.com/advertiser/AR14899757598734548993/creative/CR12698307858459000833
Google Transparence Center,Trakken GmbH (),CR07054684049415077889,prisma,https://adstransparency.google.com/advertiser/AR14899757598734548993/creative/CR07054684049415077889
Google Transparence Center,Trakken GmbH (),CR06727313756554002433,prisma,https://adstransparency.google.com/advertiser/AR14899757598734548993/creative/CR06727313756554002433
Google Transparence Center,Trakken GmbH (),CR06346095397118672897,prisma,https://adstransparency.google.com/advertiser/AR14899757598734548993/creative/CR06346095397118672897
Google Transparence Center,Trakken GmbH (),CR15363439708210200577,prisma,https://adstransparency.google.com/advertiser/AR14899757598734548993/creative/CR15363439708210200577
Google Transparence Center,Trakken GmbH (),CR01530188923626586113,prisma,https://adstransparency.google.com/advertiser/AR14899757598734548993/creative/CR01530188923626586113
Google Transparence Center,Trakken GmbH (),CR01763831347777896449,prisma,https://adstransparency.google.com/advertiser/AR14899757598734548993/creative/CR01763831347777896449
Google Transparence Center,Trakken GmbH (),CR00238364482995224577,prisma,https://adstransparency.google.com/advertiser/AR14899757598734548993/creative/CR00238364482995224577
Google Transparence Center,Trakken GmbH (),CR03460297525087436801,prisma,https://adstransparency.google.com/advertiser/AR14899757598734548993/creative/CR03460297525087436801
Meta Ads Library,VivatBet Eesti,8.43741E+14,vivatbet,https://www.facebook.com/ads/archive/render_ad/?id=843740761057915&access_token=EAATnrmoQyC4BOyPI2UlrqFMQKk5vv6XeANCnonDt4Ho3GPZCm24pBF6XxsSP0Qh3kIdZCuPUtE6BvZBSuq1WwOhhHeZC7dnXLq9u3XRiPfzaTxZBalwm2gvQPVjbAEyHImZBEa9uHUj8yB0OSaDuDsgTaLPYzvCZCd5fnGkOLIjhAkfnRyK2nOmUnAFTlG8Ujgl
Meta Ads Library,VivatBet Eesti,1.05304E+15,vivatbet,https://www.facebook.com/ads/archive/render_ad/?id=1053035873117638&access_token=EAATnrmoQyC4BOyPI2UlrqFMQKk5vv6XeANCnonDt4Ho3GPZCm24pBF6XxsSP0Qh3kIdZCuPUtE6BvZBSuq1WwOhhHeZC7dnXLq9u3XRiPfzaTxZBalwm2gvQPVjbAEyHImZBEa9uHUj8yB0OSaDuDsgTaLPYzvCZCd5fnGkOLIjhAkfnRyK2nOmUnAFTlG8Ujgl
Meta Ads Library,VivatBet Eesti,1.04858E+15,vivatbet,https://www.facebook.com/ads/archive/render_ad/?id=1048575826933150&access_token=EAATnrmoQyC4BOyPI2UlrqFMQKk5vv6XeANCnonDt4Ho3GPZCm24pBF6XxsSP0Qh3kIdZCuPUtE6BvZBSuq1WwOhhHeZC7dnXLq9u3XRiPfzaTxZBalwm2gvQPVjbAEyHImZBEa9uHUj8yB0OSaDuDsgTaLPYzvCZCd5fnGkOLIjhAkfnRyK2nOmUnAFTlG8Ujgl
Meta Ads Library,VivatBet Eesti,1.109E+15,vivatbet,https://www.facebook.com/ads/archive/render_ad/?id=1108999310890400&access_token=EAATnrmoQyC4BQPVFaEdvyWfH85nc9J1azy5Q3EZCsaaFpLOAG9mEhR1mfp8tmZAxRmBf2IRN553VRRdSaWWJUedu3OFNvLi6Jf9yHmQkSryfa7HC1lnTHUoDGLJFXNS38IeFpk3ZBBnLtpERHKOgzlznywHZAnzlGFoqmGcIcZBTiOgc4ybEkN3braKPoQgJuFpHi7zrs
Meta Ads Library,VivatBet Eesti,1.76671E+15,vivatbet,https://www.facebook.com/ads/archive/render_ad/?id=1766709760798341&access_token=EAATnrmoQyC4BOyPI2UlrqFMQKk5vv6XeANCnonDt4Ho3GPZCm24pBF6XxsSP0Qh3kIdZCuPUtE6BvZBSuq1WwOhhHeZC7dnXLq9u3XRiPfzaTxZBalwm2gvQPVjbAEyHImZBEa9uHUj8yB0OSaDuDsgTaLPYzvCZCd5fnGkOLIjhAkfnRyK2nOmUnAFTlG8Ujgl
Meta Ads Library,VivatBet Eesti,1.97283E+15,vivatbet,https://www.facebook.com/ads/archive/render_ad/?id=1972830743132051&access_token=EAATnrmoQyC4BOyPI2UlrqFMQKk5vv6XeANCnonDt4Ho3GPZCm24pBF6XxsSP0Qh3kIdZCuPUtE6BvZBSuq1WwOhhHeZC7dnXLq9u3XRiPfzaTxZBalwm2gvQPVjbAEyHImZBEa9uHUj8yB0OSaDuDsgTaLPYzvCZCd5fnGkOLIjhAkfnRyK2nOmUnAFTlG8Ujgl
Meta Ads Library,VivatBet Eesti,1.1337E+15,vivatbet,https://www.facebook.com/ads/archive/render_ad/?id=1133704931305368&access_token=EAATnrmoQyC4BOyPI2UlrqFMQKk5vv6XeANCnonDt4Ho3GPZCm24pBF6XxsSP0Qh3kIdZCuPUtE6BvZBSuq1WwOhhHeZC7dnXLq9u3XRiPfzaTxZBalwm2gvQPVjbAEyHImZBEa9uHUj8yB0OSaDuDsgTaLPYzvCZCd5fnGkOLIjhAkfnRyK2nOmUnAFTlG8Ujgl
Meta Ads Library,VivatBet Eesti,1.28351E+15,vivatbet,https://www.facebook.com/ads/archive/render_ad/?id=1283505049593444&access_token=EAATnrmoQyC4BQPVFaEdvyWfH85nc9J1azy5Q3EZCsaaFpLOAG9mEhR1mfp8tmZAxRmBf2IRN553VRRdSaWWJUedu3OFNvLi6Jf9yHmQkSryfa7HC1lnTHUoDGLJFXNS38IeFpk3ZBBnLtpERHKOgzlznywHZAnzlGFoqmGcIcZBTiOgc4ybEkN3braKPoQgJuFpHi7zrs
Meta Ads Library,VivatBet Eesti,9.93345E+14,vivatbet,https://www.facebook.com/ads/archive/render_ad/?id=993345025762589&access_token=EAATnrmoQyC4BOyPI2UlrqFMQKk5vv6XeANCnonDt4Ho3GPZCm24pBF6XxsSP0Qh3kIdZCuPUtE6BvZBSuq1WwOhhHeZC7dnXLq9u3XRiPfzaTxZBalwm2gvQPVjbAEyHImZBEa9uHUj8yB0OSaDuDsgTaLPYzvCZCd5fnGkOLIjhAkfnRyK2nOmUnAFTlG8Ujgl
Meta Ads Library,VivatBet Eesti,1.0165E+15,vivatbet,https://www.facebook.com/ads/archive/render_ad/?id=1016504790148296&access_token=EAATnrmoQyC4BOyPI2UlrqFMQKk5vv6XeANCnonDt4Ho3GPZCm24pBF6XxsSP0Qh3kIdZCuPUtE6BvZBSuq1WwOhhHeZC7dnXLq9u3XRiPfzaTxZBalwm2gvQPVjbAEyHImZBEa9uHUj8yB0OSaDuDsgTaLPYzvCZCd5fnGkOLIjhAkfnRyK2nOmUnAFTlG8Ujgl
Meta Ads Library,VivatBet Eesti,1.27437E+15,vivatbet,https://www.facebook.com/ads/archive/render_ad/?id=1274365620545749&access_token=EAATnrmoQyC4BO5erfu0T8wppuuMsqCZCnReXzEYpZAE2SuHMabkeRUXfkbCAdlN6QqZADLZAC3kW4zSBZAUYvrEe5WEyxqd6tPkCitApLgaiLpJyZAFbsttB4ePIsz7s9dCXObDRZBE4zZCfVDCOaDzwBajqvt8tZCLyglNfHAVFymweyRxgxwtmq6IHSiwo9Nmvr3dPAXdXF
Meta Ads Library,VivatBet Eesti,9.7833E+14,vivatbet,https://www.facebook.com/ads/archive/render_ad/?id=978329634217249&access_token=EAATnrmoQyC4BQPVFaEdvyWfH85nc9J1azy5Q3EZCsaaFpLOAG9mEhR1mfp8tmZAxRmBf2IRN553VRRdSaWWJUedu3OFNvLi6Jf9yHmQkSryfa7HC1lnTHUoDGLJFXNS38IeFpk3ZBBnLtpERHKOgzlznywHZAnzlGFoqmGcIcZBTiOgc4ybEkN3braKPoQgJuFpHi7zrs
Meta Ads Library,VivatBet Eesti,1.83916E+15,vivatbet,https://www.facebook.com/ads/archive/render_ad/?id=1839160607002848&access_token=EAATnrmoQyC4BQPVFaEdvyWfH85nc9J1azy5Q3EZCsaaFpLOAG9mEhR1mfp8tmZAxRmBf2IRN553VRRdSaWWJUedu3OFNvLi6Jf9yHmQkSryfa7HC1lnTHUoDGLJFXNS38IeFpk3ZBBnLtpERHKOgzlznywHZAnzlGFoqmGcIcZBTiOgc4ybEkN3braKPoQgJuFpHi7zrs
Meta Ads Library,VivatBet Eesti,4.98996E+14,vivatbet,https://www.facebook.com/ads/archive/render_ad/?id=498996452734394&access_token=EAATnrmoQyC4BOyPI2UlrqFMQKk5vv6XeANCnonDt4Ho3GPZCm24pBF6XxsSP0Qh3kIdZCuPUtE6BvZBSuq1WwOhhHeZC7dnXLq9u3XRiPfzaTxZBalwm2gvQPVjbAEyHImZBEa9uHUj8yB0OSaDuDsgTaLPYzvCZCd5fnGkOLIjhAkfnRyK2nOmUnAFTlG8Ujgl
Google Transparence Center,Weekend Eesti OU,CR00914053668624400385,ballzy,https://adstransparency.google.com/advertiser/AR18276274158851588097/creative/CR00914053668624400385
Google Transparence Center,Weekend Eesti OU,CR06149524089829588993,ballzy,https://adstransparency.google.com/advertiser/AR18276274158851588097/creative/CR06149524089829588993
Google Transparence Center,Weekend Eesti OU,CR13568078576015638529,ballzy,https://adstransparency.google.com/advertiser/AR18276274158851588097/creative/CR13568078576015638529
Google Transparence Center,Weekend Eesti OU,CR06366290505143156737,ballzy,https://adstransparency.google.com/advertiser/AR18276274158851588097/creative/CR06366290505143156737
Google Transparence Center,Weekend Eesti OU,CR00939827647108612097,ballzy,https://adstransparency.google.com/advertiser/AR18276274158851588097/creative/CR00939827647108612097
Google Transparence Center,Weekend Eesti OU,CR11305193090962161665,ballzy,https://adstransparency.google.com/advertiser/AR18276274158851588097/creative/CR11305193090962161665
Google Transparence Center,Weekend Eesti OU,CR06571074322478137345,ballzy,https://adstransparency.google.com/advertiser/AR18276274158851588097/creative/CR06571074322478137345
Google Transparence Center,Weekend Eesti OU,CR10353425383231062017,ballzy,https://adstransparency.google.com/advertiser/AR18276274158851588097/creative/CR10353425383231062017
Google Transparence Center,Weekend Eesti OU,CR02889837099794563073,ballzy,https://adstransparency.google.com/advertiser/AR18276274158851588097/creative/CR02889837099794563073
Google Transparence Center,Weekend Eesti OU,CR04705441959043399681,ballzy,https://adstransparency.google.com/advertiser/AR18276274158851588097/creative/CR04705441959043399681
Google Transparence Center,Weekend Eesti OU,CR18013045989920735233,ballzy,https://adstransparency.google.com/advertiser/AR18276274158851588097/creative/CR18013045989920735233
Google Transparence Center,Weekend Eesti OU,CR18161546958081097729,ballzy,https://adstransparency.google.com/advertiser/AR18276274158851588097/creative/CR18161546958081097729
Google Transparence Center,Weekend Eesti OU,CR16057966929637277697,ballzy,https://adstransparency.google.com/advertiser/AR18276274158851588097/creative/CR16057966929637277697
Google Transparence Center,Weekend Eesti OU,CR11390031734578872321,ballzy,https://adstransparency.google.com/advertiser/AR18276274158851588097/creative/CR11390031734578872321
Google Transparence Center,Weekend Eesti OU,CR14742391233959690241,ballzy,https://adstransparency.google.com/advertiser/AR18276274158851588097/creative/CR14742391233959690241
Google Transparence Center,Weekend Eesti OU,CR11018870960190128129,ballzy,https://adstransparency.google.com/advertiser/AR18276274158851588097/creative/CR11018870960190128129
Google Transparence Center,Weekend Eesti OU,CR08790659063944839169,ballzy,https://adstransparency.google.com/advertiser/AR18276274158851588097/creative/CR08790659063944839169
Google Transparence Center,Weekend Eesti OU,CR12438456478715609089,ballzy,https://adstransparency.google.com/advertiser/AR18276274158851588097/creative/CR12438456478715609089
Google Transparence Center,Weekend Eesti OU,CR15652554315048943617,ballzy,https://adstransparency.google.com/advertiser/AR18276274158851588097/creative/CR15652554315048943617
Meta Ads Library,Weekend.ee,6.45446E+14,ballzy,https://www.facebook.com/ads/archive/render_ad/?id=645445994753525&access_token=EAATnrmoQyC4BQPVFaEdvyWfH85nc9J1azy5Q3EZCsaaFpLOAG9mEhR1mfp8tmZAxRmBf2IRN553VRRdSaWWJUedu3OFNvLi6Jf9yHmQkSryfa7HC1lnTHUoDGLJFXNS38IeFpk3ZBBnLtpERHKOgzlznywHZAnzlGFoqmGcIcZBTiOgc4ybEkN3braKPoQgJuFpHi7zrs
Meta Ads Library,Weekend.ee,9.07514E+14,ballzy,https://www.facebook.com/ads/archive/render_ad/?id=907514448062317&access_token=EAATnrmoQyC4BOyPI2UlrqFMQKk5vv6XeANCnonDt4Ho3GPZCm24pBF6XxsSP0Qh3kIdZCuPUtE6BvZBSuq1WwOhhHeZC7dnXLq9u3XRiPfzaTxZBalwm2gvQPVjbAEyHImZBEa9uHUj8yB0OSaDuDsgTaLPYzvCZCd5fnGkOLIjhAkfnRyK2nOmUnAFTlG8Ujgl
Meta Ads Library,Weekend.ee,1.17504E+15,ballzy,https://www.facebook.com/ads/archive/render_ad/?id=1175037547778374&access_token=EAATnrmoQyC4BQPVFaEdvyWfH85nc9J1azy5Q3EZCsaaFpLOAG9mEhR1mfp8tmZAxRmBf2IRN553VRRdSaWWJUedu3OFNvLi6Jf9yHmQkSryfa7HC1lnTHUoDGLJFXNS38IeFpk3ZBBnLtpERHKOgzlznywHZAnzlGFoqmGcIcZBTiOgc4ybEkN3braKPoQgJuFpHi7zrs
Meta Ads Library,Weekend.ee,8.42971E+14,ballzy,https://www.facebook.com/ads/archive/render_ad/?id=842971248153722&access_token=EAATnrmoQyC4BQptmsbNRdpMvgWhT9ZCeeMMlHDkxMXfJ2nK6fMZAk2p9lKk0ofSe3VJBPuz92dPfwiAVjmS2ZCoS7xLFsfFcl3R0EZAhf5ct7tPBlrxE7lxNtKKSRD4BlK1MAuYA7zjMuXKiS0o7eOkkQsTbvvT0TMpX7WoMajScg9PKRZBs3m5KGt4Um9A8HstpDdQRr
Meta Ads Library,Weekend.ee,1.92215E+15,ballzy,https://www.facebook.com/ads/archive/render_ad/?id=1922152232037901&access_token=EAATnrmoQyC4BQptmsbNRdpMvgWhT9ZCeeMMlHDkxMXfJ2nK6fMZAk2p9lKk0ofSe3VJBPuz92dPfwiAVjmS2ZCoS7xLFsfFcl3R0EZAhf5ct7tPBlrxE7lxNtKKSRD4BlK1MAuYA7zjMuXKiS0o7eOkkQsTbvvT0TMpX7WoMajScg9PKRZBs3m5KGt4Um9A8HstpDdQRr
Meta Ads Library,Weekend.ee,1.51713E+15,ballzy,https://www.facebook.com/ads/archive/render_ad/?id=1517130068987554&access_token=EAATnrmoQyC4BOyPI2UlrqFMQKk5vv6XeANCnonDt4Ho3GPZCm24pBF6XxsSP0Qh3kIdZCuPUtE6BvZBSuq1WwOhhHeZC7dnXLq9u3XRiPfzaTxZBalwm2gvQPVjbAEyHImZBEa9uHUj8yB0OSaDuDsgTaLPYzvCZCd5fnGkOLIjhAkfnRyK2nOmUnAFTlG8Ujgl
Meta Ads Library,Weekend.ee,5.01393E+14,ballzy,https://www.facebook.com/ads/archive/render_ad/?id=501392909203767&access_token=EAATnrmoQyC4BOyPI2UlrqFMQKk5vv6XeANCnonDt4Ho3GPZCm24pBF6XxsSP0Qh3kIdZCuPUtE6BvZBSuq1WwOhhHeZC7dnXLq9u3XRiPfzaTxZBalwm2gvQPVjbAEyHImZBEa9uHUj8yB0OSaDuDsgTaLPYzvCZCd5fnGkOLIjhAkfnRyK2nOmUnAFTlG8Ujgl
Meta Ads Library,Weekend.ee,1.19286E+15,ballzy,https://www.facebook.com/ads/archive/render_ad/?id=1192863778500899&access_token=EAATnrmoQyC4BOyPI2UlrqFMQKk5vv6XeANCnonDt4Ho3GPZCm24pBF6XxsSP0Qh3kIdZCuPUtE6BvZBSuq1WwOhhHeZC7dnXLq9u3XRiPfzaTxZBalwm2gvQPVjbAEyHImZBEa9uHUj8yB0OSaDuDsgTaLPYzvCZCd5fnGkOLIjhAkfnRyK2nOmUnAFTlG8Ujgl
Meta Ads Library,Weekend.ee,8.45618E+14,ballzy,https://www.facebook.com/ads/archive/render_ad/?id=845617927001842&access_token=EAATnrmoQyC4BOyPI2UlrqFMQKk5vv6XeANCnonDt4Ho3GPZCm24pBF6XxsSP0Qh3kIdZCuPUtE6BvZBSuq1WwOhhHeZC7dnXLq9u3XRiPfzaTxZBalwm2gvQPVjbAEyHImZBEa9uHUj8yB0OSaDuDsgTaLPYzvCZCd5fnGkOLIjhAkfnRyK2nOmUnAFTlG8Ujgl
Meta Ads Library,Weekend.ee,9.91685E+14,ballzy,https://www.facebook.com/ads/archive/render_ad/?id=991685185987887&access_token=EAATnrmoQyC4BOyPI2UlrqFMQKk5vv6XeANCnonDt4Ho3GPZCm24pBF6XxsSP0Qh3kIdZCuPUtE6BvZBSuq1WwOhhHeZC7dnXLq9u3XRiPfzaTxZBalwm2gvQPVjbAEyHImZBEa9uHUj8yB0OSaDuDsgTaLPYzvCZCd5fnGkOLIjhAkfnRyK2nOmUnAFTlG8Ujgl
Meta Ads Library,Weekend.ee,6.62726E+14,ballzy,https://www.facebook.com/ads/archive/render_ad/?id=662725826568037&access_token=EAATnrmoQyC4BQPVFaEdvyWfH85nc9J1azy5Q3EZCsaaFpLOAG9mEhR1mfp8tmZAxRmBf2IRN553VRRdSaWWJUedu3OFNvLi6Jf9yHmQkSryfa7HC1lnTHUoDGLJFXNS38IeFpk3ZBBnLtpERHKOgzlznywHZAnzlGFoqmGcIcZBTiOgc4ybEkN3braKPoQgJuFpHi7zrs
Meta Ads Library,Weekend.ee,1.59387E+15,ballzy,https://www.facebook.com/ads/archive/render_ad/?id=1593873084645768&access_token=EAATnrmoQyC4BQPVFaEdvyWfH85nc9J1azy5Q3EZCsaaFpLOAG9mEhR1mfp8tmZAxRmBf2IRN553VRRdSaWWJUedu3OFNvLi6Jf9yHmQkSryfa7HC1lnTHUoDGLJFXNS38IeFpk3ZBBnLtpERHKOgzlznywHZAnzlGFoqmGcIcZBTiOgc4ybEkN3braKPoQgJuFpHi7zrs
Meta Ads Library,Weekend.lv,1.61129E+15,ballzy,https://www.facebook.com/ads/archive/render_ad/?id=1611291209856531&access_token=EAATnrmoQyC4BQptmsbNRdpMvgWhT9ZCeeMMlHDkxMXfJ2nK6fMZAk2p9lKk0ofSe3VJBPuz92dPfwiAVjmS2ZCoS7xLFsfFcl3R0EZAhf5ct7tPBlrxE7lxNtKKSRD4BlK1MAuYA7zjMuXKiS0o7eOkkQsTbvvT0TMpX7WoMajScg9PKRZBs3m5KGt4Um9A8HstpDdQRr
Meta Ads Library,Weekend.lv,1.62475E+15,ballzy,https://www.facebook.com/ads/archive/render_ad/?id=1624751418490134&access_token=EAATnrmoQyC4BQptmsbNRdpMvgWhT9ZCeeMMlHDkxMXfJ2nK6fMZAk2p9lKk0ofSe3VJBPuz92dPfwiAVjmS2ZCoS7xLFsfFcl3R0EZAhf5ct7tPBlrxE7lxNtKKSRD4BlK1MAuYA7zjMuXKiS0o7eOkkQsTbvvT0TMpX7WoMajScg9PKRZBs3m5KGt4Um9A8HstpDdQRr
Meta Ads Library,Weekend.lv,5.81995E+14,ballzy,https://www.facebook.com/ads/archive/render_ad/?id=581994861009271&access_token=EAATnrmoQyC4BO5erfu0T8wppuuMsqCZCnReXzEYpZAE2SuHMabkeRUXfkbCAdlN6QqZADLZAC3kW4zSBZAUYvrEe5WEyxqd6tPkCitApLgaiLpJyZAFbsttB4ePIsz7s9dCXObDRZBE4zZCfVDCOaDzwBajqvt8tZCLyglNfHAVFymweyRxgxwtmq6IHSiwo9Nmvr3dPAXdXF
Meta Ads Library,Weekend.lv,5.25172E+14,ballzy,https://www.facebook.com/ads/archive/render_ad/?id=525171546633446&access_token=EAATnrmoQyC4BOyPI2UlrqFMQKk5vv6XeANCnonDt4Ho3GPZCm24pBF6XxsSP0Qh3kIdZCuPUtE6BvZBSuq1WwOhhHeZC7dnXLq9u3XRiPfzaTxZBalwm2gvQPVjbAEyHImZBEa9uHUj8yB0OSaDuDsgTaLPYzvCZCd5fnGkOLIjhAkfnRyK2nOmUnAFTlG8Ujgl
Meta Ads Library,Weekend.lv,1.03757E+15,ballzy,https://www.facebook.com/ads/archive/render_ad/?id=1037570287466416&access_token=EAATnrmoQyC4BOyPI2UlrqFMQKk5vv6XeANCnonDt4Ho3GPZCm24pBF6XxsSP0Qh3kIdZCuPUtE6BvZBSuq1WwOhhHeZC7dnXLq9u3XRiPfzaTxZBalwm2gvQPVjbAEyHImZBEa9uHUj8yB0OSaDuDsgTaLPYzvCZCd5fnGkOLIjhAkfnRyK2nOmUnAFTlG8Ujgl
Meta Ads Library,Weekend.lv,8.98575E+14,ballzy,https://www.facebook.com/ads/archive/render_ad/?id=898575079349145&access_token=EAATnrmoQyC4BQptmsbNRdpMvgWhT9ZCeeMMlHDkxMXfJ2nK6fMZAk2p9lKk0ofSe3VJBPuz92dPfwiAVjmS2ZCoS7xLFsfFcl3R0EZAhf5ct7tPBlrxE7lxNtKKSRD4BlK1MAuYA7zjMuXKiS0o7eOkkQsTbvvT0TMpX7WoMajScg9PKRZBs3m5KGt4Um9A8HstpDdQRr
Meta Ads Library,Weekend.lv,1.21285E+15,ballzy,https://www.facebook.com/ads/archive/render_ad/?id=1212851033280809&access_token=EAATnrmoQyC4BOyPI2UlrqFMQKk5vv6XeANCnonDt4Ho3GPZCm24pBF6XxsSP0Qh3kIdZCuPUtE6BvZBSuq1WwOhhHeZC7dnXLq9u3XRiPfzaTxZBalwm2gvQPVjbAEyHImZBEa9uHUj8yB0OSaDuDsgTaLPYzvCZCd5fnGkOLIjhAkfnRyK2nOmUnAFTlG8Ujgl
Meta Ads Library,Weekend.lv,8.70968E+14,ballzy,https://www.facebook.com/ads/archive/render_ad/?id=870968432501692&access_token=EAATnrmoQyC4BQptmsbNRdpMvgWhT9ZCeeMMlHDkxMXfJ2nK6fMZAk2p9lKk0ofSe3VJBPuz92dPfwiAVjmS2ZCoS7xLFsfFcl3R0EZAhf5ct7tPBlrxE7lxNtKKSRD4BlK1MAuYA7zjMuXKiS0o7eOkkQsTbvvT0TMpX7WoMajScg9PKRZBs3m5KGt4Um9A8HstpDdQRr
Meta Ads Library,Weekend.lv,1.93585E+15,ballzy,https://www.facebook.com/ads/archive/render_ad/?id=1935846150611216&access_token=EAATnrmoQyC4BQptmsbNRdpMvgWhT9ZCeeMMlHDkxMXfJ2nK6fMZAk2p9lKk0ofSe3VJBPuz92dPfwiAVjmS2ZCoS7xLFsfFcl3R0EZAhf5ct7tPBlrxE7lxNtKKSRD4BlK1MAuYA7zjMuXKiS0o7eOkkQsTbvvT0TMpX7WoMajScg9PKRZBs3m5KGt4Um9A8HstpDdQRr
Meta Ads Library,Weekend.lv,6.96057E+14,ballzy,https://www.facebook.com/ads/archive/render_ad/?id=696056703068361&access_token=EAATnrmoQyC4BQPVFaEdvyWfH85nc9J1azy5Q3EZCsaaFpLOAG9mEhR1mfp8tmZAxRmBf2IRN553VRRdSaWWJUedu3OFNvLi6Jf9yHmQkSryfa7HC1lnTHUoDGLJFXNS38IeFpk3ZBBnLtpERHKOgzlznywHZAnzlGFoqmGcIcZBTiOgc4ybEkN3braKPoQgJuFpHi7zrs
Meta Ads Library,Weekend.lv,1.34802E+15,ballzy,https://www.facebook.com/ads/archive/render_ad/?id=1348019199837902&access_token=EAATnrmoQyC4BQPVFaEdvyWfH85nc9J1azy5Q3EZCsaaFpLOAG9mEhR1mfp8tmZAxRmBf2IRN553VRRdSaWWJUedu3OFNvLi6Jf9yHmQkSryfa7HC1lnTHUoDGLJFXNS38IeFpk3ZBBnLtpERHKOgzlznywHZAnzlGFoqmGcIcZBTiOgc4ybEkN3braKPoQgJuFpHi7zrs
Meta Ads Library,Zalando,2.14461E+15,ballzy,https://www.facebook.com/ads/archive/render_ad/?id=2144611912953740&access_token=EAATnrmoQyC4BQptmsbNRdpMvgWhT9ZCeeMMlHDkxMXfJ2nK6fMZAk2p9lKk0ofSe3VJBPuz92dPfwiAVjmS2ZCoS7xLFsfFcl3R0EZAhf5ct7tPBlrxE7lxNtKKSRD4BlK1MAuYA7zjMuXKiS0o7eOkkQsTbvvT0TMpX7WoMajScg9PKRZBs3m5KGt4Um9A8HstpDdQRr
Meta Ads Library,Zalando,2.31658E+15,ballzy,https://www.facebook.com/ads/archive/render_ad/?id=2316582895481897&access_token=EAATnrmoQyC4BQptmsbNRdpMvgWhT9ZCeeMMlHDkxMXfJ2nK6fMZAk2p9lKk0ofSe3VJBPuz92dPfwiAVjmS2ZCoS7xLFsfFcl3R0EZAhf5ct7tPBlrxE7lxNtKKSRD4BlK1MAuYA7zjMuXKiS0o7eOkkQsTbvvT0TMpX7WoMajScg9PKRZBs3m5KGt4Um9A8HstpDdQRr
Meta Ads Library,Zalando,4.27193E+15,ballzy,https://www.facebook.com/ads/archive/render_ad/?id=4271927826451676&access_token=EAATnrmoQyC4BQptmsbNRdpMvgWhT9ZCeeMMlHDkxMXfJ2nK6fMZAk2p9lKk0ofSe3VJBPuz92dPfwiAVjmS2ZCoS7xLFsfFcl3R0EZAhf5ct7tPBlrxE7lxNtKKSRD4BlK1MAuYA7zjMuXKiS0o7eOkkQsTbvvT0TMpX7WoMajScg9PKRZBs3m5KGt4Um9A8HstpDdQRr
Meta Ads Library,Zalando,9.05797E+14,ballzy,https://www.facebook.com/ads/archive/render_ad/?id=905797378553191&access_token=EAATnrmoQyC4BQptmsbNRdpMvgWhT9ZCeeMMlHDkxMXfJ2nK6fMZAk2p9lKk0ofSe3VJBPuz92dPfwiAVjmS2ZCoS7xLFsfFcl3R0EZAhf5ct7tPBlrxE7lxNtKKSRD4BlK1MAuYA7zjMuXKiS0o7eOkkQsTbvvT0TMpX7WoMajScg9PKRZBs3m5KGt4Um9A8HstpDdQRr
Meta Ads Library,Zalando,1.38012E+15,ballzy,https://www.facebook.com/ads/archive/render_ad/?id=1380124886320210&access_token=EAATnrmoQyC4BPMzpZA4IBb0SXjMybbBaZAh3iKJFNiqBkucCvHUYyM1BiCwvozXjYnUzV70MsLrmdHeuwc7AP6M1pTNVggvg26dRGuCPcLwocJVlHYvqWtVlXMEZCyJQ9Y3zwKqouOI04uO8fnKsUpYu8grmDccMwtbUzDYP5HhFqB3wYpyodE7lX5JU3qEUguRSkXO
Meta Ads Library,Zalando,1.4796E+15,ballzy,https://www.facebook.com/ads/archive/render_ad/?id=1479603536292025&access_token=EAATnrmoQyC4BO5erfu0T8wppuuMsqCZCnReXzEYpZAE2SuHMabkeRUXfkbCAdlN6QqZADLZAC3kW4zSBZAUYvrEe5WEyxqd6tPkCitApLgaiLpJyZAFbsttB4ePIsz7s9dCXObDRZBE4zZCfVDCOaDzwBajqvt8tZCLyglNfHAVFymweyRxgxwtmq6IHSiwo9Nmvr3dPAXdXF
Meta Ads Library,Zalando,9.82085E+14,ballzy,https://www.facebook.com/ads/archive/render_ad/?id=982084627086070&access_token=EAATnrmoQyC4BO5erfu0T8wppuuMsqCZCnReXzEYpZAE2SuHMabkeRUXfkbCAdlN6QqZADLZAC3kW4zSBZAUYvrEe5WEyxqd6tPkCitApLgaiLpJyZAFbsttB4ePIsz7s9dCXObDRZBE4zZCfVDCOaDzwBajqvt8tZCLyglNfHAVFymweyRxgxwtmq6IHSiwo9Nmvr3dPAXdXF
Meta Ads Library,Zalando,5.5017E+14,ballzy,https://www.facebook.com/ads/archive/render_ad/?id=550169544537343&access_token=EAATnrmoQyC4BPs1GFkdV11JnEwK18Y8SLMH9XxyP1QZA12GZBXpFNXt4CEn7HUJVZAYL5pFEXRSZCIdgVqP5T08KTd8pQGXvNZCam0j0PqoRFCsskhbBt4ZAXMXFOpa0ECGYHZA8NTLdIW8Nry28X4W5VJDVRVvrn9v1R3X8HFx4OAx1POcTnhYscXKCiQv7yFEdGdyRtLU
Meta Ads Library,Zalando,8.09529E+15,ballzy,https://www.facebook.com/ads/archive/render_ad/?id=8095294307237041&access_token=EAATnrmoQyC4BQPVFaEdvyWfH85nc9J1azy5Q3EZCsaaFpLOAG9mEhR1mfp8tmZAxRmBf2IRN553VRRdSaWWJUedu3OFNvLi6Jf9yHmQkSryfa7HC1lnTHUoDGLJFXNS38IeFpk3ZBBnLtpERHKOgzlznywHZAnzlGFoqmGcIcZBTiOgc4ybEkN3braKPoQgJuFpHi7zrs
Meta Ads Library,Zalando,6.01367E+14,ballzy,https://www.facebook.com/ads/archive/render_ad/?id=601367459119456&access_token=EAATnrmoQyC4BO5erfu0T8wppuuMsqCZCnReXzEYpZAE2SuHMabkeRUXfkbCAdlN6QqZADLZAC3kW4zSBZAUYvrEe5WEyxqd6tPkCitApLgaiLpJyZAFbsttB4ePIsz7s9dCXObDRZBE4zZCfVDCOaDzwBajqvt8tZCLyglNfHAVFymweyRxgxwtmq6IHSiwo9Nmvr3dPAXdXF
Meta Ads Library,Zalando,2.7829E+16,ballzy,https://www.facebook.com/ads/archive/render_ad/?id=27829022616741747&access_token=EAATnrmoQyC4BO5erfu0T8wppuuMsqCZCnReXzEYpZAE2SuHMabkeRUXfkbCAdlN6QqZADLZAC3kW4zSBZAUYvrEe5WEyxqd6tPkCitApLgaiLpJyZAFbsttB4ePIsz7s9dCXObDRZBE4zZCfVDCOaDzwBajqvt8tZCLyglNfHAVFymweyRxgxwtmq6IHSiwo9Nmvr3dPAXdXF
Meta Ads Library,Zalando,1.90516E+15,ballzy,https://www.facebook.com/ads/archive/render_ad/?id=1905158616888951&access_token=EAATnrmoQyC4BQptmsbNRdpMvgWhT9ZCeeMMlHDkxMXfJ2nK6fMZAk2p9lKk0ofSe3VJBPuz92dPfwiAVjmS2ZCoS7xLFsfFcl3R0EZAhf5ct7tPBlrxE7lxNtKKSRD4BlK1MAuYA7zjMuXKiS0o7eOkkQsTbvvT0TMpX7WoMajScg9PKRZBs3m5KGt4Um9A8HstpDdQRr
Meta Ads Library,Zalando,5.4688E+14,ballzy,https://www.facebook.com/ads/archive/render_ad/?id=546880354470144&access_token=EAATnrmoQyC4BPs1GFkdV11JnEwK18Y8SLMH9XxyP1QZA12GZBXpFNXt4CEn7HUJVZAYL5pFEXRSZCIdgVqP5T08KTd8pQGXvNZCam0j0PqoRFCsskhbBt4ZAXMXFOpa0ECGYHZA8NTLdIW8Nry28X4W5VJDVRVvrn9v1R3X8HFx4OAx1POcTnhYscXKCiQv7yFEdGdyRtLU
Meta Ads Library,Zalando,8.09529E+14,ballzy,https://www.facebook.com/ads/archive/render_ad/?id=809529141255030&access_token=EAATnrmoQyC4BOyPI2UlrqFMQKk5vv6XeANCnonDt4Ho3GPZCm24pBF6XxsSP0Qh3kIdZCuPUtE6BvZBSuq1WwOhhHeZC7dnXLq9u3XRiPfzaTxZBalwm2gvQPVjbAEyHImZBEa9uHUj8yB0OSaDuDsgTaLPYzvCZCd5fnGkOLIjhAkfnRyK2nOmUnAFTlG8Ujgl
Meta Ads Library,Zalando,1.7119E+15,ballzy,https://www.facebook.com/ads/archive/render_ad/?id=1711901792987728&access_token=EAATnrmoQyC4BOyPI2UlrqFMQKk5vv6XeANCnonDt4Ho3GPZCm24pBF6XxsSP0Qh3kIdZCuPUtE6BvZBSuq1WwOhhHeZC7dnXLq9u3XRiPfzaTxZBalwm2gvQPVjbAEyHImZBEa9uHUj8yB0OSaDuDsgTaLPYzvCZCd5fnGkOLIjhAkfnRyK2nOmUnAFTlG8Ujgl
Meta Ads Library,Zalando,5.06811E+14,ballzy,https://www.facebook.com/ads/archive/render_ad/?id=506811308406319&access_token=EAATnrmoQyC4BOyPI2UlrqFMQKk5vv6XeANCnonDt4Ho3GPZCm24pBF6XxsSP0Qh3kIdZCuPUtE6BvZBSuq1WwOhhHeZC7dnXLq9u3XRiPfzaTxZBalwm2gvQPVjbAEyHImZBEa9uHUj8yB0OSaDuDsgTaLPYzvCZCd5fnGkOLIjhAkfnRyK2nOmUnAFTlG8Ujgl
Meta Ads Library,Zalando,1.76364E+15,ballzy,https://www.facebook.com/ads/archive/render_ad/?id=1763637771155270&access_token=EAATnrmoQyC4BPMzpZA4IBb0SXjMybbBaZAh3iKJFNiqBkucCvHUYyM1BiCwvozXjYnUzV70MsLrmdHeuwc7AP6M1pTNVggvg26dRGuCPcLwocJVlHYvqWtVlXMEZCyJQ9Y3zwKqouOI04uO8fnKsUpYu8grmDccMwtbUzDYP5HhFqB3wYpyodE7lX5JU3qEUguRSkXO
Meta Ads Library,Zalando,9.12015E+14,ballzy,https://www.facebook.com/ads/archive/render_ad/?id=912015301095958&access_token=EAATnrmoQyC4BPMzpZA4IBb0SXjMybbBaZAh3iKJFNiqBkucCvHUYyM1BiCwvozXjYnUzV70MsLrmdHeuwc7AP6M1pTNVggvg26dRGuCPcLwocJVlHYvqWtVlXMEZCyJQ9Y3zwKqouOI04uO8fnKsUpYu8grmDccMwtbUzDYP5HhFqB3wYpyodE7lX5JU3qEUguRSkXO
Meta Ads Library,Zalando,7.68207E+14,ballzy,https://www.facebook.com/ads/archive/render_ad/?id=768207018873474&access_token=EAATnrmoQyC4BQptmsbNRdpMvgWhT9ZCeeMMlHDkxMXfJ2nK6fMZAk2p9lKk0ofSe3VJBPuz92dPfwiAVjmS2ZCoS7xLFsfFcl3R0EZAhf5ct7tPBlrxE7lxNtKKSRD4BlK1MAuYA7zjMuXKiS0o7eOkkQsTbvvT0TMpX7WoMajScg9PKRZBs3m5KGt4Um9A8HstpDdQRr
Meta Ads Library,Zalando,5.27506E+14,ballzy,https://www.facebook.com/ads/archive/render_ad/?id=527506403370709&access_token=EAATnrmoQyC4BOyPI2UlrqFMQKk5vv6XeANCnonDt4Ho3GPZCm24pBF6XxsSP0Qh3kIdZCuPUtE6BvZBSuq1WwOhhHeZC7dnXLq9u3XRiPfzaTxZBalwm2gvQPVjbAEyHImZBEa9uHUj8yB0OSaDuDsgTaLPYzvCZCd5fnGkOLIjhAkfnRyK2nOmUnAFTlG8Ujgl
Meta Ads Library,Zalando,1.4675E+15,ballzy,https://www.facebook.com/ads/archive/render_ad/?id=1467503500601232&access_token=EAATnrmoQyC4BOyPI2UlrqFMQKk5vv6XeANCnonDt4Ho3GPZCm24pBF6XxsSP0Qh3kIdZCuPUtE6BvZBSuq1WwOhhHeZC7dnXLq9u3XRiPfzaTxZBalwm2gvQPVjbAEyHImZBEa9uHUj8yB0OSaDuDsgTaLPYzvCZCd5fnGkOLIjhAkfnRyK2nOmUnAFTlG8Ujgl
Meta Ads Library,Zalando,1.77653E+15,ballzy,https://www.facebook.com/ads/archive/render_ad/?id=1776528102911154&access_token=EAATnrmoQyC4BPMzpZA4IBb0SXjMybbBaZAh3iKJFNiqBkucCvHUYyM1BiCwvozXjYnUzV70MsLrmdHeuwc7AP6M1pTNVggvg26dRGuCPcLwocJVlHYvqWtVlXMEZCyJQ9Y3zwKqouOI04uO8fnKsUpYu8grmDccMwtbUzDYP5HhFqB3wYpyodE7lX5JU3qEUguRSkXO
Meta Ads Library,Zalando,6.84323E+14,ballzy,https://www.facebook.com/ads/archive/render_ad/?id=684323104257147&access_token=EAATnrmoQyC4BPMzpZA4IBb0SXjMybbBaZAh3iKJFNiqBkucCvHUYyM1BiCwvozXjYnUzV70MsLrmdHeuwc7AP6M1pTNVggvg26dRGuCPcLwocJVlHYvqWtVlXMEZCyJQ9Y3zwKqouOI04uO8fnKsUpYu8grmDccMwtbUzDYP5HhFqB3wYpyodE7lX5JU3qEUguRSkXO
Meta Ads Library,Zalando,5.78974E+14,ballzy,https://www.facebook.com/ads/archive/render_ad/?id=578974231865864&access_token=EAATnrmoQyC4BPs1GFkdV11JnEwK18Y8SLMH9XxyP1QZA12GZBXpFNXt4CEn7HUJVZAYL5pFEXRSZCIdgVqP5T08KTd8pQGXvNZCam0j0PqoRFCsskhbBt4ZAXMXFOpa0ECGYHZA8NTLdIW8Nry28X4W5VJDVRVvrn9v1R3X8HFx4OAx1POcTnhYscXKCiQv7yFEdGdyRtLU
Meta Ads Library,Zalando,5.54991E+14,ballzy,https://www.facebook.com/ads/archive/render_ad/?id=554991080417160&access_token=EAATnrmoQyC4BPMzpZA4IBb0SXjMybbBaZAh3iKJFNiqBkucCvHUYyM1BiCwvozXjYnUzV70MsLrmdHeuwc7AP6M1pTNVggvg26dRGuCPcLwocJVlHYvqWtVlXMEZCyJQ9Y3zwKqouOI04uO8fnKsUpYu8grmDccMwtbUzDYP5HhFqB3wYpyodE7lX5JU3qEUguRSkXO
Meta Ads Library,Zalando,9.48365E+15,ballzy,https://www.facebook.com/ads/archive/render_ad/?id=9483650771719798&access_token=EAATnrmoQyC4BPMzpZA4IBb0SXjMybbBaZAh3iKJFNiqBkucCvHUYyM1BiCwvozXjYnUzV70MsLrmdHeuwc7AP6M1pTNVggvg26dRGuCPcLwocJVlHYvqWtVlXMEZCyJQ9Y3zwKqouOI04uO8fnKsUpYu8grmDccMwtbUzDYP5HhFqB3wYpyodE7lX5JU3qEUguRSkXO
Meta Ads Library,Zalando,9.03937E+14,ballzy,https://www.facebook.com/ads/archive/render_ad/?id=903937114436841&access_token=EAATnrmoQyC4BOyPI2UlrqFMQKk5vv6XeANCnonDt4Ho3GPZCm24pBF6XxsSP0Qh3kIdZCuPUtE6BvZBSuq1WwOhhHeZC7dnXLq9u3XRiPfzaTxZBalwm2gvQPVjbAEyHImZBEa9uHUj8yB0OSaDuDsgTaLPYzvCZCd5fnGkOLIjhAkfnRyK2nOmUnAFTlG8Ujgl
Meta Ads Library,Zalando,8.00958E+14,ballzy,https://www.facebook.com/ads/archive/render_ad/?id=800957648657054&access_token=EAATnrmoQyC4BOyPI2UlrqFMQKk5vv6XeANCnonDt4Ho3GPZCm24pBF6XxsSP0Qh3kIdZCuPUtE6BvZBSuq1WwOhhHeZC7dnXLq9u3XRiPfzaTxZBalwm2gvQPVjbAEyHImZBEa9uHUj8yB0OSaDuDsgTaLPYzvCZCd5fnGkOLIjhAkfnRyK2nOmUnAFTlG8Ujgl
Meta Ads Library,Zalando,1.05153E+15,ballzy,https://www.facebook.com/ads/archive/render_ad/?id=1051529223011887&access_token=EAATnrmoQyC4BOyPI2UlrqFMQKk5vv6XeANCnonDt4Ho3GPZCm24pBF6XxsSP0Qh3kIdZCuPUtE6BvZBSuq1WwOhhHeZC7dnXLq9u3XRiPfzaTxZBalwm2gvQPVjbAEyHImZBEa9uHUj8yB0OSaDuDsgTaLPYzvCZCd5fnGkOLIjhAkfnRyK2nOmUnAFTlG8Ujgl
Meta Ads Library,Zalando,1.0657E+15,ballzy,https://www.facebook.com/ads/archive/render_ad/?id=1065700848892787&access_token=EAATnrmoQyC4BOyPI2UlrqFMQKk5vv6XeANCnonDt4Ho3GPZCm24pBF6XxsSP0Qh3kIdZCuPUtE6BvZBSuq1WwOhhHeZC7dnXLq9u3XRiPfzaTxZBalwm2gvQPVjbAEyHImZBEa9uHUj8yB0OSaDuDsgTaLPYzvCZCd5fnGkOLIjhAkfnRyK2nOmUnAFTlG8Ujgl
Meta Ads Library,Zalando,2.62504E+15,ballzy,https://www.facebook.com/ads/archive/render_ad/?id=2625036274361662&access_token=EAATnrmoQyC4BOyPI2UlrqFMQKk5vv6XeANCnonDt4Ho3GPZCm24pBF6XxsSP0Qh3kIdZCuPUtE6BvZBSuq1WwOhhHeZC7dnXLq9u3XRiPfzaTxZBalwm2gvQPVjbAEyHImZBEa9uHUj8yB0OSaDuDsgTaLPYzvCZCd5fnGkOLIjhAkfnRyK2nOmUnAFTlG8Ujgl
Meta Ads Library,Zalando,4.1265E+14,ballzy,https://www.facebook.com/ads/archive/render_ad/?id=412650408517358&access_token=EAATnrmoQyC4BOyPI2UlrqFMQKk5vv6XeANCnonDt4Ho3GPZCm24pBF6XxsSP0Qh3kIdZCuPUtE6BvZBSuq1WwOhhHeZC7dnXLq9u3XRiPfzaTxZBalwm2gvQPVjbAEyHImZBEa9uHUj8yB0OSaDuDsgTaLPYzvCZCd5fnGkOLIjhAkfnRyK2nOmUnAFTlG8Ujgl
Meta Ads Library,Zalando,4.93885E+14,ballzy,https://www.facebook.com/ads/archive/render_ad/?id=493884950121202&access_token=EAATnrmoQyC4BOyPI2UlrqFMQKk5vv6XeANCnonDt4Ho3GPZCm24pBF6XxsSP0Qh3kIdZCuPUtE6BvZBSuq1WwOhhHeZC7dnXLq9u3XRiPfzaTxZBalwm2gvQPVjbAEyHImZBEa9uHUj8yB0OSaDuDsgTaLPYzvCZCd5fnGkOLIjhAkfnRyK2nOmUnAFTlG8Ujgl
Meta Ads Library,Zalando,1.21024E+15,ballzy,https://www.facebook.com/ads/archive/render_ad/?id=1210243343642002&access_token=EAATnrmoQyC4BOyPI2UlrqFMQKk5vv6XeANCnonDt4Ho3GPZCm24pBF6XxsSP0Qh3kIdZCuPUtE6BvZBSuq1WwOhhHeZC7dnXLq9u3XRiPfzaTxZBalwm2gvQPVjbAEyHImZBEa9uHUj8yB0OSaDuDsgTaLPYzvCZCd5fnGkOLIjhAkfnRyK2nOmUnAFTlG8Ujgl
Meta Ads Library,Zalando,8.37831E+14,ballzy,https://www.facebook.com/ads/archive/render_ad/?id=837830961794039&access_token=EAATnrmoQyC4BOyPI2UlrqFMQKk5vv6XeANCnonDt4Ho3GPZCm24pBF6XxsSP0Qh3kIdZCuPUtE6BvZBSuq1WwOhhHeZC7dnXLq9u3XRiPfzaTxZBalwm2gvQPVjbAEyHImZBEa9uHUj8yB0OSaDuDsgTaLPYzvCZCd5fnGkOLIjhAkfnRyK2nOmUnAFTlG8Ujgl
Meta Ads Library,Zalando,1.0666E+15,ballzy,https://www.facebook.com/ads/archive/render_ad/?id=1066600128513577&access_token=EAATnrmoQyC4BOyPI2UlrqFMQKk5vv6XeANCnonDt4Ho3GPZCm24pBF6XxsSP0Qh3kIdZCuPUtE6BvZBSuq1WwOhhHeZC7dnXLq9u3XRiPfzaTxZBalwm2gvQPVjbAEyHImZBEa9uHUj8yB0OSaDuDsgTaLPYzvCZCd5fnGkOLIjhAkfnRyK2nOmUnAFTlG8Ujgl
Meta Ads Library,Zalando,2.08751E+15,ballzy,https://www.facebook.com/ads/archive/render_ad/?id=2087514151685647&access_token=EAATnrmoQyC4BOyPI2UlrqFMQKk5vv6XeANCnonDt4Ho3GPZCm24pBF6XxsSP0Qh3kIdZCuPUtE6BvZBSuq1WwOhhHeZC7dnXLq9u3XRiPfzaTxZBalwm2gvQPVjbAEyHImZBEa9uHUj8yB0OSaDuDsgTaLPYzvCZCd5fnGkOLIjhAkfnRyK2nOmUnAFTlG8Ujgl
Meta Ads Library,Zalando,8.62521E+14,ballzy,https://www.facebook.com/ads/archive/render_ad/?id=862521332615932&access_token=EAATnrmoQyC4BOyPI2UlrqFMQKk5vv6XeANCnonDt4Ho3GPZCm24pBF6XxsSP0Qh3kIdZCuPUtE6BvZBSuq1WwOhhHeZC7dnXLq9u3XRiPfzaTxZBalwm2gvQPVjbAEyHImZBEa9uHUj8yB0OSaDuDsgTaLPYzvCZCd5fnGkOLIjhAkfnRyK2nOmUnAFTlG8Ujgl
Meta Ads Library,Zalando,1.22582E+15,ballzy,https://www.facebook.com/ads/archive/render_ad/?id=1225815525364192&access_token=EAATnrmoQyC4BOyPI2UlrqFMQKk5vv6XeANCnonDt4Ho3GPZCm24pBF6XxsSP0Qh3kIdZCuPUtE6BvZBSuq1WwOhhHeZC7dnXLq9u3XRiPfzaTxZBalwm2gvQPVjbAEyHImZBEa9uHUj8yB0OSaDuDsgTaLPYzvCZCd5fnGkOLIjhAkfnRyK2nOmUnAFTlG8Ujgl
Meta Ads Library,Zalando,1.66063E+15,ballzy,https://www.facebook.com/ads/archive/render_ad/?id=1660625804493849&access_token=EAATnrmoQyC4BQPVFaEdvyWfH85nc9J1azy5Q3EZCsaaFpLOAG9mEhR1mfp8tmZAxRmBf2IRN553VRRdSaWWJUedu3OFNvLi6Jf9yHmQkSryfa7HC1lnTHUoDGLJFXNS38IeFpk3ZBBnLtpERHKOgzlznywHZAnzlGFoqmGcIcZBTiOgc4ybEkN3braKPoQgJuFpHi7zrs
Meta Ads Library,Zalando,1.32729E+15,ballzy,https://www.facebook.com/ads/archive/render_ad/?id=1327289445381421&access_token=EAATnrmoQyC4BQPVFaEdvyWfH85nc9J1azy5Q3EZCsaaFpLOAG9mEhR1mfp8tmZAxRmBf2IRN553VRRdSaWWJUedu3OFNvLi6Jf9yHmQkSryfa7HC1lnTHUoDGLJFXNS38IeFpk3ZBBnLtpERHKOgzlznywHZAnzlGFoqmGcIcZBTiOgc4ybEkN3braKPoQgJuFpHi7zrs
Meta Ads Library,Zalando,1.05492E+15,ballzy,https://www.facebook.com/ads/archive/render_ad/?id=1054924449356502&access_token=EAATnrmoQyC4BOyPI2UlrqFMQKk5vv6XeANCnonDt4Ho3GPZCm24pBF6XxsSP0Qh3kIdZCuPUtE6BvZBSuq1WwOhhHeZC7dnXLq9u3XRiPfzaTxZBalwm2gvQPVjbAEyHImZBEa9uHUj8yB0OSaDuDsgTaLPYzvCZCd5fnGkOLIjhAkfnRyK2nOmUnAFTlG8Ujgl
Meta Ads Library,Zalando,1.05157E+15,ballzy,https://www.facebook.com/ads/archive/render_ad/?id=1051572193239546&access_token=EAATnrmoQyC4BOyPI2UlrqFMQKk5vv6XeANCnonDt4Ho3GPZCm24pBF6XxsSP0Qh3kIdZCuPUtE6BvZBSuq1WwOhhHeZC7dnXLq9u3XRiPfzaTxZBalwm2gvQPVjbAEyHImZBEa9uHUj8yB0OSaDuDsgTaLPYzvCZCd5fnGkOLIjhAkfnRyK2nOmUnAFTlG8Ujgl
Meta Ads Library,Zalando,4.99446E+14,ballzy,https://www.facebook.com/ads/archive/render_ad/?id=499445879387399&access_token=EAATnrmoQyC4BOyPI2UlrqFMQKk5vv6XeANCnonDt4Ho3GPZCm24pBF6XxsSP0Qh3kIdZCuPUtE6BvZBSuq1WwOhhHeZC7dnXLq9u3XRiPfzaTxZBalwm2gvQPVjbAEyHImZBEa9uHUj8yB0OSaDuDsgTaLPYzvCZCd5fnGkOLIjhAkfnRyK2nOmUnAFTlG8Ujgl
Meta Ads Library,Zalando,1.04246E+15,ballzy,https://www.facebook.com/ads/archive/render_ad/?id=1042455820317395&access_token=EAATnrmoQyC4BOyPI2UlrqFMQKk5vv6XeANCnonDt4Ho3GPZCm24pBF6XxsSP0Qh3kIdZCuPUtE6BvZBSuq1WwOhhHeZC7dnXLq9u3XRiPfzaTxZBalwm2gvQPVjbAEyHImZBEa9uHUj8yB0OSaDuDsgTaLPYzvCZCd5fnGkOLIjhAkfnRyK2nOmUnAFTlG8Ujgl
Meta Ads Library,Zalando,1.00968E+15,ballzy,https://www.facebook.com/ads/archive/render_ad/?id=1009683847511681&access_token=EAATnrmoQyC4BOyPI2UlrqFMQKk5vv6XeANCnonDt4Ho3GPZCm24pBF6XxsSP0Qh3kIdZCuPUtE6BvZBSuq1WwOhhHeZC7dnXLq9u3XRiPfzaTxZBalwm2gvQPVjbAEyHImZBEa9uHUj8yB0OSaDuDsgTaLPYzvCZCd5fnGkOLIjhAkfnRyK2nOmUnAFTlG8Ujgl
Meta Ads Library,Zalando,5.52382E+14,ballzy,https://www.facebook.com/ads/archive/render_ad/?id=552381820472739&access_token=EAATnrmoQyC4BOyPI2UlrqFMQKk5vv6XeANCnonDt4Ho3GPZCm24pBF6XxsSP0Qh3kIdZCuPUtE6BvZBSuq1WwOhhHeZC7dnXLq9u3XRiPfzaTxZBalwm2gvQPVjbAEyHImZBEa9uHUj8yB0OSaDuDsgTaLPYzvCZCd5fnGkOLIjhAkfnRyK2nOmUnAFTlG8Ujgl
Meta Ads Library,Zalando,1.02882E+15,ballzy,https://www.facebook.com/ads/archive/render_ad/?id=1028821768978274&access_token=EAATnrmoQyC4BOyPI2UlrqFMQKk5vv6XeANCnonDt4Ho3GPZCm24pBF6XxsSP0Qh3kIdZCuPUtE6BvZBSuq1WwOhhHeZC7dnXLq9u3XRiPfzaTxZBalwm2gvQPVjbAEyHImZBEa9uHUj8yB0OSaDuDsgTaLPYzvCZCd5fnGkOLIjhAkfnRyK2nOmUnAFTlG8Ujgl
Meta Ads Library,Zalando,2.91444E+15,ballzy,https://www.facebook.com/ads/archive/render_ad/?id=2914435912036816&access_token=EAATnrmoQyC4BOyPI2UlrqFMQKk5vv6XeANCnonDt4Ho3GPZCm24pBF6XxsSP0Qh3kIdZCuPUtE6BvZBSuq1WwOhhHeZC7dnXLq9u3XRiPfzaTxZBalwm2gvQPVjbAEyHImZBEa9uHUj8yB0OSaDuDsgTaLPYzvCZCd5fnGkOLIjhAkfnRyK2nOmUnAFTlG8Ujgl
Meta Ads Library,Zalando,1.65702E+15,ballzy,https://www.facebook.com/ads/archive/render_ad/?id=1657018835206946&access_token=EAATnrmoQyC4BQPVFaEdvyWfH85nc9J1azy5Q3EZCsaaFpLOAG9mEhR1mfp8tmZAxRmBf2IRN553VRRdSaWWJUedu3OFNvLi6Jf9yHmQkSryfa7HC1lnTHUoDGLJFXNS38IeFpk3ZBBnLtpERHKOgzlznywHZAnzlGFoqmGcIcZBTiOgc4ybEkN3braKPoQgJuFpHi7zrs
Meta Ads Library,Zalando,1.54151E+15,ballzy,https://www.facebook.com/ads/archive/render_ad/?id=1541505293187577&access_token=EAATnrmoQyC4BPMzpZA4IBb0SXjMybbBaZAh3iKJFNiqBkucCvHUYyM1BiCwvozXjYnUzV70MsLrmdHeuwc7AP6M1pTNVggvg26dRGuCPcLwocJVlHYvqWtVlXMEZCyJQ9Y3zwKqouOI04uO8fnKsUpYu8grmDccMwtbUzDYP5HhFqB3wYpyodE7lX5JU3qEUguRSkXO
Meta Ads Library,Zalando,1.28755E+15,ballzy,https://www.facebook.com/ads/archive/render_ad/?id=1287545812856877&access_token=EAATnrmoQyC4BQptmsbNRdpMvgWhT9ZCeeMMlHDkxMXfJ2nK6fMZAk2p9lKk0ofSe3VJBPuz92dPfwiAVjmS2ZCoS7xLFsfFcl3R0EZAhf5ct7tPBlrxE7lxNtKKSRD4BlK1MAuYA7zjMuXKiS0o7eOkkQsTbvvT0TMpX7WoMajScg9PKRZBs3m5KGt4Um9A8HstpDdQRr
Meta Ads Library,Zalando,1.47709E+15,ballzy,https://www.facebook.com/ads/archive/render_ad/?id=1477085673447749&access_token=EAATnrmoQyC4BQptmsbNRdpMvgWhT9ZCeeMMlHDkxMXfJ2nK6fMZAk2p9lKk0ofSe3VJBPuz92dPfwiAVjmS2ZCoS7xLFsfFcl3R0EZAhf5ct7tPBlrxE7lxNtKKSRD4BlK1MAuYA7zjMuXKiS0o7eOkkQsTbvvT0TMpX7WoMajScg9PKRZBs3m5KGt4Um9A8HstpDdQRr
Meta Ads Library,Zalando,1.69427E+15,ballzy,https://www.facebook.com/ads/archive/render_ad/?id=1694267277949527&access_token=EAATnrmoQyC4BQptmsbNRdpMvgWhT9ZCeeMMlHDkxMXfJ2nK6fMZAk2p9lKk0ofSe3VJBPuz92dPfwiAVjmS2ZCoS7xLFsfFcl3R0EZAhf5ct7tPBlrxE7lxNtKKSRD4BlK1MAuYA7zjMuXKiS0o7eOkkQsTbvvT0TMpX7WoMajScg9PKRZBs3m5KGt4Um9A8HstpDdQRr
Meta Ads Library,Zalando,1.9884E+15,ballzy,https://www.facebook.com/ads/archive/render_ad/?id=1988399531933380&access_token=EAATnrmoQyC4BQptmsbNRdpMvgWhT9ZCeeMMlHDkxMXfJ2nK6fMZAk2p9lKk0ofSe3VJBPuz92dPfwiAVjmS2ZCoS7xLFsfFcl3R0EZAhf5ct7tPBlrxE7lxNtKKSRD4BlK1MAuYA7zjMuXKiS0o7eOkkQsTbvvT0TMpX7WoMajScg9PKRZBs3m5KGt4Um9A8HstpDdQRr
Meta Ads Library,Zalando,2.39896E+16,ballzy,https://www.facebook.com/ads/archive/render_ad/?id=23989593164072944&access_token=EAATnrmoQyC4BQptmsbNRdpMvgWhT9ZCeeMMlHDkxMXfJ2nK6fMZAk2p9lKk0ofSe3VJBPuz92dPfwiAVjmS2ZCoS7xLFsfFcl3R0EZAhf5ct7tPBlrxE7lxNtKKSRD4BlK1MAuYA7zjMuXKiS0o7eOkkQsTbvvT0TMpX7WoMajScg9PKRZBs3m5KGt4Um9A8HstpDdQRr
Meta Ads Library,Zalando,7.22234E+14,ballzy,https://www.facebook.com/ads/archive/render_ad/?id=722234149863397&access_token=EAATnrmoQyC4BOyPI2UlrqFMQKk5vv6XeANCnonDt4Ho3GPZCm24pBF6XxsSP0Qh3kIdZCuPUtE6BvZBSuq1WwOhhHeZC7dnXLq9u3XRiPfzaTxZBalwm2gvQPVjbAEyHImZBEa9uHUj8yB0OSaDuDsgTaLPYzvCZCd5fnGkOLIjhAkfnRyK2nOmUnAFTlG8Ujgl
Meta Ads Library,Zalando,6.93228E+14,ballzy,https://www.facebook.com/ads/archive/render_ad/?id=693228216318278&access_token=EAATnrmoQyC4BOyPI2UlrqFMQKk5vv6XeANCnonDt4Ho3GPZCm24pBF6XxsSP0Qh3kIdZCuPUtE6BvZBSuq1WwOhhHeZC7dnXLq9u3XRiPfzaTxZBalwm2gvQPVjbAEyHImZBEa9uHUj8yB0OSaDuDsgTaLPYzvCZCd5fnGkOLIjhAkfnRyK2nOmUnAFTlG8Ujgl
Meta Ads Library,Zalando,8.06378E+14,ballzy,https://www.facebook.com/ads/archive/render_ad/?id=806377584460568&access_token=EAATnrmoQyC4BOyPI2UlrqFMQKk5vv6XeANCnonDt4Ho3GPZCm24pBF6XxsSP0Qh3kIdZCuPUtE6BvZBSuq1WwOhhHeZC7dnXLq9u3XRiPfzaTxZBalwm2gvQPVjbAEyHImZBEa9uHUj8yB0OSaDuDsgTaLPYzvCZCd5fnGkOLIjhAkfnRyK2nOmUnAFTlG8Ujgl
Meta Ads Library,Zalando,1.04831E+15,ballzy,https://www.facebook.com/ads/archive/render_ad/?id=1048313813466029&access_token=EAATnrmoQyC4BOyPI2UlrqFMQKk5vv6XeANCnonDt4Ho3GPZCm24pBF6XxsSP0Qh3kIdZCuPUtE6BvZBSuq1WwOhhHeZC7dnXLq9u3XRiPfzaTxZBalwm2gvQPVjbAEyHImZBEa9uHUj8yB0OSaDuDsgTaLPYzvCZCd5fnGkOLIjhAkfnRyK2nOmUnAFTlG8Ujgl
Meta Ads Library,Zalando,1.16508E+15,ballzy,https://www.facebook.com/ads/archive/render_ad/?id=1165080224568065&access_token=EAATnrmoQyC4BOyPI2UlrqFMQKk5vv6XeANCnonDt4Ho3GPZCm24pBF6XxsSP0Qh3kIdZCuPUtE6BvZBSuq1WwOhhHeZC7dnXLq9u3XRiPfzaTxZBalwm2gvQPVjbAEyHImZBEa9uHUj8yB0OSaDuDsgTaLPYzvCZCd5fnGkOLIjhAkfnRyK2nOmUnAFTlG8Ujgl
Meta Ads Library,Zalando,3.76384E+14,ballzy,https://www.facebook.com/ads/archive/render_ad/?id=376384358870744&access_token=EAATnrmoQyC4BOyPI2UlrqFMQKk5vv6XeANCnonDt4Ho3GPZCm24pBF6XxsSP0Qh3kIdZCuPUtE6BvZBSuq1WwOhhHeZC7dnXLq9u3XRiPfzaTxZBalwm2gvQPVjbAEyHImZBEa9uHUj8yB0OSaDuDsgTaLPYzvCZCd5fnGkOLIjhAkfnRyK2nOmUnAFTlG8Ujgl
Meta Ads Library,Zalando,8.87637E+14,ballzy,https://www.facebook.com/ads/archive/render_ad/?id=887637199438784&access_token=EAATnrmoQyC4BOyPI2UlrqFMQKk5vv6XeANCnonDt4Ho3GPZCm24pBF6XxsSP0Qh3kIdZCuPUtE6BvZBSuq1WwOhhHeZC7dnXLq9u3XRiPfzaTxZBalwm2gvQPVjbAEyHImZBEa9uHUj8yB0OSaDuDsgTaLPYzvCZCd5fnGkOLIjhAkfnRyK2nOmUnAFTlG8Ujgl
Meta Ads Library,Zalando,1.344E+15,ballzy,https://www.facebook.com/ads/archive/render_ad/?id=1344002843782612&access_token=EAATnrmoQyC4BQptmsbNRdpMvgWhT9ZCeeMMlHDkxMXfJ2nK6fMZAk2p9lKk0ofSe3VJBPuz92dPfwiAVjmS2ZCoS7xLFsfFcl3R0EZAhf5ct7tPBlrxE7lxNtKKSRD4BlK1MAuYA7zjMuXKiS0o7eOkkQsTbvvT0TMpX7WoMajScg9PKRZBs3m5KGt4Um9A8HstpDdQRr
Meta Ads Library,Zalando,1.10116E+15,ballzy,https://www.facebook.com/ads/archive/render_ad/?id=1101160611164299&access_token=EAATnrmoQyC4BO5erfu0T8wppuuMsqCZCnReXzEYpZAE2SuHMabkeRUXfkbCAdlN6QqZADLZAC3kW4zSBZAUYvrEe5WEyxqd6tPkCitApLgaiLpJyZAFbsttB4ePIsz7s9dCXObDRZBE4zZCfVDCOaDzwBajqvt8tZCLyglNfHAVFymweyRxgxwtmq6IHSiwo9Nmvr3dPAXdXF
Meta Ads Library,Zalando,1.38442E+15,ballzy,https://www.facebook.com/ads/archive/render_ad/?id=1384418482701697&access_token=EAATnrmoQyC4BPMzpZA4IBb0SXjMybbBaZAh3iKJFNiqBkucCvHUYyM1BiCwvozXjYnUzV70MsLrmdHeuwc7AP6M1pTNVggvg26dRGuCPcLwocJVlHYvqWtVlXMEZCyJQ9Y3zwKqouOI04uO8fnKsUpYu8grmDccMwtbUzDYP5HhFqB3wYpyodE7lX5JU3qEUguRSkXO
Meta Ads Library,Zalando,5.47634E+14,ballzy,https://www.facebook.com/ads/archive/render_ad/?id=547633981562820&access_token=EAATnrmoQyC4BOyPI2UlrqFMQKk5vv6XeANCnonDt4Ho3GPZCm24pBF6XxsSP0Qh3kIdZCuPUtE6BvZBSuq1WwOhhHeZC7dnXLq9u3XRiPfzaTxZBalwm2gvQPVjbAEyHImZBEa9uHUj8yB0OSaDuDsgTaLPYzvCZCd5fnGkOLIjhAkfnRyK2nOmUnAFTlG8Ujgl
Meta Ads Library,Zalando,1.74245E+15,ballzy,https://www.facebook.com/ads/archive/render_ad/?id=1742447646604534&access_token=EAATnrmoQyC4BQptmsbNRdpMvgWhT9ZCeeMMlHDkxMXfJ2nK6fMZAk2p9lKk0ofSe3VJBPuz92dPfwiAVjmS2ZCoS7xLFsfFcl3R0EZAhf5ct7tPBlrxE7lxNtKKSRD4BlK1MAuYA7zjMuXKiS0o7eOkkQsTbvvT0TMpX7WoMajScg9PKRZBs3m5KGt4Um9A8HstpDdQRr
Meta Ads Library,Zalando,8.89653E+14,ballzy,https://www.facebook.com/ads/archive/render_ad/?id=889652707562491&access_token=EAATnrmoQyC4BQptmsbNRdpMvgWhT9ZCeeMMlHDkxMXfJ2nK6fMZAk2p9lKk0ofSe3VJBPuz92dPfwiAVjmS2ZCoS7xLFsfFcl3R0EZAhf5ct7tPBlrxE7lxNtKKSRD4BlK1MAuYA7zjMuXKiS0o7eOkkQsTbvvT0TMpX7WoMajScg9PKRZBs3m5KGt4Um9A8HstpDdQRr
Meta Ads Library,Zalando,1.39078E+15,ballzy,https://www.facebook.com/ads/archive/render_ad/?id=1390784819123227&access_token=EAATnrmoQyC4BQptmsbNRdpMvgWhT9ZCeeMMlHDkxMXfJ2nK6fMZAk2p9lKk0ofSe3VJBPuz92dPfwiAVjmS2ZCoS7xLFsfFcl3R0EZAhf5ct7tPBlrxE7lxNtKKSRD4BlK1MAuYA7zjMuXKiS0o7eOkkQsTbvvT0TMpX7WoMajScg9PKRZBs3m5KGt4Um9A8HstpDdQRr
Meta Ads Library,Zalando,1.83068E+15,ballzy,https://www.facebook.com/ads/archive/render_ad/?id=1830684994394652&access_token=EAATnrmoQyC4BQptmsbNRdpMvgWhT9ZCeeMMlHDkxMXfJ2nK6fMZAk2p9lKk0ofSe3VJBPuz92dPfwiAVjmS2ZCoS7xLFsfFcl3R0EZAhf5ct7tPBlrxE7lxNtKKSRD4BlK1MAuYA7zjMuXKiS0o7eOkkQsTbvvT0TMpX7WoMajScg9PKRZBs3m5KGt4Um9A8HstpDdQRr
Meta Ads Library,Zalando,2.95433E+16,ballzy,https://www.facebook.com/ads/archive/render_ad/?id=29543308865316297&access_token=EAATnrmoQyC4BQptmsbNRdpMvgWhT9ZCeeMMlHDkxMXfJ2nK6fMZAk2p9lKk0ofSe3VJBPuz92dPfwiAVjmS2ZCoS7xLFsfFcl3R0EZAhf5ct7tPBlrxE7lxNtKKSRD4BlK1MAuYA7zjMuXKiS0o7eOkkQsTbvvT0TMpX7WoMajScg9PKRZBs3m5KGt4Um9A8HstpDdQRr
Meta Ads Library,Zalando,5.81455E+14,ballzy,https://www.facebook.com/ads/archive/render_ad/?id=581455307858239&access_token=EAATnrmoQyC4BQptmsbNRdpMvgWhT9ZCeeMMlHDkxMXfJ2nK6fMZAk2p9lKk0ofSe3VJBPuz92dPfwiAVjmS2ZCoS7xLFsfFcl3R0EZAhf5ct7tPBlrxE7lxNtKKSRD4BlK1MAuYA7zjMuXKiS0o7eOkkQsTbvvT0TMpX7WoMajScg9PKRZBs3m5KGt4Um9A8HstpDdQRr
Meta Ads Library,Zalando,7.10137E+14,ballzy,https://www.facebook.com/ads/archive/render_ad/?id=710136687856374&access_token=EAATnrmoQyC4BOyPI2UlrqFMQKk5vv6XeANCnonDt4Ho3GPZCm24pBF6XxsSP0Qh3kIdZCuPUtE6BvZBSuq1WwOhhHeZC7dnXLq9u3XRiPfzaTxZBalwm2gvQPVjbAEyHImZBEa9uHUj8yB0OSaDuDsgTaLPYzvCZCd5fnGkOLIjhAkfnRyK2nOmUnAFTlG8Ujgl
Meta Ads Library,Zalando,4.26781E+14,ballzy,https://www.facebook.com/ads/archive/render_ad/?id=426781170265428&access_token=EAATnrmoQyC4BPMzpZA4IBb0SXjMybbBaZAh3iKJFNiqBkucCvHUYyM1BiCwvozXjYnUzV70MsLrmdHeuwc7AP6M1pTNVggvg26dRGuCPcLwocJVlHYvqWtVlXMEZCyJQ9Y3zwKqouOI04uO8fnKsUpYu8grmDccMwtbUzDYP5HhFqB3wYpyodE7lX5JU3qEUguRSkXO
Meta Ads Library,Zalando,7.05715E+14,ballzy,https://www.facebook.com/ads/archive/render_ad/?id=705715388933089&access_token=EAATnrmoQyC4BQptmsbNRdpMvgWhT9ZCeeMMlHDkxMXfJ2nK6fMZAk2p9lKk0ofSe3VJBPuz92dPfwiAVjmS2ZCoS7xLFsfFcl3R0EZAhf5ct7tPBlrxE7lxNtKKSRD4BlK1MAuYA7zjMuXKiS0o7eOkkQsTbvvT0TMpX7WoMajScg9PKRZBs3m5KGt4Um9A8HstpDdQRr
Meta Ads Library,Zalando,1.19261E+15,ballzy,https://www.facebook.com/ads/archive/render_ad/?id=1192612591968474&access_token=EAATnrmoQyC4BOyPI2UlrqFMQKk5vv6XeANCnonDt4Ho3GPZCm24pBF6XxsSP0Qh3kIdZCuPUtE6BvZBSuq1WwOhhHeZC7dnXLq9u3XRiPfzaTxZBalwm2gvQPVjbAEyHImZBEa9uHUj8yB0OSaDuDsgTaLPYzvCZCd5fnGkOLIjhAkfnRyK2nOmUnAFTlG8Ujgl
Meta Ads Library,Zalando,1.28443E+15,ballzy,https://www.facebook.com/ads/archive/render_ad/?id=1284426839386901&access_token=EAATnrmoQyC4BOyPI2UlrqFMQKk5vv6XeANCnonDt4Ho3GPZCm24pBF6XxsSP0Qh3kIdZCuPUtE6BvZBSuq1WwOhhHeZC7dnXLq9u3XRiPfzaTxZBalwm2gvQPVjbAEyHImZBEa9uHUj8yB0OSaDuDsgTaLPYzvCZCd5fnGkOLIjhAkfnRyK2nOmUnAFTlG8Ujgl
Meta Ads Library,Zalando,1.44867E+15,ballzy,https://www.facebook.com/ads/archive/render_ad/?id=1448673532489360&access_token=EAATnrmoQyC4BOyPI2UlrqFMQKk5vv6XeANCnonDt4Ho3GPZCm24pBF6XxsSP0Qh3kIdZCuPUtE6BvZBSuq1WwOhhHeZC7dnXLq9u3XRiPfzaTxZBalwm2gvQPVjbAEyHImZBEa9uHUj8yB0OSaDuDsgTaLPYzvCZCd5fnGkOLIjhAkfnRyK2nOmUnAFTlG8Ujgl
Meta Ads Library,Zalando,5.11856E+14,ballzy,https://www.facebook.com/ads/archive/render_ad/?id=511856201733065&access_token=EAATnrmoQyC4BOyPI2UlrqFMQKk5vv6XeANCnonDt4Ho3GPZCm24pBF6XxsSP0Qh3kIdZCuPUtE6BvZBSuq1WwOhhHeZC7dnXLq9u3XRiPfzaTxZBalwm2gvQPVjbAEyHImZBEa9uHUj8yB0OSaDuDsgTaLPYzvCZCd5fnGkOLIjhAkfnRyK2nOmUnAFTlG8Ujgl
Meta Ads Library,Zalando,5.12586E+14,ballzy,https://www.facebook.com/ads/archive/render_ad/?id=512585504724834&access_token=EAATnrmoQyC4BOyPI2UlrqFMQKk5vv6XeANCnonDt4Ho3GPZCm24pBF6XxsSP0Qh3kIdZCuPUtE6BvZBSuq1WwOhhHeZC7dnXLq9u3XRiPfzaTxZBalwm2gvQPVjbAEyHImZBEa9uHUj8yB0OSaDuDsgTaLPYzvCZCd5fnGkOLIjhAkfnRyK2nOmUnAFTlG8Ujgl
Meta Ads Library,Zalando,5.23261E+14,ballzy,https://www.facebook.com/ads/archive/render_ad/?id=523261133786786&access_token=EAATnrmoQyC4BOyPI2UlrqFMQKk5vv6XeANCnonDt4Ho3GPZCm24pBF6XxsSP0Qh3kIdZCuPUtE6BvZBSuq1WwOhhHeZC7dnXLq9u3XRiPfzaTxZBalwm2gvQPVjbAEyHImZBEa9uHUj8yB0OSaDuDsgTaLPYzvCZCd5fnGkOLIjhAkfnRyK2nOmUnAFTlG8Ujgl
Meta Ads Library,Zalando,2.57821E+16,ballzy,https://www.facebook.com/ads/archive/render_ad/?id=25782057641454223&access_token=EAATnrmoQyC4BQptmsbNRdpMvgWhT9ZCeeMMlHDkxMXfJ2nK6fMZAk2p9lKk0ofSe3VJBPuz92dPfwiAVjmS2ZCoS7xLFsfFcl3R0EZAhf5ct7tPBlrxE7lxNtKKSRD4BlK1MAuYA7zjMuXKiS0o7eOkkQsTbvvT0TMpX7WoMajScg9PKRZBs3m5KGt4Um9A8HstpDdQRr
Meta Ads Library,Zalando,4.13768E+15,ballzy,https://www.facebook.com/ads/archive/render_ad/?id=4137683039711141&access_token=EAATnrmoQyC4BQptmsbNRdpMvgWhT9ZCeeMMlHDkxMXfJ2nK6fMZAk2p9lKk0ofSe3VJBPuz92dPfwiAVjmS2ZCoS7xLFsfFcl3R0EZAhf5ct7tPBlrxE7lxNtKKSRD4BlK1MAuYA7zjMuXKiS0o7eOkkQsTbvvT0TMpX7WoMajScg9PKRZBs3m5KGt4Um9A8HstpDdQRr
Meta Ads Library,Zalando,7.7335E+14,ballzy,https://www.facebook.com/ads/archive/render_ad/?id=773349982387157&access_token=EAATnrmoQyC4BQptmsbNRdpMvgWhT9ZCeeMMlHDkxMXfJ2nK6fMZAk2p9lKk0ofSe3VJBPuz92dPfwiAVjmS2ZCoS7xLFsfFcl3R0EZAhf5ct7tPBlrxE7lxNtKKSRD4BlK1MAuYA7zjMuXKiS0o7eOkkQsTbvvT0TMpX7WoMajScg9PKRZBs3m5KGt4Um9A8HstpDdQRr
Meta Ads Library,Zalando,1.60142E+15,ballzy,https://www.facebook.com/ads/archive/render_ad/?id=1601416487122851&access_token=EAATnrmoQyC4BOyPI2UlrqFMQKk5vv6XeANCnonDt4Ho3GPZCm24pBF6XxsSP0Qh3kIdZCuPUtE6BvZBSuq1WwOhhHeZC7dnXLq9u3XRiPfzaTxZBalwm2gvQPVjbAEyHImZBEa9uHUj8yB0OSaDuDsgTaLPYzvCZCd5fnGkOLIjhAkfnRyK2nOmUnAFTlG8Ujgl
Meta Ads Library,Zalando,1.99854E+15,ballzy,https://www.facebook.com/ads/archive/render_ad/?id=1998535633996352&access_token=EAATnrmoQyC4BOyPI2UlrqFMQKk5vv6XeANCnonDt4Ho3GPZCm24pBF6XxsSP0Qh3kIdZCuPUtE6BvZBSuq1WwOhhHeZC7dnXLq9u3XRiPfzaTxZBalwm2gvQPVjbAEyHImZBEa9uHUj8yB0OSaDuDsgTaLPYzvCZCd5fnGkOLIjhAkfnRyK2nOmUnAFTlG8Ujgl
Meta Ads Library,Zalando,4.27937E+14,ballzy,https://www.facebook.com/ads/archive/render_ad/?id=427937330321854&access_token=EAATnrmoQyC4BOyPI2UlrqFMQKk5vv6XeANCnonDt4Ho3GPZCm24pBF6XxsSP0Qh3kIdZCuPUtE6BvZBSuq1WwOhhHeZC7dnXLq9u3XRiPfzaTxZBalwm2gvQPVjbAEyHImZBEa9uHUj8yB0OSaDuDsgTaLPYzvCZCd5fnGkOLIjhAkfnRyK2nOmUnAFTlG8Ujgl
Meta Ads Library,Zalando,5.13107E+14,ballzy,https://www.facebook.com/ads/archive/render_ad/?id=513106824638539&access_token=EAATnrmoQyC4BOyPI2UlrqFMQKk5vv6XeANCnonDt4Ho3GPZCm24pBF6XxsSP0Qh3kIdZCuPUtE6BvZBSuq1WwOhhHeZC7dnXLq9u3XRiPfzaTxZBalwm2gvQPVjbAEyHImZBEa9uHUj8yB0OSaDuDsgTaLPYzvCZCd5fnGkOLIjhAkfnRyK2nOmUnAFTlG8Ujgl
Meta Ads Library,Zalando,5.38741E+14,ballzy,https://www.facebook.com/ads/archive/render_ad/?id=538741345272075&access_token=EAATnrmoQyC4BOyPI2UlrqFMQKk5vv6XeANCnonDt4Ho3GPZCm24pBF6XxsSP0Qh3kIdZCuPUtE6BvZBSuq1WwOhhHeZC7dnXLq9u3XRiPfzaTxZBalwm2gvQPVjbAEyHImZBEa9uHUj8yB0OSaDuDsgTaLPYzvCZCd5fnGkOLIjhAkfnRyK2nOmUnAFTlG8Ujgl
Meta Ads Library,Zalando,1.03232E+15,ballzy,https://www.facebook.com/ads/archive/render_ad/?id=1032319001969834&access_token=EAATnrmoQyC4BOyPI2UlrqFMQKk5vv6XeANCnonDt4Ho3GPZCm24pBF6XxsSP0Qh3kIdZCuPUtE6BvZBSuq1WwOhhHeZC7dnXLq9u3XRiPfzaTxZBalwm2gvQPVjbAEyHImZBEa9uHUj8yB0OSaDuDsgTaLPYzvCZCd5fnGkOLIjhAkfnRyK2nOmUnAFTlG8Ujgl
Meta Ads Library,Zalando,1.05601E+15,ballzy,https://www.facebook.com/ads/archive/render_ad/?id=1056006126201409&access_token=EAATnrmoQyC4BOyPI2UlrqFMQKk5vv6XeANCnonDt4Ho3GPZCm24pBF6XxsSP0Qh3kIdZCuPUtE6BvZBSuq1WwOhhHeZC7dnXLq9u3XRiPfzaTxZBalwm2gvQPVjbAEyHImZBEa9uHUj8yB0OSaDuDsgTaLPYzvCZCd5fnGkOLIjhAkfnRyK2nOmUnAFTlG8Ujgl
Meta Ads Library,Zalando,1.07174E+15,ballzy,https://www.facebook.com/ads/archive/render_ad/?id=1071739421221247&access_token=EAATnrmoQyC4BOyPI2UlrqFMQKk5vv6XeANCnonDt4Ho3GPZCm24pBF6XxsSP0Qh3kIdZCuPUtE6BvZBSuq1WwOhhHeZC7dnXLq9u3XRiPfzaTxZBalwm2gvQPVjbAEyHImZBEa9uHUj8yB0OSaDuDsgTaLPYzvCZCd5fnGkOLIjhAkfnRyK2nOmUnAFTlG8Ujgl
Meta Ads Library,Zalando,3.70166E+15,ballzy,https://www.facebook.com/ads/archive/render_ad/?id=3701655146830734&access_token=EAATnrmoQyC4BOyPI2UlrqFMQKk5vv6XeANCnonDt4Ho3GPZCm24pBF6XxsSP0Qh3kIdZCuPUtE6BvZBSuq1WwOhhHeZC7dnXLq9u3XRiPfzaTxZBalwm2gvQPVjbAEyHImZBEa9uHUj8yB0OSaDuDsgTaLPYzvCZCd5fnGkOLIjhAkfnRyK2nOmUnAFTlG8Ujgl
Meta Ads Library,Zalando,1.21854E+15,ballzy,https://www.facebook.com/ads/archive/render_ad/?id=1218540999265802&access_token=EAATnrmoQyC4BOyPI2UlrqFMQKk5vv6XeANCnonDt4Ho3GPZCm24pBF6XxsSP0Qh3kIdZCuPUtE6BvZBSuq1WwOhhHeZC7dnXLq9u3XRiPfzaTxZBalwm2gvQPVjbAEyHImZBEa9uHUj8yB0OSaDuDsgTaLPYzvCZCd5fnGkOLIjhAkfnRyK2nOmUnAFTlG8Ujgl
Meta Ads Library,Zalando,4.09217E+14,ballzy,https://www.facebook.com/ads/archive/render_ad/?id=409217148547483&access_token=EAATnrmoQyC4BOyPI2UlrqFMQKk5vv6XeANCnonDt4Ho3GPZCm24pBF6XxsSP0Qh3kIdZCuPUtE6BvZBSuq1WwOhhHeZC7dnXLq9u3XRiPfzaTxZBalwm2gvQPVjbAEyHImZBEa9uHUj8yB0OSaDuDsgTaLPYzvCZCd5fnGkOLIjhAkfnRyK2nOmUnAFTlG8Ujgl
Meta Ads Library,Zalando,1.51318E+15,ballzy,https://www.facebook.com/ads/archive/render_ad/?id=1513183726257611&access_token=EAATnrmoQyC4BOyPI2UlrqFMQKk5vv6XeANCnonDt4Ho3GPZCm24pBF6XxsSP0Qh3kIdZCuPUtE6BvZBSuq1WwOhhHeZC7dnXLq9u3XRiPfzaTxZBalwm2gvQPVjbAEyHImZBEa9uHUj8yB0OSaDuDsgTaLPYzvCZCd5fnGkOLIjhAkfnRyK2nOmUnAFTlG8Ujgl
Meta Ads Library,Zalando,1.21406E+15,ballzy,https://www.facebook.com/ads/archive/render_ad/?id=1214056072995660&access_token=EAATnrmoQyC4BO5erfu0T8wppuuMsqCZCnReXzEYpZAE2SuHMabkeRUXfkbCAdlN6QqZADLZAC3kW4zSBZAUYvrEe5WEyxqd6tPkCitApLgaiLpJyZAFbsttB4ePIsz7s9dCXObDRZBE4zZCfVDCOaDzwBajqvt8tZCLyglNfHAVFymweyRxgxwtmq6IHSiwo9Nmvr3dPAXdXF
Meta Ads Library,Zalando,1.96616E+15,ballzy,https://www.facebook.com/ads/archive/render_ad/?id=1966156013885421&access_token=EAATnrmoQyC4BO5erfu0T8wppuuMsqCZCnReXzEYpZAE2SuHMabkeRUXfkbCAdlN6QqZADLZAC3kW4zSBZAUYvrEe5WEyxqd6tPkCitApLgaiLpJyZAFbsttB4ePIsz7s9dCXObDRZBE4zZCfVDCOaDzwBajqvt8tZCLyglNfHAVFymweyRxgxwtmq6IHSiwo9Nmvr3dPAXdXF
Meta Ads Library,Zalando,8.0008E+14,ballzy,https://www.facebook.com/ads/archive/render_ad/?id=800080185577194&access_token=EAATnrmoQyC4BO5erfu0T8wppuuMsqCZCnReXzEYpZAE2SuHMabkeRUXfkbCAdlN6QqZADLZAC3kW4zSBZAUYvrEe5WEyxqd6tPkCitApLgaiLpJyZAFbsttB4ePIsz7s9dCXObDRZBE4zZCfVDCOaDzwBajqvt8tZCLyglNfHAVFymweyRxgxwtmq6IHSiwo9Nmvr3dPAXdXF
Meta Ads Library,Zalando,1.58883E+15,ballzy,https://www.facebook.com/ads/archive/render_ad/?id=1588833688390209&access_token=EAATnrmoQyC4BO5erfu0T8wppuuMsqCZCnReXzEYpZAE2SuHMabkeRUXfkbCAdlN6QqZADLZAC3kW4zSBZAUYvrEe5WEyxqd6tPkCitApLgaiLpJyZAFbsttB4ePIsz7s9dCXObDRZBE4zZCfVDCOaDzwBajqvt8tZCLyglNfHAVFymweyRxgxwtmq6IHSiwo9Nmvr3dPAXdXF
Meta Ads Library,Zalando,5.64425E+14,ballzy,https://www.facebook.com/ads/archive/render_ad/?id=564425342803847&access_token=EAATnrmoQyC4BQPVFaEdvyWfH85nc9J1azy5Q3EZCsaaFpLOAG9mEhR1mfp8tmZAxRmBf2IRN553VRRdSaWWJUedu3OFNvLi6Jf9yHmQkSryfa7HC1lnTHUoDGLJFXNS38IeFpk3ZBBnLtpERHKOgzlznywHZAnzlGFoqmGcIcZBTiOgc4ybEkN3braKPoQgJuFpHi7zrs
Meta Ads Library,Zalando,7.68295E+14,ballzy,https://www.facebook.com/ads/archive/render_ad/?id=768295145517793&access_token=EAATnrmoQyC4BOyPI2UlrqFMQKk5vv6XeANCnonDt4Ho3GPZCm24pBF6XxsSP0Qh3kIdZCuPUtE6BvZBSuq1WwOhhHeZC7dnXLq9u3XRiPfzaTxZBalwm2gvQPVjbAEyHImZBEa9uHUj8yB0OSaDuDsgTaLPYzvCZCd5fnGkOLIjhAkfnRyK2nOmUnAFTlG8Ujgl
Meta Ads Library,Zalando,1.01807E+15,ballzy,https://www.facebook.com/ads/archive/render_ad/?id=1018065833328654&access_token=EAATnrmoQyC4BOyPI2UlrqFMQKk5vv6XeANCnonDt4Ho3GPZCm24pBF6XxsSP0Qh3kIdZCuPUtE6BvZBSuq1WwOhhHeZC7dnXLq9u3XRiPfzaTxZBalwm2gvQPVjbAEyHImZBEa9uHUj8yB0OSaDuDsgTaLPYzvCZCd5fnGkOLIjhAkfnRyK2nOmUnAFTlG8Ujgl
Meta Ads Library,Zalando,1.04362E+15,ballzy,https://www.facebook.com/ads/archive/render_ad/?id=1043622833892055&access_token=EAATnrmoQyC4BOyPI2UlrqFMQKk5vv6XeANCnonDt4Ho3GPZCm24pBF6XxsSP0Qh3kIdZCuPUtE6BvZBSuq1WwOhhHeZC7dnXLq9u3XRiPfzaTxZBalwm2gvQPVjbAEyHImZBEa9uHUj8yB0OSaDuDsgTaLPYzvCZCd5fnGkOLIjhAkfnRyK2nOmUnAFTlG8Ujgl
Meta Ads Library,Zalando,3.42284E+15,ballzy,https://www.facebook.com/ads/archive/render_ad/?id=3422839321349281&access_token=EAATnrmoQyC4BOyPI2UlrqFMQKk5vv6XeANCnonDt4Ho3GPZCm24pBF6XxsSP0Qh3kIdZCuPUtE6BvZBSuq1WwOhhHeZC7dnXLq9u3XRiPfzaTxZBalwm2gvQPVjbAEyHImZBEa9uHUj8yB0OSaDuDsgTaLPYzvCZCd5fnGkOLIjhAkfnRyK2nOmUnAFTlG8Ujgl
Meta Ads Library,Zalando,8.62908E+14,ballzy,https://www.facebook.com/ads/archive/render_ad/?id=862908341869422&access_token=EAATnrmoQyC4BOyPI2UlrqFMQKk5vv6XeANCnonDt4Ho3GPZCm24pBF6XxsSP0Qh3kIdZCuPUtE6BvZBSuq1WwOhhHeZC7dnXLq9u3XRiPfzaTxZBalwm2gvQPVjbAEyHImZBEa9uHUj8yB0OSaDuDsgTaLPYzvCZCd5fnGkOLIjhAkfnRyK2nOmUnAFTlG8Ujgl
Meta Ads Library,Zalando,4.58829E+14,ballzy,https://www.facebook.com/ads/archive/render_ad/?id=458829467045773&access_token=EAATnrmoQyC4BOyPI2UlrqFMQKk5vv6XeANCnonDt4Ho3GPZCm24pBF6XxsSP0Qh3kIdZCuPUtE6BvZBSuq1WwOhhHeZC7dnXLq9u3XRiPfzaTxZBalwm2gvQPVjbAEyHImZBEa9uHUj8yB0OSaDuDsgTaLPYzvCZCd5fnGkOLIjhAkfnRyK2nOmUnAFTlG8Ujgl
Meta Ads Library,Zalando,8.2193E+14,ballzy,https://www.facebook.com/ads/archive/render_ad/?id=821930403343344&access_token=EAATnrmoQyC4BOyPI2UlrqFMQKk5vv6XeANCnonDt4Ho3GPZCm24pBF6XxsSP0Qh3kIdZCuPUtE6BvZBSuq1WwOhhHeZC7dnXLq9u3XRiPfzaTxZBalwm2gvQPVjbAEyHImZBEa9uHUj8yB0OSaDuDsgTaLPYzvCZCd5fnGkOLIjhAkfnRyK2nOmUnAFTlG8Ujgl
Meta Ads Library,Zalando,7.54254E+14,ballzy,https://www.facebook.com/ads/archive/render_ad/?id=754254166905608&access_token=EAATnrmoQyC4BOyPI2UlrqFMQKk5vv6XeANCnonDt4Ho3GPZCm24pBF6XxsSP0Qh3kIdZCuPUtE6BvZBSuq1WwOhhHeZC7dnXLq9u3XRiPfzaTxZBalwm2gvQPVjbAEyHImZBEa9uHUj8yB0OSaDuDsgTaLPYzvCZCd5fnGkOLIjhAkfnRyK2nOmUnAFTlG8Ujgl
Meta Ads Library,Zalando,8.87092E+14,ballzy,https://www.facebook.com/ads/archive/render_ad/?id=887092069909701&access_token=EAATnrmoQyC4BOyPI2UlrqFMQKk5vv6XeANCnonDt4Ho3GPZCm24pBF6XxsSP0Qh3kIdZCuPUtE6BvZBSuq1WwOhhHeZC7dnXLq9u3XRiPfzaTxZBalwm2gvQPVjbAEyHImZBEa9uHUj8yB0OSaDuDsgTaLPYzvCZCd5fnGkOLIjhAkfnRyK2nOmUnAFTlG8Ujgl
Meta Ads Library,Zalando,1.43335E+15,ballzy,https://www.facebook.com/ads/archive/render_ad/?id=1433347023978815&access_token=EAATnrmoQyC4BOyPI2UlrqFMQKk5vv6XeANCnonDt4Ho3GPZCm24pBF6XxsSP0Qh3kIdZCuPUtE6BvZBSuq1WwOhhHeZC7dnXLq9u3XRiPfzaTxZBalwm2gvQPVjbAEyHImZBEa9uHUj8yB0OSaDuDsgTaLPYzvCZCd5fnGkOLIjhAkfnRyK2nOmUnAFTlG8Ujgl
Meta Ads Library,Zalando,1.29876E+15,ballzy,https://www.facebook.com/ads/archive/render_ad/?id=1298759795261813&access_token=EAATnrmoQyC4BPs1GFkdV11JnEwK18Y8SLMH9XxyP1QZA12GZBXpFNXt4CEn7HUJVZAYL5pFEXRSZCIdgVqP5T08KTd8pQGXvNZCam0j0PqoRFCsskhbBt4ZAXMXFOpa0ECGYHZA8NTLdIW8Nry28X4W5VJDVRVvrn9v1R3X8HFx4OAx1POcTnhYscXKCiQv7yFEdGdyRtLU
Meta Ads Library,Zalando,7.77061E+14,ballzy,https://www.facebook.com/ads/archive/render_ad/?id=777060974701561&access_token=EAATnrmoQyC4BQPVFaEdvyWfH85nc9J1azy5Q3EZCsaaFpLOAG9mEhR1mfp8tmZAxRmBf2IRN553VRRdSaWWJUedu3OFNvLi6Jf9yHmQkSryfa7HC1lnTHUoDGLJFXNS38IeFpk3ZBBnLtpERHKOgzlznywHZAnzlGFoqmGcIcZBTiOgc4ybEkN3braKPoQgJuFpHi7zrs
Meta Ads Library,Zalando,7.92742E+14,ballzy,https://www.facebook.com/ads/archive/render_ad/?id=792741526556680&access_token=EAATnrmoQyC4BPs1GFkdV11JnEwK18Y8SLMH9XxyP1QZA12GZBXpFNXt4CEn7HUJVZAYL5pFEXRSZCIdgVqP5T08KTd8pQGXvNZCam0j0PqoRFCsskhbBt4ZAXMXFOpa0ECGYHZA8NTLdIW8Nry28X4W5VJDVRVvrn9v1R3X8HFx4OAx1POcTnhYscXKCiQv7yFEdGdyRtLU
Meta Ads Library,Zalando,1.14354E+15,ballzy,https://www.facebook.com/ads/archive/render_ad/?id=1143542714311589&access_token=EAATnrmoQyC4BPs1GFkdV11JnEwK18Y8SLMH9XxyP1QZA12GZBXpFNXt4CEn7HUJVZAYL5pFEXRSZCIdgVqP5T08KTd8pQGXvNZCam0j0PqoRFCsskhbBt4ZAXMXFOpa0ECGYHZA8NTLdIW8Nry28X4W5VJDVRVvrn9v1R3X8HFx4OAx1POcTnhYscXKCiQv7yFEdGdyRtLU
Meta Ads Library,Zalando,1.33541E+15,ballzy,https://www.facebook.com/ads/archive/render_ad/?id=1335408271463165&access_token=EAATnrmoQyC4BQptmsbNRdpMvgWhT9ZCeeMMlHDkxMXfJ2nK6fMZAk2p9lKk0ofSe3VJBPuz92dPfwiAVjmS2ZCoS7xLFsfFcl3R0EZAhf5ct7tPBlrxE7lxNtKKSRD4BlK1MAuYA7zjMuXKiS0o7eOkkQsTbvvT0TMpX7WoMajScg9PKRZBs3m5KGt4Um9A8HstpDdQRr
Meta Ads Library,Zalando,7.65894E+15,ballzy,https://www.facebook.com/ads/archive/render_ad/?id=7658935914217278&access_token=EAATnrmoQyC4BOyPI2UlrqFMQKk5vv6XeANCnonDt4Ho3GPZCm24pBF6XxsSP0Qh3kIdZCuPUtE6BvZBSuq1WwOhhHeZC7dnXLq9u3XRiPfzaTxZBalwm2gvQPVjbAEyHImZBEa9uHUj8yB0OSaDuDsgTaLPYzvCZCd5fnGkOLIjhAkfnRyK2nOmUnAFTlG8Ujgl
Meta Ads Library,Zalando,8.36173E+14,ballzy,https://www.facebook.com/ads/archive/render_ad/?id=836173011482532&access_token=EAATnrmoQyC4BOyPI2UlrqFMQKk5vv6XeANCnonDt4Ho3GPZCm24pBF6XxsSP0Qh3kIdZCuPUtE6BvZBSuq1WwOhhHeZC7dnXLq9u3XRiPfzaTxZBalwm2gvQPVjbAEyHImZBEa9uHUj8yB0OSaDuDsgTaLPYzvCZCd5fnGkOLIjhAkfnRyK2nOmUnAFTlG8Ujgl
Meta Ads Library,Zalando,1.65018E+15,ballzy,https://www.facebook.com/ads/archive/render_ad/?id=1650183985556909&access_token=EAATnrmoQyC4BOyPI2UlrqFMQKk5vv6XeANCnonDt4Ho3GPZCm24pBF6XxsSP0Qh3kIdZCuPUtE6BvZBSuq1WwOhhHeZC7dnXLq9u3XRiPfzaTxZBalwm2gvQPVjbAEyHImZBEa9uHUj8yB0OSaDuDsgTaLPYzvCZCd5fnGkOLIjhAkfnRyK2nOmUnAFTlG8Ujgl
Meta Ads Library,Zalando,1.20702E+15,ballzy,https://www.facebook.com/ads/archive/render_ad/?id=1207020207311111&access_token=EAATnrmoQyC4BOyPI2UlrqFMQKk5vv6XeANCnonDt4Ho3GPZCm24pBF6XxsSP0Qh3kIdZCuPUtE6BvZBSuq1WwOhhHeZC7dnXLq9u3XRiPfzaTxZBalwm2gvQPVjbAEyHImZBEa9uHUj8yB0OSaDuDsgTaLPYzvCZCd5fnGkOLIjhAkfnRyK2nOmUnAFTlG8Ujgl
Meta Ads Library,Zalando,8.47668E+14,ballzy,https://www.facebook.com/ads/archive/render_ad/?id=847667646789933&access_token=EAATnrmoQyC4BOyPI2UlrqFMQKk5vv6XeANCnonDt4Ho3GPZCm24pBF6XxsSP0Qh3kIdZCuPUtE6BvZBSuq1WwOhhHeZC7dnXLq9u3XRiPfzaTxZBalwm2gvQPVjbAEyHImZBEa9uHUj8yB0OSaDuDsgTaLPYzvCZCd5fnGkOLIjhAkfnRyK2nOmUnAFTlG8Ujgl
Meta Ads Library,Zalando,1.67089E+15,ballzy,https://www.facebook.com/ads/archive/render_ad/?id=1670894864322153&access_token=EAATnrmoQyC4BQptmsbNRdpMvgWhT9ZCeeMMlHDkxMXfJ2nK6fMZAk2p9lKk0ofSe3VJBPuz92dPfwiAVjmS2ZCoS7xLFsfFcl3R0EZAhf5ct7tPBlrxE7lxNtKKSRD4BlK1MAuYA7zjMuXKiS0o7eOkkQsTbvvT0TMpX7WoMajScg9PKRZBs3m5KGt4Um9A8HstpDdQRr
Meta Ads Library,Zalando,1.2288E+15,ballzy,https://www.facebook.com/ads/archive/render_ad/?id=1228800169469299&access_token=EAATnrmoQyC4BQptmsbNRdpMvgWhT9ZCeeMMlHDkxMXfJ2nK6fMZAk2p9lKk0ofSe3VJBPuz92dPfwiAVjmS2ZCoS7xLFsfFcl3R0EZAhf5ct7tPBlrxE7lxNtKKSRD4BlK1MAuYA7zjMuXKiS0o7eOkkQsTbvvT0TMpX7WoMajScg9PKRZBs3m5KGt4Um9A8HstpDdQRr
Meta Ads Library,Zalando,1.26453E+15,ballzy,https://www.facebook.com/ads/archive/render_ad/?id=1264533045653273&access_token=EAATnrmoQyC4BQptmsbNRdpMvgWhT9ZCeeMMlHDkxMXfJ2nK6fMZAk2p9lKk0ofSe3VJBPuz92dPfwiAVjmS2ZCoS7xLFsfFcl3R0EZAhf5ct7tPBlrxE7lxNtKKSRD4BlK1MAuYA7zjMuXKiS0o7eOkkQsTbvvT0TMpX7WoMajScg9PKRZBs3m5KGt4Um9A8HstpDdQRr
Meta Ads Library,Zalando,9.19311E+14,ballzy,https://www.facebook.com/ads/archive/render_ad/?id=919311134078275&access_token=EAATnrmoQyC4BQptmsbNRdpMvgWhT9ZCeeMMlHDkxMXfJ2nK6fMZAk2p9lKk0ofSe3VJBPuz92dPfwiAVjmS2ZCoS7xLFsfFcl3R0EZAhf5ct7tPBlrxE7lxNtKKSRD4BlK1MAuYA7zjMuXKiS0o7eOkkQsTbvvT0TMpX7WoMajScg9PKRZBs3m5KGt4Um9A8HstpDdQRr
Meta Ads Library,Zalando,1.52521E+15,ballzy,https://www.facebook.com/ads/archive/render_ad/?id=1525213658103194&access_token=EAATnrmoQyC4BOyPI2UlrqFMQKk5vv6XeANCnonDt4Ho3GPZCm24pBF6XxsSP0Qh3kIdZCuPUtE6BvZBSuq1WwOhhHeZC7dnXLq9u3XRiPfzaTxZBalwm2gvQPVjbAEyHImZBEa9uHUj8yB0OSaDuDsgTaLPYzvCZCd5fnGkOLIjhAkfnRyK2nOmUnAFTlG8Ujgl
Meta Ads Library,Zalando,1.46161E+15,ballzy,https://www.facebook.com/ads/archive/render_ad/?id=1461607452203796&access_token=EAATnrmoQyC4BQptmsbNRdpMvgWhT9ZCeeMMlHDkxMXfJ2nK6fMZAk2p9lKk0ofSe3VJBPuz92dPfwiAVjmS2ZCoS7xLFsfFcl3R0EZAhf5ct7tPBlrxE7lxNtKKSRD4BlK1MAuYA7zjMuXKiS0o7eOkkQsTbvvT0TMpX7WoMajScg9PKRZBs3m5KGt4Um9A8HstpDdQRr
Meta Ads Library,Zalando,1.64333E+15,ballzy,https://www.facebook.com/ads/archive/render_ad/?id=1643330946850441&access_token=EAATnrmoQyC4BQptmsbNRdpMvgWhT9ZCeeMMlHDkxMXfJ2nK6fMZAk2p9lKk0ofSe3VJBPuz92dPfwiAVjmS2ZCoS7xLFsfFcl3R0EZAhf5ct7tPBlrxE7lxNtKKSRD4BlK1MAuYA7zjMuXKiS0o7eOkkQsTbvvT0TMpX7WoMajScg9PKRZBs3m5KGt4Um9A8HstpDdQRr
Meta Ads Library,Zalando,7.45899E+14,ballzy,https://www.facebook.com/ads/archive/render_ad/?id=745899224682523&access_token=EAATnrmoQyC4BQptmsbNRdpMvgWhT9ZCeeMMlHDkxMXfJ2nK6fMZAk2p9lKk0ofSe3VJBPuz92dPfwiAVjmS2ZCoS7xLFsfFcl3R0EZAhf5ct7tPBlrxE7lxNtKKSRD4BlK1MAuYA7zjMuXKiS0o7eOkkQsTbvvT0TMpX7WoMajScg9PKRZBs3m5KGt4Um9A8HstpDdQRr
Meta Ads Library,Zalando,8.4099E+14,ballzy,https://www.facebook.com/ads/archive/render_ad/?id=840990175231326&access_token=EAATnrmoQyC4BQptmsbNRdpMvgWhT9ZCeeMMlHDkxMXfJ2nK6fMZAk2p9lKk0ofSe3VJBPuz92dPfwiAVjmS2ZCoS7xLFsfFcl3R0EZAhf5ct7tPBlrxE7lxNtKKSRD4BlK1MAuYA7zjMuXKiS0o7eOkkQsTbvvT0TMpX7WoMajScg9PKRZBs3m5KGt4Um9A8HstpDdQRr
Meta Ads Library,Zalando,2.54396E+16,ballzy,https://www.facebook.com/ads/archive/render_ad/?id=25439616905693453&access_token=EAATnrmoQyC4BQptmsbNRdpMvgWhT9ZCeeMMlHDkxMXfJ2nK6fMZAk2p9lKk0ofSe3VJBPuz92dPfwiAVjmS2ZCoS7xLFsfFcl3R0EZAhf5ct7tPBlrxE7lxNtKKSRD4BlK1MAuYA7zjMuXKiS0o7eOkkQsTbvvT0TMpX7WoMajScg9PKRZBs3m5KGt4Um9A8HstpDdQRr
Meta Ads Library,Zalando,5.61223E+14,ballzy,https://www.facebook.com/ads/archive/render_ad/?id=561223399752182&access_token=EAATnrmoQyC4BOyPI2UlrqFMQKk5vv6XeANCnonDt4Ho3GPZCm24pBF6XxsSP0Qh3kIdZCuPUtE6BvZBSuq1WwOhhHeZC7dnXLq9u3XRiPfzaTxZBalwm2gvQPVjbAEyHImZBEa9uHUj8yB0OSaDuDsgTaLPYzvCZCd5fnGkOLIjhAkfnRyK2nOmUnAFTlG8Ujgl
Meta Ads Library,Zalando,1.14377E+15,ballzy,https://www.facebook.com/ads/archive/render_ad/?id=1143769517165733&access_token=EAATnrmoQyC4BOyPI2UlrqFMQKk5vv6XeANCnonDt4Ho3GPZCm24pBF6XxsSP0Qh3kIdZCuPUtE6BvZBSuq1WwOhhHeZC7dnXLq9u3XRiPfzaTxZBalwm2gvQPVjbAEyHImZBEa9uHUj8yB0OSaDuDsgTaLPYzvCZCd5fnGkOLIjhAkfnRyK2nOmUnAFTlG8Ujgl
Meta Ads Library,Zalando,1.24445E+15,ballzy,https://www.facebook.com/ads/archive/render_ad/?id=1244448690027906&access_token=EAATnrmoQyC4BOyPI2UlrqFMQKk5vv6XeANCnonDt4Ho3GPZCm24pBF6XxsSP0Qh3kIdZCuPUtE6BvZBSuq1WwOhhHeZC7dnXLq9u3XRiPfzaTxZBalwm2gvQPVjbAEyHImZBEa9uHUj8yB0OSaDuDsgTaLPYzvCZCd5fnGkOLIjhAkfnRyK2nOmUnAFTlG8Ujgl
Meta Ads Library,Zalando,1.46463E+15,ballzy,https://www.facebook.com/ads/archive/render_ad/?id=1464631577580368&access_token=EAATnrmoQyC4BOyPI2UlrqFMQKk5vv6XeANCnonDt4Ho3GPZCm24pBF6XxsSP0Qh3kIdZCuPUtE6BvZBSuq1WwOhhHeZC7dnXLq9u3XRiPfzaTxZBalwm2gvQPVjbAEyHImZBEa9uHUj8yB0OSaDuDsgTaLPYzvCZCd5fnGkOLIjhAkfnRyK2nOmUnAFTlG8Ujgl
Meta Ads Library,Zalando,1.50585E+15,ballzy,https://www.facebook.com/ads/archive/render_ad/?id=1505850586796828&access_token=EAATnrmoQyC4BOyPI2UlrqFMQKk5vv6XeANCnonDt4Ho3GPZCm24pBF6XxsSP0Qh3kIdZCuPUtE6BvZBSuq1WwOhhHeZC7dnXLq9u3XRiPfzaTxZBalwm2gvQPVjbAEyHImZBEa9uHUj8yB0OSaDuDsgTaLPYzvCZCd5fnGkOLIjhAkfnRyK2nOmUnAFTlG8Ujgl
Meta Ads Library,Zalando,1.53702E+15,ballzy,https://www.facebook.com/ads/archive/render_ad/?id=1537017950518519&access_token=EAATnrmoQyC4BOyPI2UlrqFMQKk5vv6XeANCnonDt4Ho3GPZCm24pBF6XxsSP0Qh3kIdZCuPUtE6BvZBSuq1WwOhhHeZC7dnXLq9u3XRiPfzaTxZBalwm2gvQPVjbAEyHImZBEa9uHUj8yB0OSaDuDsgTaLPYzvCZCd5fnGkOLIjhAkfnRyK2nOmUnAFTlG8Ujgl
Meta Ads Library,Zalando,5.58944E+14,ballzy,https://www.facebook.com/ads/archive/render_ad/?id=558944369896905&access_token=EAATnrmoQyC4BOyPI2UlrqFMQKk5vv6XeANCnonDt4Ho3GPZCm24pBF6XxsSP0Qh3kIdZCuPUtE6BvZBSuq1WwOhhHeZC7dnXLq9u3XRiPfzaTxZBalwm2gvQPVjbAEyHImZBEa9uHUj8yB0OSaDuDsgTaLPYzvCZCd5fnGkOLIjhAkfnRyK2nOmUnAFTlG8Ujgl
Meta Ads Library,Zalando,1.06696E+15,ballzy,https://www.facebook.com/ads/archive/render_ad/?id=1066956131844601&access_token=EAATnrmoQyC4BOyPI2UlrqFMQKk5vv6XeANCnonDt4Ho3GPZCm24pBF6XxsSP0Qh3kIdZCuPUtE6BvZBSuq1WwOhhHeZC7dnXLq9u3XRiPfzaTxZBalwm2gvQPVjbAEyHImZBEa9uHUj8yB0OSaDuDsgTaLPYzvCZCd5fnGkOLIjhAkfnRyK2nOmUnAFTlG8Ujgl
Meta Ads Library,Zalando,1.19445E+15,ballzy,https://www.facebook.com/ads/archive/render_ad/?id=1194454235341465&access_token=EAATnrmoQyC4BOyPI2UlrqFMQKk5vv6XeANCnonDt4Ho3GPZCm24pBF6XxsSP0Qh3kIdZCuPUtE6BvZBSuq1WwOhhHeZC7dnXLq9u3XRiPfzaTxZBalwm2gvQPVjbAEyHImZBEa9uHUj8yB0OSaDuDsgTaLPYzvCZCd5fnGkOLIjhAkfnRyK2nOmUnAFTlG8Ujgl
Meta Ads Library,Zalando,1.07903E+15,ballzy,https://www.facebook.com/ads/archive/render_ad/?id=1079026984310401&access_token=EAATnrmoQyC4BQptmsbNRdpMvgWhT9ZCeeMMlHDkxMXfJ2nK6fMZAk2p9lKk0ofSe3VJBPuz92dPfwiAVjmS2ZCoS7xLFsfFcl3R0EZAhf5ct7tPBlrxE7lxNtKKSRD4BlK1MAuYA7zjMuXKiS0o7eOkkQsTbvvT0TMpX7WoMajScg9PKRZBs3m5KGt4Um9A8HstpDdQRr
Meta Ads Library,Zalando,1.27281E+15,ballzy,https://www.facebook.com/ads/archive/render_ad/?id=1272811067666736&access_token=EAATnrmoQyC4BQPVFaEdvyWfH85nc9J1azy5Q3EZCsaaFpLOAG9mEhR1mfp8tmZAxRmBf2IRN553VRRdSaWWJUedu3OFNvLi6Jf9yHmQkSryfa7HC1lnTHUoDGLJFXNS38IeFpk3ZBBnLtpERHKOgzlznywHZAnzlGFoqmGcIcZBTiOgc4ybEkN3braKPoQgJuFpHi7zrs
Meta Ads Library,Zalando,2.55059E+15,ballzy,https://www.facebook.com/ads/archive/render_ad/?id=2550589015151378&access_token=EAATnrmoQyC4BOyPI2UlrqFMQKk5vv6XeANCnonDt4Ho3GPZCm24pBF6XxsSP0Qh3kIdZCuPUtE6BvZBSuq1WwOhhHeZC7dnXLq9u3XRiPfzaTxZBalwm2gvQPVjbAEyHImZBEa9uHUj8yB0OSaDuDsgTaLPYzvCZCd5fnGkOLIjhAkfnRyK2nOmUnAFTlG8Ujgl
Meta Ads Library,Zalando,1.20212E+15,ballzy,https://www.facebook.com/ads/archive/render_ad/?id=1202123665341726&access_token=EAATnrmoQyC4BQptmsbNRdpMvgWhT9ZCeeMMlHDkxMXfJ2nK6fMZAk2p9lKk0ofSe3VJBPuz92dPfwiAVjmS2ZCoS7xLFsfFcl3R0EZAhf5ct7tPBlrxE7lxNtKKSRD4BlK1MAuYA7zjMuXKiS0o7eOkkQsTbvvT0TMpX7WoMajScg9PKRZBs3m5KGt4Um9A8HstpDdQRr
Meta Ads Library,Zalando,9.14657E+14,ballzy,https://www.facebook.com/ads/archive/render_ad/?id=914656724579541&access_token=EAATnrmoQyC4BQptmsbNRdpMvgWhT9ZCeeMMlHDkxMXfJ2nK6fMZAk2p9lKk0ofSe3VJBPuz92dPfwiAVjmS2ZCoS7xLFsfFcl3R0EZAhf5ct7tPBlrxE7lxNtKKSRD4BlK1MAuYA7zjMuXKiS0o7eOkkQsTbvvT0TMpX7WoMajScg9PKRZBs3m5KGt4Um9A8HstpDdQRr
Meta Ads Library,Zalando,9.96597E+14,ballzy,https://www.facebook.com/ads/archive/render_ad/?id=996597082669831&access_token=EAATnrmoQyC4BQptmsbNRdpMvgWhT9ZCeeMMlHDkxMXfJ2nK6fMZAk2p9lKk0ofSe3VJBPuz92dPfwiAVjmS2ZCoS7xLFsfFcl3R0EZAhf5ct7tPBlrxE7lxNtKKSRD4BlK1MAuYA7zjMuXKiS0o7eOkkQsTbvvT0TMpX7WoMajScg9PKRZBs3m5KGt4Um9A8HstpDdQRr
Meta Ads Library,Zalando,2.67605E+15,ballzy,https://www.facebook.com/ads/archive/render_ad/?id=2676052839412229&access_token=EAATnrmoQyC4BQptmsbNRdpMvgWhT9ZCeeMMlHDkxMXfJ2nK6fMZAk2p9lKk0ofSe3VJBPuz92dPfwiAVjmS2ZCoS7xLFsfFcl3R0EZAhf5ct7tPBlrxE7lxNtKKSRD4BlK1MAuYA7zjMuXKiS0o7eOkkQsTbvvT0TMpX7WoMajScg9PKRZBs3m5KGt4Um9A8HstpDdQRr
Meta Ads Library,Zalando,2.86675E+15,ballzy,https://www.facebook.com/ads/archive/render_ad/?id=2866747083535939&access_token=EAATnrmoQyC4BQptmsbNRdpMvgWhT9ZCeeMMlHDkxMXfJ2nK6fMZAk2p9lKk0ofSe3VJBPuz92dPfwiAVjmS2ZCoS7xLFsfFcl3R0EZAhf5ct7tPBlrxE7lxNtKKSRD4BlK1MAuYA7zjMuXKiS0o7eOkkQsTbvvT0TMpX7WoMajScg9PKRZBs3m5KGt4Um9A8HstpDdQRr
Meta Ads Library,Zalando,1.64612E+15,ballzy,https://www.facebook.com/ads/archive/render_ad/?id=1646118135936252&access_token=EAATnrmoQyC4BOyPI2UlrqFMQKk5vv6XeANCnonDt4Ho3GPZCm24pBF6XxsSP0Qh3kIdZCuPUtE6BvZBSuq1WwOhhHeZC7dnXLq9u3XRiPfzaTxZBalwm2gvQPVjbAEyHImZBEa9uHUj8yB0OSaDuDsgTaLPYzvCZCd5fnGkOLIjhAkfnRyK2nOmUnAFTlG8Ujgl
Meta Ads Library,Zalando,5.70783E+14,ballzy,https://www.facebook.com/ads/archive/render_ad/?id=570782861974850&access_token=EAATnrmoQyC4BOyPI2UlrqFMQKk5vv6XeANCnonDt4Ho3GPZCm24pBF6XxsSP0Qh3kIdZCuPUtE6BvZBSuq1WwOhhHeZC7dnXLq9u3XRiPfzaTxZBalwm2gvQPVjbAEyHImZBEa9uHUj8yB0OSaDuDsgTaLPYzvCZCd5fnGkOLIjhAkfnRyK2nOmUnAFTlG8Ujgl
Meta Ads Library,Zalando,1.32155E+15,ballzy,https://www.facebook.com/ads/archive/render_ad/?id=1321548685619796&access_token=EAATnrmoQyC4BPMzpZA4IBb0SXjMybbBaZAh3iKJFNiqBkucCvHUYyM1BiCwvozXjYnUzV70MsLrmdHeuwc7AP6M1pTNVggvg26dRGuCPcLwocJVlHYvqWtVlXMEZCyJQ9Y3zwKqouOI04uO8fnKsUpYu8grmDccMwtbUzDYP5HhFqB3wYpyodE7lX5JU3qEUguRSkXO
Meta Ads Library,Zalando,9.69928E+15,ballzy,https://www.facebook.com/ads/archive/render_ad/?id=9699276433496705&access_token=EAATnrmoQyC4BPMzpZA4IBb0SXjMybbBaZAh3iKJFNiqBkucCvHUYyM1BiCwvozXjYnUzV70MsLrmdHeuwc7AP6M1pTNVggvg26dRGuCPcLwocJVlHYvqWtVlXMEZCyJQ9Y3zwKqouOI04uO8fnKsUpYu8grmDccMwtbUzDYP5HhFqB3wYpyodE7lX5JU3qEUguRSkXO
Meta Ads Library,Zalando,4.84323E+14,ballzy,https://www.facebook.com/ads/archive/render_ad/?id=484322734591839&access_token=EAATnrmoQyC4BOyPI2UlrqFMQKk5vv6XeANCnonDt4Ho3GPZCm24pBF6XxsSP0Qh3kIdZCuPUtE6BvZBSuq1WwOhhHeZC7dnXLq9u3XRiPfzaTxZBalwm2gvQPVjbAEyHImZBEa9uHUj8yB0OSaDuDsgTaLPYzvCZCd5fnGkOLIjhAkfnRyK2nOmUnAFTlG8Ujgl
Meta Ads Library,Zalando,1.0326E+15,ballzy,https://www.facebook.com/ads/archive/render_ad/?id=1032596154803951&access_token=EAATnrmoQyC4BOyPI2UlrqFMQKk5vv6XeANCnonDt4Ho3GPZCm24pBF6XxsSP0Qh3kIdZCuPUtE6BvZBSuq1WwOhhHeZC7dnXLq9u3XRiPfzaTxZBalwm2gvQPVjbAEyHImZBEa9uHUj8yB0OSaDuDsgTaLPYzvCZCd5fnGkOLIjhAkfnRyK2nOmUnAFTlG8Ujgl
Meta Ads Library,Zalando,1.27544E+15,ballzy,https://www.facebook.com/ads/archive/render_ad/?id=1275436057797246&access_token=EAATnrmoQyC4BQptmsbNRdpMvgWhT9ZCeeMMlHDkxMXfJ2nK6fMZAk2p9lKk0ofSe3VJBPuz92dPfwiAVjmS2ZCoS7xLFsfFcl3R0EZAhf5ct7tPBlrxE7lxNtKKSRD4BlK1MAuYA7zjMuXKiS0o7eOkkQsTbvvT0TMpX7WoMajScg9PKRZBs3m5KGt4Um9A8HstpDdQRr
Meta Ads Library,Zalando,1.13615E+15,ballzy,https://www.facebook.com/ads/archive/render_ad/?id=1136151598561161&access_token=EAATnrmoQyC4BQptmsbNRdpMvgWhT9ZCeeMMlHDkxMXfJ2nK6fMZAk2p9lKk0ofSe3VJBPuz92dPfwiAVjmS2ZCoS7xLFsfFcl3R0EZAhf5ct7tPBlrxE7lxNtKKSRD4BlK1MAuYA7zjMuXKiS0o7eOkkQsTbvvT0TMpX7WoMajScg9PKRZBs3m5KGt4Um9A8HstpDdQRr
Meta Ads Library,Zalando,1.19454E+15,ballzy,https://www.facebook.com/ads/archive/render_ad/?id=1194538486084162&access_token=EAATnrmoQyC4BQptmsbNRdpMvgWhT9ZCeeMMlHDkxMXfJ2nK6fMZAk2p9lKk0ofSe3VJBPuz92dPfwiAVjmS2ZCoS7xLFsfFcl3R0EZAhf5ct7tPBlrxE7lxNtKKSRD4BlK1MAuYA7zjMuXKiS0o7eOkkQsTbvvT0TMpX7WoMajScg9PKRZBs3m5KGt4Um9A8HstpDdQRr
Meta Ads Library,Zalando,5.27727E+14,ballzy,https://www.facebook.com/ads/archive/render_ad/?id=527726639696640&access_token=EAATnrmoQyC4BOyPI2UlrqFMQKk5vv6XeANCnonDt4Ho3GPZCm24pBF6XxsSP0Qh3kIdZCuPUtE6BvZBSuq1WwOhhHeZC7dnXLq9u3XRiPfzaTxZBalwm2gvQPVjbAEyHImZBEa9uHUj8yB0OSaDuDsgTaLPYzvCZCd5fnGkOLIjhAkfnRyK2nOmUnAFTlG8Ujgl
Meta Ads Library,Zalando,1.65841E+15,ballzy,https://www.facebook.com/ads/archive/render_ad/?id=1658406514938159&access_token=EAATnrmoQyC4BOyPI2UlrqFMQKk5vv6XeANCnonDt4Ho3GPZCm24pBF6XxsSP0Qh3kIdZCuPUtE6BvZBSuq1WwOhhHeZC7dnXLq9u3XRiPfzaTxZBalwm2gvQPVjbAEyHImZBEa9uHUj8yB0OSaDuDsgTaLPYzvCZCd5fnGkOLIjhAkfnRyK2nOmUnAFTlG8Ujgl
Meta Ads Library,Zalando,8.02113E+14,ballzy,https://www.facebook.com/ads/archive/render_ad/?id=802113315417451&access_token=EAATnrmoQyC4BOyPI2UlrqFMQKk5vv6XeANCnonDt4Ho3GPZCm24pBF6XxsSP0Qh3kIdZCuPUtE6BvZBSuq1WwOhhHeZC7dnXLq9u3XRiPfzaTxZBalwm2gvQPVjbAEyHImZBEa9uHUj8yB0OSaDuDsgTaLPYzvCZCd5fnGkOLIjhAkfnRyK2nOmUnAFTlG8Ujgl
Meta Ads Library,Zalando,7.74261E+15,ballzy,https://www.facebook.com/ads/archive/render_ad/?id=7742606299181556&access_token=EAATnrmoQyC4BOyPI2UlrqFMQKk5vv6XeANCnonDt4Ho3GPZCm24pBF6XxsSP0Qh3kIdZCuPUtE6BvZBSuq1WwOhhHeZC7dnXLq9u3XRiPfzaTxZBalwm2gvQPVjbAEyHImZBEa9uHUj8yB0OSaDuDsgTaLPYzvCZCd5fnGkOLIjhAkfnRyK2nOmUnAFTlG8Ujgl
Meta Ads Library,Zalando,5.35292E+14,ballzy,https://www.facebook.com/ads/archive/render_ad/?id=535291739026440&access_token=EAATnrmoQyC4BOyPI2UlrqFMQKk5vv6XeANCnonDt4Ho3GPZCm24pBF6XxsSP0Qh3kIdZCuPUtE6BvZBSuq1WwOhhHeZC7dnXLq9u3XRiPfzaTxZBalwm2gvQPVjbAEyHImZBEa9uHUj8yB0OSaDuDsgTaLPYzvCZCd5fnGkOLIjhAkfnRyK2nOmUnAFTlG8Ujgl
Meta Ads Library,Zalando,1.03816E+15,ballzy,https://www.facebook.com/ads/archive/render_ad/?id=1038164978016590&access_token=EAATnrmoQyC4BOyPI2UlrqFMQKk5vv6XeANCnonDt4Ho3GPZCm24pBF6XxsSP0Qh3kIdZCuPUtE6BvZBSuq1WwOhhHeZC7dnXLq9u3XRiPfzaTxZBalwm2gvQPVjbAEyHImZBEa9uHUj8yB0OSaDuDsgTaLPYzvCZCd5fnGkOLIjhAkfnRyK2nOmUnAFTlG8Ujgl
Meta Ads Library,Zalando,7.83462E+14,ballzy,https://www.facebook.com/ads/archive/render_ad/?id=783461530784125&access_token=EAATnrmoQyC4BQPVFaEdvyWfH85nc9J1azy5Q3EZCsaaFpLOAG9mEhR1mfp8tmZAxRmBf2IRN553VRRdSaWWJUedu3OFNvLi6Jf9yHmQkSryfa7HC1lnTHUoDGLJFXNS38IeFpk3ZBBnLtpERHKOgzlznywHZAnzlGFoqmGcIcZBTiOgc4ybEkN3braKPoQgJuFpHi7zrs
Meta Ads Library,Zalando,7.83847E+14,ballzy,https://www.facebook.com/ads/archive/render_ad/?id=783846570973421&access_token=EAATnrmoQyC4BQPVFaEdvyWfH85nc9J1azy5Q3EZCsaaFpLOAG9mEhR1mfp8tmZAxRmBf2IRN553VRRdSaWWJUedu3OFNvLi6Jf9yHmQkSryfa7HC1lnTHUoDGLJFXNS38IeFpk3ZBBnLtpERHKOgzlznywHZAnzlGFoqmGcIcZBTiOgc4ybEkN3braKPoQgJuFpHi7zrs
Meta Ads Library,Zalando,6.57371E+14,ballzy,https://www.facebook.com/ads/archive/render_ad/?id=657370859988999&access_token=EAATnrmoQyC4BQPVFaEdvyWfH85nc9J1azy5Q3EZCsaaFpLOAG9mEhR1mfp8tmZAxRmBf2IRN553VRRdSaWWJUedu3OFNvLi6Jf9yHmQkSryfa7HC1lnTHUoDGLJFXNS38IeFpk3ZBBnLtpERHKOgzlznywHZAnzlGFoqmGcIcZBTiOgc4ybEkN3braKPoQgJuFpHi7zrs
Meta Ads Library,Zalando,1.08254E+15,ballzy,https://www.facebook.com/ads/archive/render_ad/?id=1082543107186113&access_token=EAATnrmoQyC4BPMzpZA4IBb0SXjMybbBaZAh3iKJFNiqBkucCvHUYyM1BiCwvozXjYnUzV70MsLrmdHeuwc7AP6M1pTNVggvg26dRGuCPcLwocJVlHYvqWtVlXMEZCyJQ9Y3zwKqouOI04uO8fnKsUpYu8grmDccMwtbUzDYP5HhFqB3wYpyodE7lX5JU3qEUguRSkXO
Meta Ads Library,Zalando,7.21893E+14,ballzy,https://www.facebook.com/ads/archive/render_ad/?id=721892527419116&access_token=EAATnrmoQyC4BQPVFaEdvyWfH85nc9J1azy5Q3EZCsaaFpLOAG9mEhR1mfp8tmZAxRmBf2IRN553VRRdSaWWJUedu3OFNvLi6Jf9yHmQkSryfa7HC1lnTHUoDGLJFXNS38IeFpk3ZBBnLtpERHKOgzlznywHZAnzlGFoqmGcIcZBTiOgc4ybEkN3braKPoQgJuFpHi7zrs
Meta Ads Library,Zalando,4.88501E+14,ballzy,https://www.facebook.com/ads/archive/render_ad/?id=488500864110751&access_token=EAATnrmoQyC4BOyPI2UlrqFMQKk5vv6XeANCnonDt4Ho3GPZCm24pBF6XxsSP0Qh3kIdZCuPUtE6BvZBSuq1WwOhhHeZC7dnXLq9u3XRiPfzaTxZBalwm2gvQPVjbAEyHImZBEa9uHUj8yB0OSaDuDsgTaLPYzvCZCd5fnGkOLIjhAkfnRyK2nOmUnAFTlG8Ujgl
Google Transparence Center,Zalando SE,CR15261710349787725825,ballzy,https://adstransparency.google.com/advertiser/AR15589870916631265281/creative/CR15261710349787725825
Google Transparence Center,Zalando SE,CR07044654785382842369,ballzy,https://adstransparency.google.com/advertiser/AR15589870916631265281/creative/CR07044654785382842369
Google Transparence Center,Zalando SE,CR05638615533579403265,ballzy,https://adstransparency.google.com/advertiser/AR15589870916631265281/creative/CR05638615533579403265
Google Transparence Center,Zalando SE,CR15086800452357980161,ballzy,https://adstransparency.google.com/advertiser/AR15589870916631265281/creative/CR15086800452357980161
Google Transparence Center,Zalando SE,CR16682650320609738753,ballzy,https://adstransparency.google.com/advertiser/AR15589870916631265281/creative/CR16682650320609738753
Google Transparence Center,Zalando SE,CR15694690349404389377,ballzy,https://adstransparency.google.com/advertiser/AR15589870916631265281/creative/CR15694690349404389377
Google Transparence Center,Zalando SE,CR07779281934609285121,ballzy,https://adstransparency.google.com/advertiser/AR15589870916631265281/creative/CR07779281934609285121
Google Transparence Center,Zalando SE,CR13187066598348816385,ballzy,https://adstransparency.google.com/advertiser/AR15589870916631265281/creative/CR13187066598348816385
Google Transparence Center,Zalando SE,CR05772132151118004225,ballzy,https://adstransparency.google.com/advertiser/AR15589870916631265281/creative/CR05772132151118004225
Google Transparence Center,Zalando SE,CR13219478551868211201,ballzy,https://adstransparency.google.com/advertiser/AR15589870916631265281/creative/CR13219478551868211201
Google Transparence Center,Zalando SE,CR13619794105428082689,ballzy,https://adstransparency.google.com/advertiser/AR15589870916631265281/creative/CR13619794105428082689
Google Transparence Center,Zalando SE,CR13452130212963680257,ballzy,https://adstransparency.google.com/advertiser/AR15589870916631265281/creative/CR13452130212963680257
Google Transparence Center,Zalando SE,CR13036181459482705921,ballzy,https://adstransparency.google.com/advertiser/AR15589870916631265281/creative/CR13036181459482705921
Google Transparence Center,Zalando SE,CR00661364919941201921,ballzy,https://adstransparency.google.com/advertiser/AR15589870916631265281/creative/CR00661364919941201921
Google Transparence Center,Zalando SE,CR06981446610681069569,ballzy,https://adstransparency.google.com/advertiser/AR15589870916631265281/creative/CR06981446610681069569
Google Transparence Center,Zalando SE,CR10847633938403295233,ballzy,https://adstransparency.google.com/advertiser/AR15589870916631265281/creative/CR10847633938403295233
Google Transparence Center,Zalando SE,CR02591272482572861441,ballzy,https://adstransparency.google.com/advertiser/AR15589870916631265281/creative/CR02591272482572861441
Google Transparence Center,Zalando SE,CR10156184318741839873,ballzy,https://adstransparency.google.com/advertiser/AR15589870916631265281/creative/CR10156184318741839873
Google Transparence Center,Zalando SE,CR01829872955354513409,ballzy,https://adstransparency.google.com/advertiser/AR15589870916631265281/creative/CR01829872955354513409
Google Transparence Center,Zalando SE,CR18111579755236032513,ballzy,https://adstransparency.google.com/advertiser/AR15589870916631265281/creative/CR18111579755236032513
Google Transparence Center,Zalando SE,CR16814795263032950785,ballzy,https://adstransparency.google.com/advertiser/AR15589870916631265281/creative/CR16814795263032950785
Google Transparence Center,Zalando SE,CR03536207326832754689,ballzy,https://adstransparency.google.com/advertiser/AR15589870916631265281/creative/CR03536207326832754689
Google Transparence Center,Zalando SE,CR16624539344375382017,ballzy,https://adstransparency.google.com/advertiser/AR15589870916631265281/creative/CR16624539344375382017
Google Transparence Center,Zalando SE,CR02927550675044794369,ballzy,https://adstransparency.google.com/advertiser/AR15589870916631265281/creative/CR02927550675044794369
Google Transparence Center,Zalando SE,CR03955422591920898049,ballzy,https://adstransparency.google.com/advertiser/AR15589870916631265281/creative/CR03955422591920898049
Google Transparence Center,Zalando SE,CR03113734999065493505,ballzy,https://adstransparency.google.com/advertiser/AR15589870916631265281/creative/CR03113734999065493505
Google Transparence Center,Zalando SE,CR08270322831141634049,ballzy,https://adstransparency.google.com/advertiser/AR15589870916631265281/creative/CR08270322831141634049
Google Transparence Center,Zalando SE,CR02628682403635265537,ballzy,https://adstransparency.google.com/advertiser/AR15589870916631265281/creative/CR02628682403635265537
Google Transparence Center,Zalando SE,CR02219118565716393985,ballzy,https://adstransparency.google.com/advertiser/AR15589870916631265281/creative/CR02219118565716393985
Google Transparence Center,Zalando SE,CR17081906838313631745,ballzy,https://adstransparency.google.com/advertiser/AR15589870916631265281/creative/CR17081906838313631745
Google Transparence Center,Zalando SE,CR02457961971924860929,ballzy,https://adstransparency.google.com/advertiser/AR15589870916631265281/creative/CR02457961971924860929
Google Transparence Center,Zalando SE,CR00308244047577743361,ballzy,https://adstransparency.google.com/advertiser/AR15589870916631265281/creative/CR00308244047577743361
Google Transparence Center,Zalando SE,CR02025715879139868673,ballzy,https://adstransparency.google.com/advertiser/AR15589870916631265281/creative/CR02025715879139868673
Google Transparence Center,Zalando SE,CR02849906909102735361,ballzy,https://adstransparency.google.com/advertiser/AR15589870916631265281/creative/CR02849906909102735361
Google Transparence Center,Zalando SE,CR08520321092051533825,ballzy,https://adstransparency.google.com/advertiser/AR15589870916631265281/creative/CR08520321092051533825
Google Transparence Center,Zalando SE,CR03354504509127655425,ballzy,https://adstransparency.google.com/advertiser/AR15589870916631265281/creative/CR03354504509127655425
Google Transparence Center,Zalando SE,CR10395855786055041025,ballzy,https://adstransparency.google.com/advertiser/AR15589870916631265281/creative/CR10395855786055041025
Google Transparence Center,Zalando SE,CR06764425727145148417,ballzy,https://adstransparency.google.com/advertiser/AR15589870916631265281/creative/CR06764425727145148417
Google Transparence Center,Zalando SE,CR02938593723157577729,ballzy,https://adstransparency.google.com/advertiser/AR15589870916631265281/creative/CR02938593723157577729
Google Transparence Center,Zalando SE,CR10990666468303044609,ballzy,https://adstransparency.google.com/advertiser/AR15589870916631265281/creative/CR10990666468303044609
Google Transparence Center,Zalando SE,CR13185159735948607489,ballzy,https://adstransparency.google.com/advertiser/AR15589870916631265281/creative/CR13185159735948607489
Google Transparence Center,Zalando SE,CR15123642681823068161,ballzy,https://adstransparency.google.com/advertiser/AR15589870916631265281/creative/CR15123642681823068161
Google Transparence Center,Zalando SE,CR02993697363291275265,ballzy,https://adstransparency.google.com/advertiser/AR15589870916631265281/creative/CR02993697363291275265
Google Transparence Center,Zalando SE,CR12100376925420126209,ballzy,https://adstransparency.google.com/advertiser/AR15589870916631265281/creative/CR12100376925420126209
Google Transparence Center,Zalando SE,CR14393366111129174017,ballzy,https://adstransparency.google.com/advertiser/AR15589870916631265281/creative/CR14393366111129174017
Google Transparence Center,Zalando SE,CR00739921744390782977,ballzy,https://adstransparency.google.com/advertiser/AR15589870916631265281/creative/CR00739921744390782977
Google Transparence Center,Zalando SE,CR04364549786284589057,ballzy,https://adstransparency.google.com/advertiser/AR15589870916631265281/creative/CR04364549786284589057
Google Transparence Center,Zalando SE,CR12792119101073915905,ballzy,https://adstransparency.google.com/advertiser/AR15589870916631265281/creative/CR12792119101073915905
Google Transparence Center,Zalando SE,CR00116809246296768513,ballzy,https://adstransparency.google.com/advertiser/AR15589870916631265281/creative/CR00116809246296768513
Google Transparence Center,Zalando SE,CR01120675869401022465,ballzy,https://adstransparency.google.com/advertiser/AR15589870916631265281/creative/CR01120675869401022465
Google Transparence Center,Zalando SE,CR13718013290158751745,ballzy,https://adstransparency.google.com/advertiser/AR15589870916631265281/creative/CR13718013290158751745
Google Transparence Center,Zalando SE,CR11464086333790617601,ballzy,https://adstransparency.google.com/advertiser/AR15589870916631265281/creative/CR11464086333790617601
Google Transparence Center,Zalando SE,CR04897587594591731713,ballzy,https://adstransparency.google.com/advertiser/AR15589870916631265281/creative/CR04897587594591731713
Google Transparence Center,Zalando SE,CR02859960963686203393,ballzy,https://adstransparency.google.com/advertiser/AR15589870916631265281/creative/CR02859960963686203393
Google Transparence Center,Zalando SE,CR17489226349661913089,ballzy,https://adstransparency.google.com/advertiser/AR15589870916631265281/creative/CR17489226349661913089
Google Transparence Center,Zalando SE,CR02493977110947823617,ballzy,https://adstransparency.google.com/advertiser/AR15589870916631265281/creative/CR02493977110947823617
Google Transparence Center,Zalando SE,CR06178054698583457793,ballzy,https://adstransparency.google.com/advertiser/AR15589870916631265281/creative/CR06178054698583457793
Google Transparence Center,Zalando SE,CR07520942263095001089,ballzy,https://adstransparency.google.com/advertiser/AR15589870916631265281/creative/CR07520942263095001089
Google Transparence Center,Zalando SE,CR10318337819705081857,ballzy,https://adstransparency.google.com/advertiser/AR15589870916631265281/creative/CR10318337819705081857
Google Transparence Center,Zalando SE,CR15531033008592125953,ballzy,https://adstransparency.google.com/advertiser/AR15589870916631265281/creative/CR15531033008592125953
Google Transparence Center,Zalando SE,CR00179043837811884033,ballzy,https://adstransparency.google.com/advertiser/AR15589870916631265281/creative/CR00179043837811884033
Google Transparence Center,Zalando SE,CR06534725275517714433,ballzy,https://adstransparency.google.com/advertiser/AR15589870916631265281/creative/CR06534725275517714433
Google Transparence Center,Zalando SE,CR17464381372603826177,ballzy,https://adstransparency.google.com/advertiser/AR15589870916631265281/creative/CR17464381372603826177
Google Transparence Center,Zalando SE,CR10633675005772169217,ballzy,https://adstransparency.google.com/advertiser/AR15589870916631265281/creative/CR10633675005772169217
Google Transparence Center,Zalando SE,CR08092165148162129921,ballzy,https://adstransparency.google.com/advertiser/AR15589870916631265281/creative/CR08092165148162129921
Google Transparence Center,Zalando SE,CR00716419116411387905,ballzy,https://adstransparency.google.com/advertiser/AR15589870916631265281/creative/CR00716419116411387905
Google Transparence Center,Zalando SE,CR16939783089133977601,ballzy,https://adstransparency.google.com/advertiser/AR15589870916631265281/creative/CR16939783089133977601
Google Transparence Center,Zalando SE,CR17364234280133197825,ballzy,https://adstransparency.google.com/advertiser/AR15589870916631265281/creative/CR17364234280133197825
Google Transparence Center,Zalando SE,CR17872230779837218817,ballzy,https://adstransparency.google.com/advertiser/AR15589870916631265281/creative/CR17872230779837218817
Google Transparence Center,Zalando SE,CR00311617778748489729,ballzy,https://adstransparency.google.com/advertiser/AR15589870916631265281/creative/CR00311617778748489729
Google Transparence Center,Zalando SE,CR11020264943365652481,ballzy,https://adstransparency.google.com/advertiser/AR15589870916631265281/creative/CR11020264943365652481
Google Transparence Center,Zalando SE,CR02402370835823198209,ballzy,https://adstransparency.google.com/advertiser/AR15589870916631265281/creative/CR02402370835823198209
Google Transparence Center,Zalando SE,CR03711749374728994817,ballzy,https://adstransparency.google.com/advertiser/AR15589870916631265281/creative/CR03711749374728994817
Google Transparence Center,Zalando SE,CR15667304383794642945,ballzy,https://adstransparency.google.com/advertiser/AR15589870916631265281/creative/CR15667304383794642945
Google Transparence Center,Zalando SE,CR18197794729712680961,ballzy,https://adstransparency.google.com/advertiser/AR15589870916631265281/creative/CR18197794729712680961
Google Transparence Center,Zalando SE,CR01495197292490129409,ballzy,https://adstransparency.google.com/advertiser/AR15589870916631265281/creative/CR01495197292490129409
Google Transparence Center,Zalando SE,CR10131068243348029441,ballzy,https://adstransparency.google.com/advertiser/AR15589870916631265281/creative/CR10131068243348029441
Google Transparence Center,Zalando SE,CR11384572934224871425,ballzy,https://adstransparency.google.com/advertiser/AR15589870916631265281/creative/CR11384572934224871425
Google Transparence Center,Zalando SE,CR01381997296190750721,ballzy,https://adstransparency.google.com/advertiser/AR15589870916631265281/creative/CR01381997296190750721
Google Transparence Center,Zalando SE,CR04809093263791226881,ballzy,https://adstransparency.google.com/advertiser/AR15589870916631265281/creative/CR04809093263791226881
Google Transparence Center,Zalando SE,CR07817586050682847233,ballzy,https://adstransparency.google.com/advertiser/AR15589870916631265281/creative/CR07817586050682847233
Google Transparence Center,Zalando SE,CR15036712767090327553,ballzy,https://adstransparency.google.com/advertiser/AR15589870916631265281/creative/CR15036712767090327553
Google Transparence Center,Zalando SE,CR13948022532754898945,ballzy,https://adstransparency.google.com/advertiser/AR15589870916631265281/creative/CR13948022532754898945
Google Transparence Center,Zalando SE,CR11119050857620963329,ballzy,https://adstransparency.google.com/advertiser/AR15589870916631265281/creative/CR11119050857620963329
Google Transparence Center,Zalando SE,CR07827311213850656769,ballzy,https://adstransparency.google.com/advertiser/AR15589870916631265281/creative/CR07827311213850656769
Google Transparence Center,Zalando SE,CR00500168200252555265,ballzy,https://adstransparency.google.com/advertiser/AR15589870916631265281/creative/CR00500168200252555265
Google Transparence Center,Zalando SE,CR10158823971282223105,ballzy,https://adstransparency.google.com/advertiser/AR15589870916631265281/creative/CR10158823971282223105
Google Transparence Center,Zalando SE,CR05477940463438659585,ballzy,https://adstransparency.google.com/advertiser/AR15589870916631265281/creative/CR05477940463438659585
Google Transparence Center,Zalando SE,CR16345614616165875713,ballzy,https://adstransparency.google.com/advertiser/AR15589870916631265281/creative/CR16345614616165875713
Google Transparence Center,Zalando SE,CR11705052948491927553,ballzy,https://adstransparency.google.com/advertiser/AR15589870916631265281/creative/CR11705052948491927553
Google Transparence Center,Zalando SE,CR13790243352903417857,ballzy,https://adstransparency.google.com/advertiser/AR15589870916631265281/creative/CR13790243352903417857
Google Transparence Center,Zalando SE,CR16220447655568867329,ballzy,https://adstransparency.google.com/advertiser/AR15589870916631265281/creative/CR16220447655568867329
Google Transparence Center,Zalando SE,CR17540511076674699265,ballzy,https://adstransparency.google.com/advertiser/AR15589870916631265281/creative/CR17540511076674699265
Google Transparence Center,Zalando SE,CR16257967252916142081,ballzy,https://adstransparency.google.com/advertiser/AR15589870916631265281/creative/CR16257967252916142081
Google Transparence Center,Zalando SE,CR07204880705023639553,ballzy,https://adstransparency.google.com/advertiser/AR15589870916631265281/creative/CR07204880705023639553
Google Transparence Center,Zalando SE,CR13222789353178136577,ballzy,https://adstransparency.google.com/advertiser/AR15589870916631265281/creative/CR13222789353178136577
Google Transparence Center,Zalando SE,CR02733061224303427585,ballzy,https://adstransparency.google.com/advertiser/AR15589870916631265281/creative/CR02733061224303427585
Google Transparence Center,Zalando SE,CR14750231181362462721,ballzy,https://adstransparency.google.com/advertiser/AR15589870916631265281/creative/CR14750231181362462721
Google Transparence Center,Zalando SE,CR02794707714536636417,ballzy,https://adstransparency.google.com/advertiser/AR15589870916631265281/creative/CR02794707714536636417
Google Transparence Center,Zalando SE,CR16110949354142957569,ballzy,https://adstransparency.google.com/advertiser/AR15589870916631265281/creative/CR16110949354142957569
Google Transparence Center,Zalando SE,CR08434152468861943809,ballzy,https://adstransparency.google.com/advertiser/AR15589870916631265281/creative/CR08434152468861943809
Google Transparence Center,Zalando SE,CR00208916641025622017,ballzy,https://adstransparency.google.com/advertiser/AR15589870916631265281/creative/CR00208916641025622017
Google Transparence Center,Zalando SE,CR11577141331994083329,ballzy,https://adstransparency.google.com/advertiser/AR15589870916631265281/creative/CR11577141331994083329
Google Transparence Center,Zalando SE,CR18402975350486204417,ballzy,https://adstransparency.google.com/advertiser/AR15589870916631265281/creative/CR18402975350486204417
Google Transparence Center,Zalando SE,CR06441611140454678529,ballzy,https://adstransparency.google.com/advertiser/AR15589870916631265281/creative/CR06441611140454678529
Google Transparence Center,Zalando SE,CR06872619526744178689,ballzy,https://adstransparency.google.com/advertiser/AR15589870916631265281/creative/CR06872619526744178689
Google Transparence Center,Zalando SE,CR15057086288056287233,ballzy,https://adstransparency.google.com/advertiser/AR15589870916631265281/creative/CR15057086288056287233
Google Transparence Center,Zalando SE,CR02212232461830586369,ballzy,https://adstransparency.google.com/advertiser/AR15589870916631265281/creative/CR02212232461830586369
Google Transparence Center,Zalando SE,CR12863425007115567105,ballzy,https://adstransparency.google.com/advertiser/AR15589870916631265281/creative/CR12863425007115567105
Google Transparence Center,Zalando SE,CR15908328602597326849,ballzy,https://adstransparency.google.com/advertiser/AR15589870916631265281/creative/CR15908328602597326849
Google Transparence Center,Zalando SE,CR12895325893886476289,ballzy,https://adstransparency.google.com/advertiser/AR15589870916631265281/creative/CR12895325893886476289
Google Transparence Center,Zalando SE,CR10445911954852675585,ballzy,https://adstransparency.google.com/advertiser/AR15589870916631265281/creative/CR10445911954852675585
Google Transparence Center,Zalando SE,CR13570490148612734977,ballzy,https://adstransparency.google.com/advertiser/AR15589870916631265281/creative/CR13570490148612734977
Google Transparence Center,Zalando SE,CR13565465517912752129,ballzy,https://adstransparency.google.com/advertiser/AR15589870916631265281/creative/CR13565465517912752129
Google Transparence Center,Zalando SE,CR12021939071564644353,ballzy,https://adstransparency.google.com/advertiser/AR15589870916631265281/creative/CR12021939071564644353
Google Transparence Center,Zalando SE,CR05615966075083554817,ballzy,https://adstransparency.google.com/advertiser/AR15589870916631265281/creative/CR05615966075083554817
Google Transparence Center,Zalando SE,CR13969688735797739521,ballzy,https://adstransparency.google.com/advertiser/AR15589870916631265281/creative/CR13969688735797739521
Google Transparence Center,Zalando SE,CR07938071411027869697,ballzy,https://adstransparency.google.com/advertiser/AR15589870916631265281/creative/CR07938071411027869697
Google Transparence Center,Zalando SE,CR14604167005847158785,ballzy,https://adstransparency.google.com/advertiser/AR15589870916631265281/creative/CR14604167005847158785
Google Transparence Center,Zalando SE,CR16816432178148671489,ballzy,https://adstransparency.google.com/advertiser/AR15589870916631265281/creative/CR16816432178148671489
Google Transparence Center,Zalando SE,CR13660381632274628609,ballzy,https://adstransparency.google.com/advertiser/AR15589870916631265281/creative/CR13660381632274628609
Google Transparence Center,Zalando SE,CR10546564547794173953,ballzy,https://adstransparency.google.com/advertiser/AR15589870916631265281/creative/CR10546564547794173953
Google Transparence Center,Zalando SE,CR07412177748241678337,ballzy,https://adstransparency.google.com/advertiser/AR15589870916631265281/creative/CR07412177748241678337
Google Transparence Center,Zalando SE,CR02233755831441031169,ballzy,https://adstransparency.google.com/advertiser/AR15589870916631265281/creative/CR02233755831441031169
Google Transparence Center,Zalando SE,CR04477631370335617025,ballzy,https://adstransparency.google.com/advertiser/AR15589870916631265281/creative/CR04477631370335617025
Google Transparence Center,Zalando SE,CR05168212633509167105,ballzy,https://adstransparency.google.com/advertiser/AR15589870916631265281/creative/CR05168212633509167105
Google Transparence Center,Zalando SE,CR17685711173489524737,ballzy,https://adstransparency.google.com/advertiser/AR15589870916631265281/creative/CR17685711173489524737
Google Transparence Center,Zalando SE,CR17573187119143190529,ballzy,https://adstransparency.google.com/advertiser/AR15589870916631265281/creative/CR17573187119143190529
Google Transparence Center,Zalando SE,CR07750148724763918337,ballzy,https://adstransparency.google.com/advertiser/AR15589870916631265281/creative/CR07750148724763918337
Google Transparence Center,Zalando SE,CR12535224840673558529,ballzy,https://adstransparency.google.com/advertiser/AR15589870916631265281/creative/CR12535224840673558529
Google Transparence Center,Zalando SE,CR14589359779676684289,ballzy,https://adstransparency.google.com/advertiser/AR15589870916631265281/creative/CR14589359779676684289
Google Transparence Center,Zalando SE,CR06238972659284049921,ballzy,https://adstransparency.google.com/advertiser/AR15589870916631265281/creative/CR06238972659284049921
Google Transparence Center,Zalando SE,CR13894892773691097089,ballzy,https://adstransparency.google.com/advertiser/AR15589870916631265281/creative/CR13894892773691097089
Google Transparence Center,Zalando SE,CR05011230075601813505,ballzy,https://adstransparency.google.com/advertiser/AR15589870916631265281/creative/CR05011230075601813505
Google Transparence Center,Zalando SE,CR05139504256058916865,ballzy,https://adstransparency.google.com/advertiser/AR15589870916631265281/creative/CR05139504256058916865
Google Transparence Center,Zalando SE,CR09886545653423669249,ballzy,https://adstransparency.google.com/advertiser/AR15589870916631265281/creative/CR09886545653423669249
Google Transparence Center,Zalando SE,CR02026597103349792769,ballzy,https://adstransparency.google.com/advertiser/AR15589870916631265281/creative/CR02026597103349792769
Google Transparence Center,Zalando SE,CR06953578732560842753,ballzy,https://adstransparency.google.com/advertiser/AR15589870916631265281/creative/CR06953578732560842753
Google Transparence Center,Zalando SE,CR01601938972236316673,ballzy,https://adstransparency.google.com/advertiser/AR15589870916631265281/creative/CR01601938972236316673
Google Transparence Center,Zalando SE,CR11472109143720984577,ballzy,https://adstransparency.google.com/advertiser/AR15589870916631265281/creative/CR11472109143720984577
Google Transparence Center,Zalando SE,CR02238918639828860929,ballzy,https://adstransparency.google.com/advertiser/AR15589870916631265281/creative/CR02238918639828860929
Google Transparence Center,Zalando SE,CR14277724924138225665,ballzy,https://adstransparency.google.com/advertiser/AR15589870916631265281/creative/CR14277724924138225665
Google Transparence Center,Zalando SE,CR14039064964572905473,ballzy,https://adstransparency.google.com/advertiser/AR15589870916631265281/creative/CR14039064964572905473
Google Transparence Center,Zalando SE,CR14191572346946453505,ballzy,https://adstransparency.google.com/advertiser/AR15589870916631265281/creative/CR14191572346946453505
Google Transparence Center,Zalando SE,CR06572023037804150785,ballzy,https://adstransparency.google.com/advertiser/AR15589870916631265281/creative/CR06572023037804150785
Google Transparence Center,Zalando SE,CR03934986244173332481,ballzy,https://adstransparency.google.com/advertiser/AR15589870916631265281/creative/CR03934986244173332481
Google Transparence Center,Zalando SE,CR11655953775717253121,ballzy,https://adstransparency.google.com/advertiser/AR15589870916631265281/creative/CR11655953775717253121
Google Transparence Center,Zalando SE,CR06127670574673035265,ballzy,https://adstransparency.google.com/advertiser/AR15589870916631265281/creative/CR06127670574673035265
Google Transparence Center,Zalando SE,CR03843162197026930689,ballzy,https://adstransparency.google.com/advertiser/AR15589870916631265281/creative/CR03843162197026930689
Google Transparence Center,Zalando SE,CR04776444210897223681,ballzy,https://adstransparency.google.com/advertiser/AR15589870916631265281/creative/CR04776444210897223681
Google Transparence Center,Zalando SE,CR10127667453883318273,ballzy,https://adstransparency.google.com/advertiser/AR15589870916631265281/creative/CR10127667453883318273
Google Transparence Center,Zalando SE,CR00722159065324584961,ballzy,https://adstransparency.google.com/advertiser/AR15589870916631265281/creative/CR00722159065324584961
Google Transparence Center,Zalando SE,CR10153940627826409473,ballzy,https://adstransparency.google.com/advertiser/AR15589870916631265281/creative/CR10153940627826409473
Google Transparence Center,Zalando SE,CR08343605384212119553,ballzy,https://adstransparency.google.com/advertiser/AR15589870916631265281/creative/CR08343605384212119553
Google Transparence Center,Zalando SE,CR18339016690378997761,ballzy,https://adstransparency.google.com/advertiser/AR15589870916631265281/creative/CR18339016690378997761
Google Transparence Center,Zalando SE,CR05916796528072065025,ballzy,https://adstransparency.google.com/advertiser/AR15589870916631265281/creative/CR05916796528072065025
Google Transparence Center,Zalando SE,CR05076756793909051393,ballzy,https://adstransparency.google.com/advertiser/AR15589870916631265281/creative/CR05076756793909051393
Google Transparence Center,Zalando SE,CR00413574787617521665,ballzy,https://adstransparency.google.com/advertiser/AR15589870916631265281/creative/CR00413574787617521665
Google Transparence Center,Zalando SE,CR11749185919301713921,ballzy,https://adstransparency.google.com/advertiser/AR15589870916631265281/creative/CR11749185919301713921
Google Transparence Center,Zalando SE,CR11561657115898544129,ballzy,https://adstransparency.google.com/advertiser/AR15589870916631265281/creative/CR11561657115898544129
Google Transparence Center,Zalando SE,CR05405369947226374145,ballzy,https://adstransparency.google.com/advertiser/AR15589870916631265281/creative/CR05405369947226374145
Google Transparence Center,Zalando SE,CR17938591477714124801,ballzy,https://adstransparency.google.com/advertiser/AR15589870916631265281/creative/CR17938591477714124801
Google Transparence Center,Zalando SE,CR07239910114692431873,ballzy,https://adstransparency.google.com/advertiser/AR15589870916631265281/creative/CR07239910114692431873
Google Transparence Center,Zalando SE,CR04645458514506940417,ballzy,https://adstransparency.google.com/advertiser/AR15589870916631265281/creative/CR04645458514506940417
Google Transparence Center,Zalando SE,CR02086668113679482881,ballzy,https://adstransparency.google.com/advertiser/AR15589870916631265281/creative/CR02086668113679482881
Google Transparence Center,Zalando SE,CR13506980999782727681,ballzy,https://adstransparency.google.com/advertiser/AR15589870916631265281/creative/CR13506980999782727681
Google Transparence Center,Zalando SE,CR01861225142873489409,ballzy,https://adstransparency.google.com/advertiser/AR15589870916631265281/creative/CR01861225142873489409
Google Transparence Center,Zalando SE,CR14644443508341997569,ballzy,https://adstransparency.google.com/advertiser/AR15589870916631265281/creative/CR14644443508341997569
Google Transparence Center,Zalando SE,CR17377321560880185345,ballzy,https://adstransparency.google.com/advertiser/AR15589870916631265281/creative/CR17377321560880185345
Google Transparence Center,Zalando SE,CR12824265986391670785,ballzy,https://adstransparency.google.com/advertiser/AR15589870916631265281/creative/CR12824265986391670785
Google Transparence Center,Zalando SE,CR03293022567681490945,ballzy,https://adstransparency.google.com/advertiser/AR15589870916631265281/creative/CR03293022567681490945
Google Transparence Center,Zalando SE,CR04328955279178727425,ballzy,https://adstransparency.google.com/advertiser/AR15589870916631265281/creative/CR04328955279178727425
Google Transparence Center,Zalando SE,CR00683206374829588481,ballzy,https://adstransparency.google.com/advertiser/AR15589870916631265281/creative/CR00683206374829588481
Google Transparence Center,Zalando SE,CR08387417916101885953,ballzy,https://adstransparency.google.com/advertiser/AR15589870916631265281/creative/CR08387417916101885953
Google Transparence Center,Zalando SE,CR01667195064654233601,ballzy,https://adstransparency.google.com/advertiser/AR15589870916631265281/creative/CR01667195064654233601
Google Transparence Center,Zalando SE,CR14905585147800715265,ballzy,https://adstransparency.google.com/advertiser/AR15589870916631265281/creative/CR14905585147800715265
Google Transparence Center,Zalando SE,CR09856531545785892865,ballzy,https://adstransparency.google.com/advertiser/AR15589870916631265281/creative/CR09856531545785892865
Google Transparence Center,Zalando SE,CR17434892556646219777,ballzy,https://adstransparency.google.com/advertiser/AR15589870916631265281/creative/CR17434892556646219777
Google Transparence Center,Zalando SE,CR08696283445447360513,ballzy,https://adstransparency.google.com/advertiser/AR15589870916631265281/creative/CR08696283445447360513
Google Transparence Center,Zalando SE,CR07087247323222245377,ballzy,https://adstransparency.google.com/advertiser/AR15589870916631265281/creative/CR07087247323222245377
Google Transparence Center,Zalando SE,CR02176496014645526529,ballzy,https://adstransparency.google.com/advertiser/AR15589870916631265281/creative/CR02176496014645526529
Google Transparence Center,Zalando SE,CR16520090824977940481,ballzy,https://adstransparency.google.com/advertiser/AR15589870916631265281/creative/CR16520090824977940481
Google Transparence Center,Zalando SE,CR06475607009193361409,ballzy,https://adstransparency.google.com/advertiser/AR15589870916631265281/creative/CR06475607009193361409
Google Transparence Center,Zalando SE,CR15956988932793565185,ballzy,https://adstransparency.google.com/advertiser/AR15589870916631265281/creative/CR15956988932793565185
Google Transparence Center,Zalando SE,CR12076200726309634049,ballzy,https://adstransparency.google.com/advertiser/AR15589870916631265281/creative/CR12076200726309634049
Google Transparence Center,Zalando SE,CR04758823987306299393,ballzy,https://adstransparency.google.com/advertiser/AR15589870916631265281/creative/CR04758823987306299393
Google Transparence Center,Zalando SE,CR07234427468680003585,ballzy,https://adstransparency.google.com/advertiser/AR15589870916631265281/creative/CR07234427468680003585
Google Transparence Center,Zalando SE,CR17956901524592394241,ballzy,https://adstransparency.google.com/advertiser/AR15589870916631265281/creative/CR17956901524592394241
Google Transparence Center,Zalando SE,CR01054256261752684545,ballzy,https://adstransparency.google.com/advertiser/AR15589870916631265281/creative/CR01054256261752684545
Google Transparence Center,Zalando SE,CR11523546256173432833,ballzy,https://adstransparency.google.com/advertiser/AR15589870916631265281/creative/CR11523546256173432833
Google Transparence Center,Zalando SE,CR04539200250509787137,ballzy,https://adstransparency.google.com/advertiser/AR15589870916631265281/creative/CR04539200250509787137
Google Transparence Center,Zalando SE,CR01988971678008344577,ballzy,https://adstransparency.google.com/advertiser/AR15589870916631265281/creative/CR01988971678008344577
Google Transparence Center,Zalando SE,CR12398973462838771713,ballzy,https://adstransparency.google.com/advertiser/AR15589870916631265281/creative/CR12398973462838771713
Google Transparence Center,Zalando SE,CR00732080645936775169,ballzy,https://adstransparency.google.com/advertiser/AR15589870916631265281/creative/CR00732080645936775169
Google Transparence Center,Zalando SE,CR17704310357566160897,ballzy,https://adstransparency.google.com/advertiser/AR15589870916631265281/creative/CR17704310357566160897
Google Transparence Center,Zalando SE,CR09272410891108745217,ballzy,https://adstransparency.google.com/advertiser/AR15589870916631265281/creative/CR09272410891108745217
Meta Ads Library,reterra,9.06171E+14,liven,https://www.facebook.com/ads/archive/render_ad/?id=906170794786741&access_token=EAATnrmoQyC4BQPVFaEdvyWfH85nc9J1azy5Q3EZCsaaFpLOAG9mEhR1mfp8tmZAxRmBf2IRN553VRRdSaWWJUedu3OFNvLi6Jf9yHmQkSryfa7HC1lnTHUoDGLJFXNS38IeFpk3ZBBnLtpERHKOgzlznywHZAnzlGFoqmGcIcZBTiOgc4ybEkN3braKPoQgJuFpHi7zrs
Meta Ads Library,reterra,2.95959E+15,liven,https://www.facebook.com/ads/archive/render_ad/?id=2959594437549938&access_token=EAATnrmoQyC4BQPVFaEdvyWfH85nc9J1azy5Q3EZCsaaFpLOAG9mEhR1mfp8tmZAxRmBf2IRN553VRRdSaWWJUedu3OFNvLi6Jf9yHmQkSryfa7HC1lnTHUoDGLJFXNS38IeFpk3ZBBnLtpERHKOgzlznywHZAnzlGFoqmGcIcZBTiOgc4ybEkN3braKPoQgJuFpHi7zrs
Meta Ads Library,reterra,6.36615E+14,liven,https://www.facebook.com/ads/archive/render_ad/?id=636614576191016&access_token=EAATnrmoQyC4BQPVFaEdvyWfH85nc9J1azy5Q3EZCsaaFpLOAG9mEhR1mfp8tmZAxRmBf2IRN553VRRdSaWWJUedu3OFNvLi6Jf9yHmQkSryfa7HC1lnTHUoDGLJFXNS38IeFpk3ZBBnLtpERHKOgzlznywHZAnzlGFoqmGcIcZBTiOgc4ybEkN3braKPoQgJuFpHi7zrs
Meta Ads Library,reterra,6.99397E+14,liven,https://www.facebook.com/ads/archive/render_ad/?id=699397142412629&access_token=EAATnrmoQyC4BQPVFaEdvyWfH85nc9J1azy5Q3EZCsaaFpLOAG9mEhR1mfp8tmZAxRmBf2IRN553VRRdSaWWJUedu3OFNvLi6Jf9yHmQkSryfa7HC1lnTHUoDGLJFXNS38IeFpk3ZBBnLtpERHKOgzlznywHZAnzlGFoqmGcIcZBTiOgc4ybEkN3braKPoQgJuFpHi7zrs
Meta Ads Library,reterra,1.42082E+15,liven,https://www.facebook.com/ads/archive/render_ad/?id=1420822978916444&access_token=EAATnrmoQyC4BQPVFaEdvyWfH85nc9J1azy5Q3EZCsaaFpLOAG9mEhR1mfp8tmZAxRmBf2IRN553VRRdSaWWJUedu3OFNvLi6Jf9yHmQkSryfa7HC1lnTHUoDGLJFXNS38IeFpk3ZBBnLtpERHKOgzlznywHZAnzlGFoqmGcIcZBTiOgc4ybEkN3braKPoQgJuFpHi7zrs
Meta Ads Library,reterra,1.19632E+15,liven,https://www.facebook.com/ads/archive/render_ad/?id=1196323378319059&access_token=EAATnrmoQyC4BPMzpZA4IBb0SXjMybbBaZAh3iKJFNiqBkucCvHUYyM1BiCwvozXjYnUzV70MsLrmdHeuwc7AP6M1pTNVggvg26dRGuCPcLwocJVlHYvqWtVlXMEZCyJQ9Y3zwKqouOI04uO8fnKsUpYu8grmDccMwtbUzDYP5HhFqB3wYpyodE7lX5JU3qEUguRSkXO
Meta Ads Library,reterra,1.75558E+15,liven,https://www.facebook.com/ads/archive/render_ad/?id=1755581561966167&access_token=EAATnrmoQyC4BQPVFaEdvyWfH85nc9J1azy5Q3EZCsaaFpLOAG9mEhR1mfp8tmZAxRmBf2IRN553VRRdSaWWJUedu3OFNvLi6Jf9yHmQkSryfa7HC1lnTHUoDGLJFXNS38IeFpk3ZBBnLtpERHKOgzlznywHZAnzlGFoqmGcIcZBTiOgc4ybEkN3braKPoQgJuFpHi7zrs
Meta Ads Library,reterra,1.56665E+15,liven,https://www.facebook.com/ads/archive/render_ad/?id=1566651207835632&access_token=EAATnrmoQyC4BQptmsbNRdpMvgWhT9ZCeeMMlHDkxMXfJ2nK6fMZAk2p9lKk0ofSe3VJBPuz92dPfwiAVjmS2ZCoS7xLFsfFcl3R0EZAhf5ct7tPBlrxE7lxNtKKSRD4BlK1MAuYA7zjMuXKiS0o7eOkkQsTbvvT0TMpX7WoMajScg9PKRZBs3m5KGt4Um9A8HstpDdQRr
Meta Ads Library,reterra,1.11737E+15,liven,https://www.facebook.com/ads/archive/render_ad/?id=1117374157212347&access_token=EAATnrmoQyC4BQptmsbNRdpMvgWhT9ZCeeMMlHDkxMXfJ2nK6fMZAk2p9lKk0ofSe3VJBPuz92dPfwiAVjmS2ZCoS7xLFsfFcl3R0EZAhf5ct7tPBlrxE7lxNtKKSRD4BlK1MAuYA7zjMuXKiS0o7eOkkQsTbvvT0TMpX7WoMajScg9PKRZBs3m5KGt4Um9A8HstpDdQRr
Meta Ads Library,reterra,2.20094E+15,liven,https://www.facebook.com/ads/archive/render_ad/?id=2200938393720601&access_token=EAATnrmoQyC4BQPVFaEdvyWfH85nc9J1azy5Q3EZCsaaFpLOAG9mEhR1mfp8tmZAxRmBf2IRN553VRRdSaWWJUedu3OFNvLi6Jf9yHmQkSryfa7HC1lnTHUoDGLJFXNS38IeFpk3ZBBnLtpERHKOgzlznywHZAnzlGFoqmGcIcZBTiOgc4ybEkN3braKPoQgJuFpHi7zrs
Meta Ads Library,reterra,5.38099E+14,liven,https://www.facebook.com/ads/archive/render_ad/?id=538099185874956&access_token=EAATnrmoQyC4BPMzpZA4IBb0SXjMybbBaZAh3iKJFNiqBkucCvHUYyM1BiCwvozXjYnUzV70MsLrmdHeuwc7AP6M1pTNVggvg26dRGuCPcLwocJVlHYvqWtVlXMEZCyJQ9Y3zwKqouOI04uO8fnKsUpYu8grmDccMwtbUzDYP5HhFqB3wYpyodE7lX5JU3qEUguRSkXO
Google Transparence Center,sportland.lt (FCR Media AS),CR02543391130595098625,ballzy,https://adstransparency.google.com/advertiser/AR07605833202233507841/creative/CR02543391130595098625
Google Transparence Center,sportland.lt (FCR Media AS),CR18032017736640495617,,https://adstransparency.google.com/advertiser/AR07605833202233507841/creative/CR18032017736640495617
Google Transparence Center,sportland.lt (FCR Media AS),CR14728852380351201281,ballzy,https://adstransparency.google.com/advertiser/AR07605833202233507841/creative/CR14728852380351201281
Google Transparence Center,sportland.lt (FCR Media AS),CR10224234467774431233,ballzy,https://adstransparency.google.com/advertiser/AR07605833202233507841/creative/CR10224234467774431233
Google Transparence Center,sportland.lt (FCR Media AS),CR05989094073342885889,ballzy,https://adstransparency.google.com/advertiser/AR07605833202233507841/creative/CR05989094073342885889
Google Transparence Center,sportland.lt (FCR Media AS),CR02901923687521320961,,https://adstransparency.google.com/advertiser/AR07605833202233507841/creative/CR02901923687521320961
Google Transparence Center,sportland.lt (FCR Media AS),CR01673419056381689857,ballzy,https://adstransparency.google.com/advertiser/AR07605833202233507841/creative/CR01673419056381689857
Google Transparence Center,sportland.lt (FCR Media AS),CR12703959880801714177,ballzy,https://adstransparency.google.com/advertiser/AR07605833202233507841/creative/CR12703959880801714177
Google Transparence Center,sportland.lt (FCR Media AS),CR01144288981119139841,ballzy,https://adstransparency.google.com/advertiser/AR07605833202233507841/creative/CR01144288981119139841
Google Transparence Center,sportland.lt (FCR Media AS),CR13537504731059978241,ballzy,https://adstransparency.google.com/advertiser/AR07605833202233507841/creative/CR13537504731059978241
Google Transparence Center,sportland.lt (FCR Media AS),CR03713099025252089857,ballzy,https://adstransparency.google.com/advertiser/AR07605833202233507841/creative/CR03713099025252089857
Google Transparence Center,sportland.lt (FCR Media AS),CR09160802970466516993,ballzy,https://adstransparency.google.com/advertiser/AR07605833202233507841/creative/CR09160802970466516993
Google Transparence Center,sportland.lt (FCR Media AS),CR06775339917649117185,ballzy,https://adstransparency.google.com/advertiser/AR07605833202233507841/creative/CR06775339917649117185
Google Transparence Center,sportland.lt (FCR Media AS),CR10132851505179394049,ballzy,https://adstransparency.google.com/advertiser/AR07605833202233507841/creative/CR10132851505179394049
Google Transparence Center,sportland.lt (FCR Media AS),CR15714704802514468865,ballzy,https://adstransparency.google.com/advertiser/AR07605833202233507841/creative/CR15714704802514468865
Google Transparence Center,sportland.lt (FCR Media AS),CR17604511621302976513,ballzy,https://adstransparency.google.com/advertiser/AR07605833202233507841/creative/CR17604511621302976513
Google Transparence Center,sportland.lt (FCR Media AS),CR12315999298884993025,ballzy,https://adstransparency.google.com/advertiser/AR07605833202233507841/creative/CR12315999298884993025
Google Transparence Center,sportland.lt (FCR Media AS),CR10771163368547942401,ballzy,https://adstransparency.google.com/advertiser/AR07605833202233507841/creative/CR10771163368547942401
Google Transparence Center,sportland.lt (FCR Media AS),CR01213159314286444545,ballzy,https://adstransparency.google.com/advertiser/AR07605833202233507841/creative/CR01213159314286444545
